Date,Open,High,Low,Close,Volume
2003-08-04,1.12672,1.13734,1.12564,1.13523,1269311498.0474
2003-08-05,1.13518,1.13969,1.13054,1.13908,1283456511.7192
2003-08-06,1.13868,1.1425,1.13238,1.13364,1267238097.6567
2003-08-07,1.13375,1.14138,1.13173,1.1364,1272338220.7037
2003-08-08,1.13632,1.13774,1.12861,1.13053,1179078199.2191
2003-08-11,1.12882,1.13788,1.12615,1.13544,1332321011.7189999
2003-08-12,1.13535,1.13709,1.12659,1.12727,1340615119.141
2003-08-13,1.12724,1.13302,1.12169,1.13093,1352523990.2348
2003-08-14,1.13097,1.13365,1.12234,1.1265,1335924691.4068
2003-08-15,1.12629,1.12868,1.12396,1.12633,1207938908.2034
2003-08-17,1.12633,1.12675,1.12337,1.12614,68012800.78130001
2003-08-18,1.12601,1.12672,1.11221,1.11382,1353761214.8442001
2003-08-19,1.11377,1.1147,1.10534,1.11293,1338473804.6878
2003-08-20,1.11277,1.11397,1.10783,1.11084,1347231691.4067001
2003-08-21,1.11067,1.11088,1.08826,1.09295,1344975291.0161
2003-08-22,1.09287,1.09445,1.0835,1.08731,1243191488.2816
2003-08-24,1.08731,1.08731,1.08469,1.08551,92062101.5625
2003-08-25,1.08533,1.09169,1.07973,1.08265,1342775117.1877
2003-08-26,1.08269,1.0908,1.07911,1.08739,1340140089.8441
2003-08-27,1.08714,1.09288,1.08303,1.08512,1339286392.5785
2003-08-28,1.08491,1.09114,1.08082,1.08791,1345976218.7503
2003-08-29,1.08784,1.09964,1.08678,1.09817,1254845792.9693
2003-08-31,1.09817,1.09938,1.09794,1.09887,88392501.9531
2003-09-01,1.09882,1.10125,1.09487,1.09576,1204219607.4225
2003-09-02,1.09581,1.0961,1.07975,1.08022,1326004996.094
2003-09-03,1.08036,1.08715,1.07606,1.08167,1362868105.4691
2003-09-04,1.08164,1.09485,1.08075,1.09305,1348508611.3286
2003-09-05,1.09326,1.11116,1.0915,1.11019,1231784799.805
2003-09-07,1.11019,1.11043,1.10762,1.10892,98337197.2656
2003-09-08,1.10899,1.11282,1.10448,1.10653,1341294689.4536
2003-09-09,1.10657,1.1239,1.10514,1.12168,1363170480.4692001
2003-09-10,1.12169,1.12347,1.11608,1.11811,1364766785.1568
2003-09-11,1.11792,1.12695,1.11537,1.11831,1364460910.1568
2003-09-12,1.11816,1.13208,1.11329,1.12883,1249724199.2191
2003-09-14,1.12883,1.12883,1.12502,1.12748,90649898.4376
2003-09-15,1.12744,1.13082,1.12401,1.12766,1350359324.2191
2003-09-16,1.12765,1.13165,1.11523,1.11632,1345838671.8754
2003-09-17,1.11625,1.12989,1.11366,1.1275,1340349781.2503
2003-09-18,1.1275,1.13414,1.12246,1.12482,1338139416.0159
2003-09-19,1.12476,1.13823,1.12374,1.13762,1260608201.1721
2003-09-21,1.13762,1.14954,1.13762,1.14568,95800798.8282
2003-09-22,1.14542,1.15031,1.14124,1.14694,1352392687.5005
2003-09-23,1.1469,1.15233,1.1426,1.1438,1349430806.6408
2003-09-24,1.14377,1.15034,1.14262,1.14814,1351906177.7346
2003-09-25,1.14819,1.15321,1.14568,1.14667,1341406585.9379
2003-09-26,1.14673,1.14965,1.14385,1.14577,1244986710.9381
2003-09-28,1.14577,1.14656,1.14488,1.14593,91015500.0001
2003-09-29,1.14592,1.16366,1.13927,1.15753,1352743017.5786
2003-09-30,1.15756,1.17323,1.15717,1.16738,1347019593.7503
2003-10-01,1.1671,1.17327,1.16523,1.17151,1353190804.688
2003-10-02,1.17147,1.17668,1.16596,1.1676,1349787296.8755
2003-10-03,1.16764,1.17193,1.15487,1.1578,1258758621.0941
2003-10-05,1.1578,1.15943,1.15557,1.15893,86420000.0001
2003-10-06,1.15889,1.17212,1.15309,1.17121,1346179185.5472
2003-10-07,1.17128,1.18098,1.1696,1.17741,1337950910.1565
2003-10-08,1.17761,1.18399,1.17675,1.1821,1342844404.2972999
2003-10-09,1.18217,1.18588,1.1683,1.17344,1342475703.1256
2003-10-10,1.17325,1.18461,1.17012,1.17928,1237419224.6099
2003-10-12,1.17928,1.18138,1.17928,1.18103,79808199.2189
2003-10-13,1.18094,1.18113,1.16512,1.16904,1346379195.313
2003-10-14,1.169,1.17638,1.15803,1.17241,1337216292.9691
2003-10-15,1.17202,1.17431,1.15889,1.16171,1352444117.1877
2003-10-16,1.16172,1.16942,1.15721,1.15786,1332556501.9537
2003-10-17,1.15775,1.16823,1.15515,1.16782,1244838992.1879
2003-10-19,1.16782,1.1727,1.16782,1.16979,94603900.3907
2003-10-20,1.1696,1.16974,1.16,1.16264,1335044312.5004
2003-10-21,1.16268,1.16991,1.16152,1.1649,1336706812.5004
2003-10-22,1.16519,1.18276,1.16463,1.18177,1341201076.1724
2003-10-23,1.18166,1.18434,1.17546,1.18201,1339291611.3281
2003-10-24,1.18182,1.18546,1.17589,1.17767,1244182476.5628
2003-10-26,1.17767,1.17829,1.17628,1.1777,60921498.046900004
2003-10-27,1.17752,1.17805,1.1717,1.17347,1346951292.9692001
2003-10-28,1.17338,1.17383,1.16535,1.16629,1354644705.0785
2003-10-29,1.1663,1.1717,1.16554,1.16597,1327023099.6096
2003-10-30,1.16629,1.17536,1.16096,1.16225,1343465892.5788
2003-10-31,1.16228,1.16551,1.15615,1.15851,1287163589.8439999
2003-11-02,1.15851,1.15866,1.15713,1.1579,59183599.609400004
2003-11-03,1.15796,1.16177,1.14264,1.14547,1348210509.7661
2003-11-04,1.14544,1.15118,1.14244,1.14722,1347965207.0316
2003-11-05,1.1471,1.14956,1.14118,1.14239,1341507728.5161
2003-11-06,1.14251,1.14614,1.13873,1.14081,1344918693.3597
2003-11-07,1.14075,1.15414,1.13769,1.15269,1302944990.2346
2003-11-09,1.15269,1.15269,1.14941,1.15031,58413099.609400004
2003-11-10,1.15028,1.15337,1.14418,1.14494,1348165101.5628
2003-11-11,1.14465,1.15294,1.14416,1.15056,1338472003.9067001
2003-11-12,1.15066,1.16589,1.15024,1.16462,1347272314.4535
2003-11-13,1.16447,1.17503,1.16305,1.17374,1363074707.0318
2003-11-14,1.17367,1.18006,1.17289,1.17732,1292357714.8439
2003-11-16,1.17732,1.18334,1.17732,1.1829,65156199.2188
2003-11-17,1.18271,1.18474,1.17234,1.17462,1358689509.7659
2003-11-18,1.17462,1.19727,1.17319,1.19537,1357378583.9849
2003-11-19,1.19556,1.19767,1.18699,1.18929,1354826607.4222
2003-11-20,1.18919,1.19543,1.18808,1.1899,1360667394.5318
2003-11-21,1.18993,1.19369,1.18553,1.19126,1294958187.5002
2003-11-23,1.19126,1.19126,1.18996,1.19064,54652898.4376
2003-11-24,1.19097,1.19167,1.17544,1.17807,1337171500.0003
2003-11-25,1.17805,1.18175,1.17509,1.17741,1348085884.7657
2003-11-26,1.17766,1.1947,1.17732,1.19255,1356713003.9067001
2003-11-27,1.19274,1.19362,1.18821,1.19104,1342401806.6411
2003-11-28,1.19101,1.20129,1.18959,1.19902,1283031910.1565
2003-11-30,1.19902,1.20297,1.19643,1.2027,63749798.8282
2003-12-01,1.20283,1.20392,1.19354,1.19596,1370018500.0004
2003-12-02,1.19572,1.21111,1.19391,1.20835,1348560601.5629
2003-12-03,1.20839,1.21255,1.20683,1.21122,1350222787.1098
2003-12-04,1.21112,1.21533,1.20286,1.20724,1349407998.0473
2003-12-05,1.20721,1.21767,1.20601,1.21634,1278248292.9691
2003-12-07,1.21634,1.21762,1.21581,1.21652,60185201.171900004
2003-12-08,1.2163,1.22376,1.21466,1.22152,1353890484.3755
2003-12-09,1.22157,1.22735,1.21851,1.22443,1346106888.6724
2003-12-10,1.22438,1.22639,1.21511,1.21852,1349414775.391
2003-12-11,1.21869,1.22321,1.21113,1.22226,1360462005.8598
2003-12-12,1.22187,1.23047,1.22056,1.2273,1289667507.8129
2003-12-14,1.2273,1.2273,1.21273,1.21841,65187000.0001
2003-12-15,1.21842,1.23216,1.21694,1.23098,1343654593.7503
2003-12-16,1.23094,1.23584,1.22984,1.23169,1346760396.4846
2003-12-17,1.23167,1.24198,1.22939,1.23978,1365885105.4692
2003-12-18,1.23957,1.24369,1.23571,1.24179,1344893203.1254
2003-12-19,1.24164,1.24311,1.23408,1.23713,1280362494.1411
2003-12-21,1.23713,1.24044,1.23468,1.23527,63399000.0
2003-12-22,1.23503,1.24447,1.23497,1.2392,1341708390.6252
2003-12-23,1.23909,1.24239,1.23803,1.2395,1337819308.5942001
2003-12-24,1.2395,1.24688,1.23929,1.24525,1316542486.3286
2003-12-25,1.24453,1.24608,1.24324,1.24432,910164506.8362
2003-12-26,1.24425,1.24676,1.24191,1.24246,1256263312.5004
2003-12-28,1.24246,1.2434,1.24214,1.24294,57698500.0
2003-12-29,1.24258,1.25058,1.24212,1.24793,1332634986.3286
2003-12-30,1.24805,1.25603,1.24742,1.2545,1347303095.7036
2003-12-31,1.25429,1.26455,1.25119,1.2594,1269559990.9673
2004-01-01,1.25934,1.26035,1.24679,1.25723,559789598.9687
2004-01-02,1.25701,1.26263,1.25198,1.25806,1277971416.0161
2004-01-04,1.25806,1.26477,1.25785,1.26308,61895597.6563
2004-01-05,1.26308,1.26924,1.26288,1.2682,1353480509.7661
2004-01-06,1.2682,1.28083,1.2665,1.2714,1354807402.3441
2004-01-07,1.27145,1.27404,1.26168,1.26367,1345832996.0944
2004-01-08,1.26353,1.27839,1.25576,1.27686,1348587496.0939999
2004-01-09,1.27682,1.28665,1.27021,1.28123,1274567894.5318
2004-01-11,1.28123,1.28559,1.28123,1.28467,59505000.0
2004-01-12,1.28482,1.28956,1.27306,1.2738,1341146599.6098
2004-01-13,1.27352,1.27947,1.27114,1.27826,1347248208.9849
2004-01-14,1.27834,1.2785,1.26276,1.26504,1338836289.063
2004-01-15,1.26501,1.26693,1.25562,1.25937,1359077611.3285
2004-01-16,1.25947,1.26071,1.23494,1.23936,1277853714.8442
2004-01-18,1.23936,1.24002,1.23637,1.23822,65886398.4376
2004-01-19,1.23817,1.24226,1.23323,1.23493,1338577185.5473
2004-01-20,1.2349,1.25977,1.23411,1.25812,1348920679.688
2004-01-21,1.25792,1.26695,1.25488,1.26529,1352647603.5159001
2004-01-22,1.26541,1.27475,1.26349,1.27184,1350262718.7503
2004-01-23,1.27195,1.27732,1.25621,1.25781,1287883386.7192
2004-01-25,1.25781,1.25857,1.25606,1.2567,58858400.390599996
2004-01-26,1.25661,1.26095,1.24542,1.24824,1361808398.4379
2004-01-27,1.24834,1.26608,1.24391,1.26318,1316358205.0785
2004-01-28,1.26337,1.26415,1.24113,1.24345,1344328498.0474
2004-01-29,1.24349,1.25252,1.23607,1.2405,1334867812.5006
2004-01-30,1.24037,1.24897,1.23491,1.24731,1294345111.3286
2004-02-01,1.24731,1.24848,1.24662,1.24721,63709501.953099996
2004-02-02,1.24704,1.24792,1.23882,1.2427,1347688509.7662
2004-02-03,1.24272,1.25967,1.24124,1.25417,1353303982.4222
2004-02-04,1.25392,1.25593,1.24919,1.25354,1355069685.5473
2004-02-05,1.25325,1.26348,1.25157,1.25643,1354204578.1255
2004-02-06,1.25654,1.27226,1.251,1.27,1287807113.2817
2004-02-08,1.27,1.27,1.25963,1.26429,65311900.3907
2004-02-09,1.2645,1.27589,1.26441,1.26872,1365285697.2662
2004-02-10,1.26875,1.27848,1.26649,1.26789,1369272496.094
2004-02-11,1.26783,1.2843,1.26482,1.2825,1363432689.4536
2004-02-12,1.28227,1.28432,1.27873,1.28148,1359120177.7347
2004-02-13,1.28112,1.28898,1.27135,1.27305,1299378107.4222
2004-02-15,1.27305,1.27441,1.2721,1.27252,64801097.6563
2004-02-16,1.27267,1.2787,1.27139,1.27589,1347337406.2505
2004-02-17,1.27594,1.28751,1.27533,1.28558,1369595679.6878
2004-02-18,1.28548,1.29247,1.26561,1.27246,1356747111.3284
2004-02-19,1.27243,1.27643,1.26516,1.27492,1346864406.2505
2004-02-20,1.27525,1.27579,1.24928,1.25319,1294776109.3753
2004-02-22,1.25319,1.25319,1.25029,1.25063,66684498.046900004
2004-02-23,1.25026,1.25932,1.24494,1.25651,1363891515.6254
2004-02-24,1.25663,1.27115,1.25203,1.26713,1346989005.8599
2004-02-25,1.2671,1.27039,1.24716,1.24955,1365991308.5941
2004-02-26,1.24939,1.25129,1.23826,1.24409,1340622414.063
2004-02-27,1.24393,1.25049,1.23718,1.24887,1286226310.5473
2004-02-29,1.24887,1.25315,1.24726,1.25297,63422500.0001
2004-03-01,1.253,1.25398,1.24215,1.24431,1350250691.4065
2004-03-02,1.24432,1.24489,1.21938,1.21976,1360707503.907
2004-03-03,1.2197,1.22158,1.20546,1.21874,1345327312.5004
2004-03-04,1.21877,1.2238,1.21334,1.21984,1348738994.1412
2004-03-05,1.21978,1.24275,1.21731,1.23642,1284502703.1253
2004-03-07,1.23642,1.23865,1.23552,1.23609,63020900.390599996
2004-03-08,1.23604,1.2423,1.23359,1.24182,1360753998.0474
2004-03-09,1.24182,1.24573,1.22716,1.23138,1357455902.3442
2004-03-10,1.23145,1.23282,1.21946,1.22271,1355033001.9535
2004-03-11,1.22256,1.23831,1.2162,1.23448,1356225810.5472
2004-03-12,1.23425,1.23519,1.21707,1.22145,1285258205.0785
2004-03-14,1.22145,1.22171,1.21815,1.22099,62511201.171900004
2004-03-15,1.22088,1.23154,1.22013,1.22645,1357185804.6878
2004-03-16,1.22645,1.23695,1.22295,1.22545,1359962273.438
2004-03-17,1.22542,1.2287,1.2173,1.22215,1341499906.2505
2004-03-18,1.2221,1.24315,1.22184,1.23819,1352578019.5317
2004-03-19,1.23825,1.24058,1.2254,1.22829,1286930902.3441
2004-03-21,1.22829,1.22829,1.22657,1.2273,64255201.171900004
2004-03-22,1.22733,1.23983,1.22189,1.23385,1362257982.4222
2004-03-23,1.234,1.23678,1.22628,1.23379,1361544005.8596
2004-03-24,1.2337,1.23653,1.21027,1.2133,1362608796.8754
2004-03-25,1.21334,1.21987,1.20962,1.21324,1365256591.7973
2004-03-26,1.21324,1.22083,1.20733,1.21272,1301404994.1406999
2004-03-28,1.21272,1.21403,1.21033,1.21146,65509298.828099996
2004-03-29,1.21141,1.21668,1.20559,1.21558,1350203302.7347
2004-03-30,1.21543,1.22263,1.21534,1.21774,1307247677.7347
2004-03-31,1.2177,1.23203,1.21682,1.23016,1357457796.8755
2004-04-01,1.22994,1.23862,1.22532,1.23526,1365750107.4221
2004-04-02,1.23527,1.23677,1.20978,1.21305,1291025214.8439
2004-04-04,1.21305,1.21305,1.20936,1.21021,96248099.6094
2004-04-05,1.2099,1.21263,1.19808,1.20074,1375911187.5003
2004-04-06,1.20086,1.21419,1.19802,1.21197,1359877394.5318
2004-04-07,1.21189,1.21966,1.20472,1.21656,1363471195.3131
2004-04-08,1.2165,1.22166,1.20574,1.20738,1355090396.4846
2004-04-09,1.20731,1.21104,1.20607,1.20858,1186229607.4222999
2004-04-11,1.20858,1.20922,1.20667,1.20683,81998800.78130001
2004-04-12,1.20726,1.20956,1.2049,1.20731,1337788486.3285
2004-04-13,1.2073,1.20808,1.19021,1.1924,1331098197.2661
2004-04-14,1.19248,1.19739,1.18678,1.19383,1376461406.2503
2004-04-15,1.19407,1.1992,1.1891,1.19727,1374690808.5943
2004-04-16,1.19732,1.20442,1.1921,1.19886,1270148494.1409001
2004-04-18,1.19886,1.20261,1.19886,1.20123,94743201.1719
2004-04-19,1.20132,1.20756,1.19952,1.20022,1352479886.7191
2004-04-20,1.20049,1.20089,1.18198,1.18271,1362834597.6567
2004-04-21,1.18272,1.19111,1.17758,1.17937,1359517126.9535
2004-04-22,1.17941,1.19401,1.17913,1.19227,1366570875.0007
2004-04-23,1.19223,1.19262,1.17935,1.18415,1253971986.3287
2004-04-25,1.18415,1.18415,1.17799,1.17893,96851000.0001
2004-04-26,1.17908,1.1884,1.17573,1.18606,1354695408.2035
2004-04-27,1.18602,1.19456,1.18302,1.19238,1354666095.7037
2004-04-28,1.19212,1.19496,1.182,1.18232,1359561820.3128
2004-04-29,1.18257,1.19841,1.18027,1.19538,1374761517.5784001
2004-04-30,1.19547,1.20089,1.19185,1.1977,1259142406.2503
2004-05-02,1.19827,1.2,1.19745,1.19837,96030400.3907
2004-05-03,1.19844,1.19934,1.19189,1.19336,1358936416.0158
2004-05-04,1.19309,1.21173,1.19284,1.21049,1348087906.2507
2004-05-05,1.21052,1.21786,1.20998,1.21584,1362100599.6099
2004-05-06,1.21604,1.21734,1.20625,1.20685,1370209205.0786
2004-05-07,1.20684,1.21313,1.1874,1.18782,1261179179.6878
2004-05-09,1.18782,1.18936,1.1858,1.18602,98786101.5626
2004-05-10,1.18619,1.18785,1.18103,1.18631,1360349294.9221
2004-05-11,1.18658,1.18885,1.17869,1.18752,1354748808.5942
2004-05-12,1.18752,1.19402,1.18322,1.19092,1374317210.938
2004-05-13,1.19081,1.19294,1.17708,1.18015,1374528808.5943
2004-05-14,1.18023,1.19007,1.17806,1.18825,1271208189.4533
2004-05-16,1.18825,1.18958,1.18758,1.18799,94551201.1719
2004-05-17,1.18838,1.2058,1.18782,1.20364,1358104906.2503
2004-05-18,1.20349,1.20358,1.19272,1.19397,1370785402.344
2004-05-19,1.19429,1.20409,1.19381,1.19997,1365915197.2661
2004-05-20,1.20001,1.20127,1.18942,1.19544,1371075914.0629
2004-05-21,1.19542,1.20679,1.1953,1.19801,1268521197.2659001
2004-05-23,1.19801,1.20021,1.19782,1.19897,97363500.0001
2004-05-24,1.19899,1.20231,1.19324,1.19926,1366705199.2192
2004-05-25,1.19924,1.21263,1.19888,1.21077,1366979205.0787
2004-05-26,1.21082,1.21422,1.20814,1.20992,1351294912.1097
2004-05-27,1.21,1.22884,1.20867,1.22695,1362757193.3599
2004-05-28,1.22714,1.22956,1.22002,1.22118,1259306316.4066
2004-05-30,1.22118,1.22529,1.22118,1.22299,97281000.0001
2004-05-31,1.22307,1.22362,1.21722,1.21765,1134711496.0942
2004-06-01,1.21772,1.22657,1.21543,1.22408,1382109810.5473
2004-06-02,1.22415,1.2303,1.2203,1.22117,1376524404.2973
2004-06-03,1.22137,1.22496,1.2168,1.22105,1365369523.4379
2004-06-04,1.22105,1.22997,1.21395,1.22817,1264208294.9222
2004-06-06,1.22817,1.23339,1.22742,1.23253,98967199.21880001
2004-06-07,1.23269,1.23373,1.22992,1.23107,1362277996.0941
2004-06-08,1.2313,1.235,1.22434,1.22654,1358450683.5941
2004-06-09,1.22666,1.22716,1.20225,1.20309,1367077187.5003
2004-06-10,1.20324,1.21179,1.20276,1.20868,1347181984.3753
2004-06-11,1.20855,1.20877,1.19624,1.20038,1272784296.8753
2004-06-13,1.20038,1.20038,1.196,1.1976,98037400.3907
2004-06-14,1.19745,1.20872,1.19512,1.20621,1354963021.4848
2004-06-15,1.20632,1.21694,1.20254,1.21498,1374126087.8908
2004-06-16,1.21465,1.21677,1.19787,1.20022,1359887791.0159001
2004-06-17,1.20035,1.20769,1.19901,1.20351,1366219994.1409
2004-06-18,1.20311,1.21467,1.19725,1.21343,1269118216.7972
2004-06-20,1.21343,1.2145,1.21287,1.21289,95521498.047
2004-06-21,1.21305,1.21441,1.20749,1.21172,1348038796.8755
2004-06-22,1.21152,1.21306,1.20652,1.21062,1363591816.4066
2004-06-23,1.2105,1.21911,1.20624,1.20793,1371745697.2659001
2004-06-24,1.2075,1.21889,1.2038,1.21677,1352296408.2035
2004-06-25,1.21685,1.21781,1.21062,1.2172,1255041306.6411
2004-06-27,1.2172,1.21816,1.21634,1.21659,99577000.0001
2004-06-28,1.21641,1.22268,1.21209,1.21874,1358848908.2034
2004-06-29,1.21848,1.21865,1.20646,1.20869,1347315189.4535
2004-06-30,1.20849,1.22078,1.2063,1.21997,1354017509.766
2004-07-01,1.21987,1.22068,1.21319,1.21618,1349128910.1566
2004-07-02,1.21629,1.23271,1.21416,1.23105,1267841609.3754
2004-07-04,1.23105,1.2335,1.23093,1.23254,97841000.0
2004-07-05,1.23279,1.23304,1.22654,1.23033,1349995906.2505
2004-07-06,1.23027,1.2329,1.22638,1.22956,1346328494.141
2004-07-07,1.22934,1.23879,1.22715,1.23749,1348843910.1567
2004-07-08,1.23742,1.24042,1.23386,1.23893,1345642802.7349
2004-07-09,1.23877,1.2422,1.23677,1.24104,1251415507.8128
2004-07-11,1.24104,1.2418,1.24016,1.24151,98907298.8282
2004-07-12,1.24146,1.2435,1.23795,1.23943,1353257591.7972
2004-07-13,1.23934,1.23958,1.22979,1.23247,1364854501.9535
2004-07-14,1.23235,1.24201,1.23173,1.23857,1363202988.2817001
2004-07-15,1.23855,1.23861,1.23255,1.23518,1355117291.0158
2004-07-16,1.23505,1.24579,1.23269,1.24518,1242506498.047
2004-07-18,1.24518,1.24602,1.24355,1.24521,97029101.5625
2004-07-19,1.24509,1.24609,1.23975,1.24271,1354528902.3443
2004-07-20,1.24256,1.24536,1.22981,1.23184,1343293605.4691
2004-07-21,1.23171,1.2348,1.22089,1.22572,1380497005.8595
2004-07-22,1.22556,1.22911,1.22279,1.22566,1361575904.2973
2004-07-23,1.2254,1.22673,1.20859,1.20897,1259249892.5783
2004-07-25,1.20897,1.21157,1.20895,1.21046,97514500.0
2004-07-26,1.21067,1.21699,1.20853,1.21321,1341121498.0472
2004-07-27,1.21327,1.2189,1.20338,1.2063,1346516210.9379
2004-07-28,1.20629,1.2078,1.19972,1.20484,1362384595.7036
2004-07-29,1.20509,1.20932,1.19912,1.20361,1345975898.438
2004-07-30,1.20349,1.21183,1.19997,1.20165,1253104507.813
2004-08-01,1.20135,1.20757,1.20135,1.20565,96598199.21880001
2004-08-02,1.20563,1.20928,1.20128,1.202,1367694000.0002
2004-08-03,1.20207,1.20751,1.19941,1.20522,1361830390.6254
2004-08-04,1.20547,1.20659,1.19695,1.20559,1356724707.0316
2004-08-05,1.20546,1.20727,1.20189,1.20554,1348480412.1097
2004-08-06,1.20525,1.229,1.20431,1.22784,1261499103.5159
2004-08-08,1.22784,1.22883,1.22622,1.22725,96681798.8282
2004-08-09,1.22697,1.22885,1.22444,1.22642,1343911892.5785
2004-08-10,1.2264,1.23179,1.22191,1.22334,1356356375.0004
2004-08-11,1.22339,1.22497,1.21937,1.22271,1345909896.4847
2004-08-12,1.22234,1.22948,1.22186,1.22354,1352254005.8598
2004-08-13,1.22347,1.23754,1.2175,1.23704,1262508806.6409
2004-08-15,1.23704,1.23826,1.23668,1.23707,98619701.1719
2004-08-16,1.23717,1.2378,1.23158,1.23555,1344901707.0314999
2004-08-17,1.23554,1.23845,1.23096,1.23485,1357538921.8756
2004-08-18,1.23482,1.23642,1.22847,1.23376,1354802384.7662
2004-08-19,1.23347,1.23781,1.23305,1.23624,1358120703.1253
2004-08-20,1.23639,1.23804,1.22791,1.23153,1261334521.4846
2004-08-22,1.23153,1.23231,1.22955,1.23099,93507998.047
2004-08-23,1.23124,1.2314,1.21298,1.21486,1348136984.3755
2004-08-24,1.21479,1.21656,1.20583,1.20701,1344214003.9067
2004-08-25,1.20702,1.21156,1.20504,1.20784,1355827396.4846
2004-08-26,1.20764,1.21157,1.2045,1.21069,1345860708.9847
2004-08-27,1.21047,1.21343,1.20009,1.20074,1262463197.2661
2004-08-29,1.20074,1.20174,1.20007,1.20086,95193298.8282
2004-08-30,1.20071,1.2067,1.19849,1.20458,1354207890.6254
2004-08-31,1.20439,1.21934,1.2043,1.21768,1351285390.6254
2004-09-01,1.21738,1.22198,1.21461,1.21879,1356002611.3284001
2004-09-02,1.21883,1.2199,1.21392,1.21656,1340557484.3752
2004-09-03,1.21647,1.21917,1.20399,1.20558,1240161705.0786
2004-09-05,1.20558,1.20688,1.20501,1.20652,90363300.78130001
2004-09-06,1.20641,1.20783,1.20449,1.2064,1346766599.6098
2004-09-07,1.20624,1.21112,1.20508,1.2085,1344433279.2973
2004-09-08,1.20835,1.21914,1.20242,1.21804,1335372708.9849
2004-09-09,1.21792,1.22481,1.21575,1.22326,1340710207.0316
2004-09-10,1.22317,1.23069,1.21974,1.22572,1246243617.1878
2004-09-12,1.22572,1.22842,1.22568,1.22824,94848000.0001
2004-09-13,1.22813,1.22865,1.22215,1.22643,1341837310.5471
2004-09-14,1.22649,1.22938,1.22236,1.22481,1350486509.766
2004-09-15,1.22477,1.22593,1.21323,1.21463,1343742714.844
2004-09-16,1.21455,1.21971,1.21192,1.21835,1348453095.7036
2004-09-17,1.2183,1.22215,1.21555,1.21846,1247941208.9847
2004-09-19,1.21846,1.21846,1.21576,1.21654,93615000.0001
2004-09-20,1.21647,1.21784,1.21212,1.2172,1337795980.4691
2004-09-21,1.21699,1.23459,1.21663,1.23235,1346429992.188
2004-09-22,1.23236,1.23297,1.22277,1.22657,1352815814.4536
2004-09-23,1.22664,1.2332,1.22514,1.22756,1342273007.8129
2004-09-24,1.22745,1.23595,1.22363,1.22723,1246763103.5159
2004-09-26,1.22723,1.22855,1.22647,1.22751,98863298.8281
2004-09-27,1.22725,1.2314,1.22449,1.22999,1353443306.6409
2004-09-28,1.22986,1.23462,1.22766,1.23128,1355436802.7348
2004-09-29,1.23118,1.23383,1.22874,1.23271,1338026197.266
2004-09-30,1.23277,1.24427,1.23126,1.24261,1357420087.8911
2004-10-01,1.24233,1.24328,1.23822,1.24135,1248803587.8911
2004-10-03,1.24135,1.24135,1.23789,1.23871,95102199.2189
2004-10-04,1.2387,1.23907,1.22561,1.22801,1350751896.4849
2004-10-05,1.22827,1.23281,1.22607,1.2315,1348271681.6408
2004-10-06,1.23145,1.23219,1.22455,1.22841,1341129781.2503
2004-10-07,1.22847,1.23125,1.22698,1.2295,1354057201.1724
2004-10-08,1.22954,1.24317,1.22812,1.24062,1248181105.4691
2004-10-10,1.24062,1.24209,1.24021,1.24077,89764701.1719
2004-10-11,1.24085,1.24157,1.23671,1.23736,1353190208.9848
2004-10-12,1.23704,1.23726,1.2286,1.23155,1343132902.3441
2004-10-13,1.23144,1.23549,1.22257,1.23392,1347219806.6409001
2004-10-14,1.2339,1.24178,1.23196,1.2385,1340954292.969
2004-10-15,1.23804,1.24987,1.23788,1.24655,1237553789.0627
2004-10-17,1.24655,1.24846,1.24655,1.24819,95255701.172
2004-10-18,1.24795,1.25328,1.24592,1.24808,1349976687.5002
2004-10-19,1.24767,1.25249,1.24488,1.2511,1342743597.6569
2004-10-20,1.25077,1.2627,1.24855,1.25788,1344129980.4693
2004-10-21,1.25782,1.2648,1.25729,1.26108,1353623292.9691
2004-10-22,1.26107,1.2685,1.25981,1.26812,1254043412.1098
2004-10-24,1.26812,1.27407,1.26812,1.27366,98380099.6095
2004-10-25,1.2734,1.28276,1.27318,1.27845,1337528986.3286
2004-10-26,1.27846,1.284,1.27244,1.27487,1338914708.9848
2004-10-27,1.27462,1.28108,1.2691,1.2692,1338373486.3286
2004-10-28,1.26927,1.27649,1.26405,1.27447,1334393919.922
2004-10-29,1.27436,1.27957,1.27079,1.27942,1237805089.8438
2004-10-31,1.27942,1.28298,1.27942,1.28243,63247599.609400004
2004-11-01,1.2822,1.28253,1.27164,1.27411,1344146392.5788
2004-11-02,1.274,1.27471,1.26634,1.27134,1334539492.1876001
2004-11-03,1.27157,1.28294,1.26575,1.28209,1346166582.0315
2004-11-04,1.28205,1.28954,1.27898,1.28693,1338357998.0472
2004-11-05,1.28685,1.29709,1.27545,1.29607,1265489283.2035
2004-11-07,1.29607,1.29725,1.29548,1.29606,64254398.4376
2004-11-08,1.29601,1.29841,1.29021,1.29076,1335383001.9533
2004-11-09,1.29029,1.29372,1.28842,1.28949,1336967984.3756
2004-11-10,1.28921,1.30014,1.28496,1.28803,1315779882.8127
2004-11-11,1.28804,1.29181,1.28577,1.29042,1336649296.8756
2004-11-12,1.2904,1.2987,1.28741,1.29712,1275007394.5318
2004-11-14,1.29712,1.29887,1.29644,1.29856,62353800.7813
2004-11-15,1.29834,1.29969,1.29154,1.29339,1344811392.5785
2004-11-16,1.29336,1.29915,1.29163,1.29567,1339285992.188
2004-11-17,1.29587,1.30448,1.29487,1.30324,1347522302.7347
2004-11-18,1.30341,1.30715,1.29381,1.29456,1328719607.4223
2004-11-19,1.2943,1.3066,1.29372,1.30199,1274922892.5785
2004-11-21,1.30199,1.30483,1.30176,1.30203,63254298.8282
2004-11-22,1.30193,1.30505,1.3012,1.30356,1333518914.063
2004-11-23,1.30357,1.3101,1.29758,1.30973,1340502986.3286
2004-11-24,1.30957,1.31879,1.30814,1.31724,1338590093.7505
2004-11-25,1.31743,1.32794,1.31602,1.32536,1332947693.3596
2004-11-26,1.32551,1.33278,1.31847,1.32926,1248660603.516
2004-11-28,1.32926,1.32926,1.32628,1.32669,61385298.8282
2004-11-29,1.32656,1.33033,1.32281,1.32601,1323155380.8598
2004-11-30,1.32596,1.33297,1.32297,1.32937,1318856316.4067001
2004-12-01,1.32909,1.33544,1.32734,1.33436,1325066683.5941
2004-12-02,1.33435,1.33806,1.32359,1.32566,1327824916.016
2004-12-03,1.32564,1.34592,1.32501,1.34479,1265403906.2504
2004-12-05,1.34479,1.3452,1.34344,1.34458,59470599.609400004
2004-12-06,1.34433,1.34538,1.33862,1.33932,1312248800.7815
2004-12-07,1.33912,1.34681,1.33891,1.34264,1329332617.188
2004-12-08,1.34268,1.34295,1.31924,1.33429,1321508603.5162
2004-12-09,1.33426,1.33577,1.32499,1.33008,1329242675.7817
2004-12-10,1.32974,1.33002,1.31391,1.32214,1252076619.1413
2004-12-12,1.32214,1.32285,1.31871,1.32188,60856298.8282
2004-12-13,1.32196,1.33247,1.32135,1.33148,1328048091.7974
2004-12-14,1.3315,1.33304,1.3258,1.33026,1329415400.3912
2004-12-15,1.33027,1.34415,1.32592,1.33993,1324396208.9849
2004-12-16,1.33986,1.3427,1.31917,1.32491,1333438482.4221
2004-12-17,1.3247,1.33148,1.32259,1.33049,1265429390.6254
2004-12-19,1.33049,1.3339,1.32964,1.33088,63180300.7813
2004-12-20,1.33101,1.3407,1.32945,1.33875,1322509699.2189
2004-12-21,1.33874,1.34062,1.33364,1.33637,1333467099.6096
2004-12-22,1.33634,1.3402,1.3341,1.33866,1322939974.6099
2004-12-23,1.33872,1.35145,1.33784,1.35069,1342817707.0316
2004-12-24,1.35045,1.35455,1.34821,1.3529,1264401285.1566
2004-12-26,1.3529,1.35323,1.35173,1.35229,58958800.7813
2004-12-27,1.35231,1.36374,1.3511,1.36194,1318668398.4376
2004-12-28,1.36187,1.36415,1.35725,1.35902,1327182791.0159
2004-12-29,1.35899,1.36448,1.35557,1.36032,1315343691.4066
2004-12-30,1.36028,1.36649,1.3573,1.36212,1312024390.6254
2004-12-31,1.36211,1.36581,1.35027,1.35523,1052681896.4849
2005-01-02,1.35523,1.35771,1.35456,1.35761,61146699.2188
2005-01-03,1.35772,1.35777,1.33856,1.34624,1324418687.5004
2005-01-04,1.34649,1.34931,1.32493,1.32778,1332732910.1569
2005-01-05,1.32788,1.33004,1.32147,1.32731,1321343593.7505
2005-01-06,1.32757,1.32765,1.31539,1.31782,1333010605.4692
2005-01-07,1.3178,1.32479,1.30234,1.30505,1265563400.3912
2005-01-09,1.30505,1.30722,1.30476,1.30706,62263101.5626
2005-01-10,1.30719,1.31203,1.30552,1.31047,1318538191.4066
2005-01-11,1.31056,1.3169,1.30971,1.31125,1324920306.6411
2005-01-12,1.31125,1.32908,1.30813,1.32552,1316044294.9224
2005-01-13,1.32547,1.32639,1.31918,1.32063,1320041408.2034
2005-01-14,1.32065,1.32082,1.30556,1.31078,1265683017.5784
2005-01-16,1.31078,1.31142,1.30944,1.30949,59744000.0001
2005-01-17,1.30953,1.3126,1.30332,1.30449,1322326886.7192
2005-01-18,1.30464,1.3072,1.29928,1.30125,832553509.2777
2005-01-19,1.30124,1.3116,1.29633,1.29973,1313855919.9223
2005-01-20,1.29984,1.30214,1.29241,1.29596,1314876812.5004
2005-01-21,1.29582,1.3066,1.29197,1.30373,1265140191.4066
2005-01-23,1.30373,1.30472,1.30336,1.30371,61310398.4376
2005-01-24,1.30374,1.30966,1.30267,1.30347,1321099611.3284
2005-01-25,1.30364,1.30741,1.29436,1.29664,1315600414.0628
2005-01-26,1.29659,1.31065,1.29634,1.30734,1322500712.8911
2005-01-27,1.30737,1.31209,1.30089,1.30359,1329485908.2036
2005-01-28,1.3037,1.30776,1.29838,1.30334,1256274605.4691
2005-01-30,1.30334,1.30351,1.30039,1.30185,61335201.171900004
2005-01-31,1.30189,1.30568,1.29752,1.30463,1330072298.8285
2005-02-01,1.30458,1.30627,1.29956,1.30374,1327458292.969
2005-02-02,1.30441,1.30912,1.30039,1.30291,1326145896.4848
2005-02-03,1.30273,1.30349,1.294,1.29668,1324250207.0316
2005-02-04,1.29655,1.30367,1.2845,1.28664,1264389388.6721
2005-02-06,1.28664,1.28664,1.28472,1.28504,62017699.2188
2005-02-07,1.28508,1.28627,1.27311,1.27592,1323582115.2349
2005-02-08,1.27577,1.27961,1.27299,1.27679,1325102390.6256
2005-02-09,1.27665,1.28129,1.27323,1.28089,1320764394.5317
2005-02-10,1.2807,1.29033,1.27359,1.28721,1331353507.8129
2005-02-11,1.28724,1.28941,1.28422,1.2862,1253717410.1564
2005-02-13,1.2862,1.2886,1.2862,1.28826,59801699.2188
2005-02-14,1.2879,1.29877,1.28776,1.29658,1336044794.9223
2005-02-15,1.29672,1.3048,1.29432,1.30104,1330124507.8129
2005-02-16,1.30105,1.30608,1.29573,1.30194,1331507412.1097
2005-02-17,1.30207,1.30882,1.3012,1.30705,1328764306.641
2005-02-18,1.307,1.30813,1.30128,1.30699,1260354312.5002
2005-02-20,1.30699,1.30699,1.30396,1.30659,59627300.7813
2005-02-21,1.30658,1.30764,1.30303,1.30605,1305964710.9378
2005-02-22,1.30608,1.3267,1.30504,1.32569,1332764212.8909001
2005-02-23,1.32545,1.32731,1.31843,1.31992,1332007894.5316
2005-02-24,1.31987,1.32682,1.31519,1.31773,1316262896.4847
2005-02-25,1.31787,1.32468,1.31432,1.32423,1259069201.1722
2005-02-27,1.32423,1.32491,1.3228,1.32477,61975500.0
2005-02-28,1.32469,1.32777,1.3206,1.32146,1325413289.0629
2005-03-01,1.32127,1.3224,1.31622,1.31681,1326485912.1097
2005-03-02,1.31687,1.3177,1.30869,1.31329,1327414185.5472
2005-03-03,1.31335,1.31632,1.30953,1.31008,1326606001.9534001
2005-03-04,1.30999,1.3253,1.30884,1.32335,1267938380.8597
2005-03-06,1.32335,1.3243,1.32296,1.3233,60732701.171900004
2005-03-07,1.32334,1.32461,1.31763,1.3216,1317348392.5785
2005-03-08,1.32167,1.33602,1.32048,1.33436,1318142595.7036
2005-03-09,1.33444,1.34211,1.33294,1.33732,1325536812.5004
2005-03-10,1.3371,1.34519,1.33665,1.34361,1320108300.7818
2005-03-11,1.34356,1.34767,1.33964,1.34536,1253352708.9847
2005-03-13,1.34536,1.34732,1.34536,1.34685,59889000.0001
2005-03-14,1.34714,1.34759,1.33345,1.33615,1327142599.6099
2005-03-15,1.33571,1.34075,1.329,1.33073,1320995109.3755
2005-03-16,1.3306,1.34377,1.32894,1.34068,1331467386.719
2005-03-17,1.34067,1.34175,1.33264,1.33769,1334615880.8598
2005-03-18,1.33753,1.33843,1.32583,1.33216,1254765916.0159
2005-03-20,1.33216,1.33216,1.33025,1.33132,61095199.2188
2005-03-21,1.33157,1.33159,1.31393,1.31571,1331591613.2815
2005-03-22,1.31553,1.32217,1.30322,1.3072,1326965513.6724
2005-03-23,1.30714,1.30841,1.29559,1.29875,1340002191.4067
2005-03-24,1.29845,1.30293,1.29249,1.29269,1332949607.4224
2005-03-25,1.29257,1.29674,1.29241,1.29536,1266841898.4378
2005-03-27,1.29536,1.29617,1.29406,1.29509,63669001.953099996
2005-03-28,1.29508,1.29549,1.28536,1.28827,1368201091.7972
2005-03-29,1.28817,1.29545,1.28771,1.29333,1366266203.1254
2005-03-30,1.29321,1.29825,1.29067,1.2921,1377796679.6879
2005-03-31,1.29205,1.3018,1.29087,1.29624,1373961285.1565
2005-04-01,1.29617,1.30445,1.28701,1.2908,1308146906.2503
2005-04-03,1.2908,1.2908,1.28751,1.28812,100055300.78130001
2005-04-04,1.28809,1.29022,1.2817,1.28459,1369603382.8129
2005-04-05,1.2842,1.28747,1.27977,1.2845,1373474386.7192
2005-04-06,1.28443,1.29051,1.28357,1.2869,1361242097.6567
2005-04-07,1.28705,1.29362,1.28305,1.28305,1379279283.2036
2005-04-08,1.283,1.29321,1.28061,1.293,1261926601.5629
2005-04-10,1.293,1.29306,1.29056,1.29239,96484902.34369999
2005-04-11,1.2919,1.30019,1.29027,1.29759,1361399001.9534
2005-04-12,1.29721,1.30045,1.28496,1.29011,1360649097.6568
2005-04-13,1.29021,1.29525,1.28496,1.29057,1355449103.5161
2005-04-14,1.29037,1.29075,1.27667,1.28094,1339234011.7191
2005-04-15,1.28104,1.29382,1.27757,1.29206,1235741390.6251001
2005-04-17,1.29206,1.29219,1.28878,1.29132,96067500.0001
2005-04-18,1.29094,1.30417,1.28725,1.30109,1330381398.4379
2005-04-19,1.30085,1.30761,1.29801,1.30594,1349797400.3912
2005-04-20,1.30599,1.31038,1.29901,1.31001,1350209396.4849
2005-04-21,1.30979,1.31192,1.30239,1.30361,1343478519.5317001
2005-04-22,1.30345,1.30908,1.30195,1.30608,1254721316.4064999
2005-04-24,1.30608,1.30686,1.30318,1.30435,98317900.3907
2005-04-25,1.30413,1.30448,1.2954,1.29847,1347755298.8283
2005-04-26,1.29838,1.30128,1.29454,1.29735,1340585576.1722
2005-04-27,1.29733,1.29865,1.29028,1.2924,1345610900.391
2005-04-28,1.29237,1.29393,1.28789,1.29015,1354227019.5315
2005-04-29,1.29004,1.29779,1.28511,1.28685,1249665591.7972999
2005-05-01,1.28696,1.28696,1.28476,1.2848,99253800.78130001
2005-05-02,1.28493,1.2873,1.28356,1.28536,1351527894.5318
2005-05-03,1.28512,1.29111,1.28264,1.28759,1347264103.5159
2005-05-04,1.28755,1.29711,1.28726,1.29419,1339961019.5315
2005-05-05,1.2941,1.2988,1.29226,1.29452,1346408890.6252
2005-05-06,1.29429,1.29616,1.28083,1.28158,1261911619.141
2005-05-08,1.28158,1.28287,1.28077,1.28129,101383000.0001
2005-05-09,1.28132,1.28742,1.27887,1.28443,1361771904.2974
2005-05-10,1.28444,1.28875,1.28139,1.28744,1346753175.7814
2005-05-11,1.28738,1.29099,1.2776,1.28007,1348038708.9847999
2005-05-12,1.28015,1.28057,1.26628,1.26787,1345955898.4381
2005-05-13,1.26789,1.26864,1.26086,1.26272,1245207197.2662
2005-05-15,1.26272,1.26273,1.25817,1.26035,95512199.2189
2005-05-16,1.26016,1.26468,1.25603,1.26249,1348503189.4536
2005-05-17,1.2623,1.26616,1.25874,1.25903,1348368689.4535
2005-05-18,1.25867,1.26885,1.25841,1.26686,1345871128.9064
2005-05-19,1.26665,1.26883,1.26035,1.26306,1343863212.8911
2005-05-20,1.263,1.26521,1.25268,1.25549,1243151796.8753
2005-05-22,1.25549,1.25549,1.25375,1.25475,97555201.1719
2005-05-23,1.2549,1.25953,1.25339,1.2572,1349192498.0473
2005-05-24,1.25716,1.2627,1.25513,1.25589,1340007601.5629
2005-05-25,1.2558,1.26179,1.25484,1.26019,1331441679.6877
2005-05-26,1.26035,1.26121,1.24906,1.25076,1338930607.4222
2005-05-27,1.25075,1.25874,1.25052,1.25802,1235319099.6097999
2005-05-29,1.25802,1.25802,1.25094,1.25137,96709298.8282
2005-05-30,1.25122,1.25441,1.24566,1.248,1349652798.8286
2005-05-31,1.2476,1.2479,1.22888,1.22998,1337848113.2819
2005-06-01,1.22981,1.23386,1.21581,1.21952,1336891210.9378
2005-06-02,1.21958,1.22933,1.21785,1.22697,1337245613.2817
2005-06-03,1.22697,1.23318,1.21989,1.22302,1229195099.6097
2005-06-05,1.22302,1.22302,1.22137,1.22202,96183099.6094
2005-06-06,1.22174,1.22919,1.22174,1.22615,1334599298.8286
2005-06-07,1.22592,1.23124,1.22342,1.22818,1334332384.766
2005-06-08,1.22798,1.23508,1.22055,1.22364,1286361312.0124
2005-06-09,1.22382,1.22547,1.2177,1.22289,1335426707.0318
2005-06-10,1.22237,1.2247,1.21032,1.21123,1197532491.211
2005-06-12,1.21123,1.21163,1.2102,1.21136,99029900.3907
2005-06-13,1.21121,1.21183,1.20262,1.21033,1329700792.969
2005-06-14,1.21022,1.21496,1.20121,1.20277,1328133007.8128
2005-06-15,1.2027,1.21306,1.20252,1.2109,1337899800.7816
2005-06-16,1.211,1.21656,1.20556,1.21044,1347609398.4378
2005-06-17,1.21037,1.22887,1.20871,1.22801,1233280699.219
2005-06-19,1.22801,1.22801,1.2179,1.22082,100033000.0001
2005-06-20,1.22072,1.22648,1.21215,1.21272,1332746210.9379
2005-06-21,1.21298,1.22032,1.20682,1.21856,1329742796.8752
2005-06-22,1.21844,1.2196,1.20971,1.21281,1348133486.3285
2005-06-23,1.21272,1.21414,1.2014,1.20213,1338625095.7036
2005-06-24,1.20202,1.21058,1.19861,1.20893,1235491607.4221
2005-06-26,1.20893,1.21354,1.2081,1.21243,100035796.8751
2005-06-27,1.21236,1.21836,1.21169,1.21647,1337221414.0629
2005-06-28,1.21639,1.21722,1.20435,1.20687,1328856291.0159
2005-06-29,1.20642,1.21096,1.20144,1.20911,1321187814.4538
2005-06-30,1.20899,1.21184,1.20421,1.20853,1332882306.641
2005-07-01,1.20838,1.21028,1.19354,1.19526,1246235193.3596
2005-07-03,1.19526,1.19526,1.19047,1.19309,97925599.6095
2005-07-04,1.19319,1.19479,1.18834,1.19088,1339139402.3442
2005-07-05,1.19064,1.19376,1.18663,1.19192,1334498912.1096
2005-07-06,1.19227,1.19492,1.18893,1.19255,1337505095.7034
2005-07-07,1.19247,1.2038,1.19046,1.19308,1334298580.0786
2005-07-08,1.19341,1.1983,1.18738,1.19615,1250436808.5939999
2005-07-10,1.19615,1.19739,1.19526,1.19665,99017601.5625
2005-07-11,1.19651,1.20839,1.19551,1.20551,1331251615.2346
2005-07-12,1.20516,1.22549,1.20485,1.22151,1339620404.2973
2005-07-13,1.22154,1.22203,1.20611,1.20749,1333922406.2506
2005-07-14,1.2077,1.2123,1.20528,1.20937,1339806099.6096
2005-07-15,1.20944,1.2135,1.20209,1.20292,1236127796.8755
2005-07-17,1.20292,1.20425,1.20151,1.20425,97546898.4376
2005-07-18,1.20413,1.20869,1.20355,1.20586,1339451203.1254
2005-07-19,1.20587,1.20606,1.19521,1.20278,1330227003.9066
2005-07-20,1.20248,1.21859,1.20174,1.21395,1336999880.8597
2005-07-21,1.21395,1.2246,1.20978,1.2156,1333653201.1722
2005-07-22,1.21529,1.2188,1.2049,1.20602,1233145583.9847
2005-07-24,1.20602,1.20602,1.20329,1.20582,98261599.6094
2005-07-25,1.20549,1.20859,1.20242,1.20418,1341583701.1725001
2005-07-26,1.20455,1.20614,1.1978,1.20168,1333553894.5316
2005-07-27,1.20133,1.20823,1.19634,1.20656,1346535910.1565
2005-07-28,1.20674,1.21479,1.20336,1.21258,1331337906.2504
2005-07-29,1.21242,1.2158,1.20732,1.2116,1242617185.5472
2005-07-31,1.2116,1.21258,1.21132,1.21219,96196898.4376
2005-08-01,1.21196,1.22453,1.21193,1.21898,1336030814.4535
2005-08-02,1.21885,1.22479,1.21804,1.21918,1337328312.5003
2005-08-03,1.21924,1.23426,1.21453,1.23286,1336439296.8755
2005-08-04,1.23283,1.24006,1.22984,1.2385,1334780216.7973
2005-08-05,1.23828,1.23934,1.2307,1.23523,1248771000.0003
2005-08-07,1.23523,1.2359,1.23202,1.23283,97685498.0469
2005-08-08,1.23299,1.23883,1.23114,1.23594,1342985310.5472
2005-08-09,1.23591,1.24123,1.23267,1.23552,1342712484.3755
2005-08-10,1.2355,1.24237,1.23329,1.23818,1339805193.3598
2005-08-11,1.23804,1.24769,1.23728,1.24571,1346499972.6566
2005-08-12,1.24545,1.24846,1.23833,1.24342,1247019892.5785
2005-08-14,1.24342,1.2464,1.24334,1.24507,98267701.1719
2005-08-15,1.24528,1.24528,1.23424,1.23482,1344563193.3598
2005-08-16,1.23461,1.23712,1.22957,1.23559,1343521425.7815
2005-08-17,1.23566,1.23663,1.22532,1.22604,1339023718.7505
2005-08-18,1.22605,1.22924,1.21528,1.2182,1334653794.9222
2005-08-19,1.21821,1.21917,1.21246,1.21455,1239087296.8753
2005-08-21,1.21455,1.21673,1.21455,1.21607,95598601.5626
2005-08-22,1.21607,1.22418,1.21571,1.22281,1339039214.844
2005-08-23,1.2228,1.22528,1.21871,1.22192,1328602091.7973
2005-08-24,1.2219,1.22791,1.2158,1.22567,1338326808.5941
2005-08-25,1.2256,1.2325,1.22548,1.2281,1334484095.7036
2005-08-26,1.22812,1.2339,1.227,1.22877,1253767500.0003
2005-08-28,1.22877,1.23428,1.22784,1.23367,96408601.5625
2005-08-29,1.23362,1.23448,1.2215,1.22208,1358160085.938
2005-08-30,1.22202,1.2234,1.2169,1.22151,1357225490.2349
2005-08-31,1.22138,1.23559,1.21843,1.23383,1330102998.0472
2005-09-01,1.23384,1.25225,1.23212,1.24761,1326895804.6878
2005-09-02,1.24717,1.25875,1.24624,1.25277,1242548087.891
2005-09-04,1.25277,1.25429,1.25135,1.25333,96907300.7814
2005-09-05,1.25282,1.2583,1.25008,1.25019,1347217701.1722
2005-09-06,1.25037,1.25145,1.24422,1.24571,1339485101.5628
2005-09-07,1.24577,1.25359,1.24023,1.24169,1334906501.9535
2005-09-08,1.24159,1.24508,1.2381,1.24048,1328435193.3597
2005-09-09,1.24021,1.24567,1.23724,1.24064,1235418585.9379
2005-09-11,1.24064,1.24127,1.23913,1.24117,94123300.7814
2005-09-12,1.24112,1.24129,1.22664,1.22936,1335674095.7037
2005-09-13,1.22918,1.23144,1.22456,1.2284,1326008226.5628
2005-09-14,1.228,1.23257,1.22596,1.22712,1330378500.0003
2005-09-15,1.22725,1.22727,1.2193,1.22299,1331711095.7036
2005-09-16,1.22271,1.23071,1.21995,1.22364,1241389601.5629
2005-09-18,1.22364,1.22364,1.21422,1.2162,94894500.0
2005-09-19,1.21623,1.21733,1.20967,1.21411,1330358710.9378
2005-09-20,1.21436,1.21897,1.2103,1.21148,1317105908.2036
2005-09-21,1.21154,1.22662,1.21077,1.22598,1335247613.2818
2005-09-22,1.22584,1.22667,1.21322,1.21408,1333522986.3286
2005-09-23,1.21407,1.21657,1.2031,1.20348,1226659689.4534
2005-09-25,1.20348,1.20369,1.20151,1.20325,99119802.7344
2005-09-26,1.20316,1.20786,1.20102,1.20716,1313792316.4068
2005-09-27,1.20711,1.20802,1.19778,1.201,1314912291.016
2005-09-28,1.20097,1.2068,1.19914,1.20541,1321894908.2037
2005-09-29,1.20536,1.20738,1.20052,1.20187,1323774707.0316
2005-09-30,1.2018,1.20879,1.19958,1.20236,1225631503.9066
2005-10-02,1.20638,1.20638,1.20099,1.2024,95868601.5626
2005-10-03,1.20231,1.20289,1.18985,1.19166,1314120800.7816
2005-10-04,1.19165,1.19466,1.19038,1.19174,1315970179.6877
2005-10-05,1.19164,1.20159,1.19136,1.20112,1315918406.2502
2005-10-06,1.20122,1.22032,1.20107,1.21619,1313843498.0474
2005-10-07,1.21616,1.21778,1.20948,1.21262,1224353408.2035
2005-10-09,1.21262,1.21322,1.21066,1.21253,97153201.1719
2005-10-10,1.21245,1.21517,1.20392,1.20503,1308823912.1101
2005-10-11,1.205,1.2054,1.19604,1.19655,1328135912.1097
2005-10-12,1.19636,1.2051,1.19498,1.20204,1314597613.2815
2005-10-13,1.20201,1.20357,1.19127,1.20094,1315903574.2189999
2005-10-14,1.20095,1.21042,1.19794,1.20713,1225848283.2035
2005-10-16,1.20713,1.20885,1.20545,1.20635,99517398.4376
2005-10-17,1.20607,1.21184,1.19912,1.20023,1327754410.1569
2005-10-18,1.20042,1.20103,1.19149,1.19265,1324670511.7192
2005-10-19,1.19275,1.20013,1.18742,1.19817,1307867806.6407
2005-10-20,1.19816,1.20362,1.19483,1.20353,1318376601.5626
2005-10-21,1.2036,1.20738,1.19278,1.19532,1214679285.1563
2005-10-23,1.19532,1.19532,1.19239,1.19289,97476402.3439
2005-10-24,1.19288,1.20196,1.19185,1.19574,1310321115.2346
2005-10-25,1.19575,1.21166,1.19353,1.20961,1321703908.2037
2005-10-26,1.20926,1.2135,1.20424,1.20496,1318045093.7504
2005-10-27,1.20487,1.21709,1.20481,1.21385,1322200195.3131
2005-10-28,1.2139,1.21687,1.20473,1.20661,1228724484.3755
2005-10-30,1.20661,1.20684,1.2041,1.20599,65072800.7813
2005-10-31,1.20591,1.20877,1.19668,1.19865,1309123386.7192001
2005-11-01,1.19866,1.20398,1.19715,1.20184,1342374218.7504
2005-11-02,1.20184,1.20825,1.19854,1.20651,1328362814.4536
2005-11-03,1.20622,1.20802,1.19338,1.19475,1335030685.5472
2005-11-04,1.1948,1.19918,1.18023,1.18098,1261669078.1254
2005-11-06,1.18098,1.18098,1.17958,1.18022,66763199.2188
2005-11-07,1.18024,1.18297,1.17753,1.17869,1316089814.4537
2005-11-08,1.17881,1.17927,1.1709,1.17634,1320539285.1566
2005-11-09,1.17615,1.17879,1.17177,1.17732,1327578382.8128
2005-11-10,1.17738,1.1793,1.16692,1.16703,1325785615.2349
2005-11-11,1.167,1.17328,1.16698,1.17306,1257093693.3597999
2005-11-13,1.17306,1.1733,1.17137,1.17318,65549298.8282
2005-11-14,1.17309,1.17716,1.16594,1.1688,1324044390.6256
2005-11-15,1.16854,1.17339,1.16404,1.17292,1314336875.0004
2005-11-16,1.1728,1.17301,1.16454,1.16735,1299204085.9379
2005-11-17,1.16728,1.17615,1.16417,1.17451,1293545291.0158
2005-11-18,1.17443,1.17909,1.1663,1.17707,1256831900.3909001
2005-11-20,1.17707,1.17819,1.17678,1.17721,57178701.171900004
2005-11-21,1.17716,1.18357,1.17169,1.17296,1295397882.813
2005-11-22,1.17304,1.18231,1.16865,1.18108,1301820890.6253
2005-11-23,1.18112,1.18612,1.17634,1.18065,1317770294.9224
2005-11-24,1.1806,1.18231,1.17694,1.17775,1300300716.7975
2005-11-25,1.17772,1.17784,1.17075,1.17192,1240125894.5317001
2005-11-27,1.17192,1.17192,1.17027,1.17119,58025599.609400004
2005-11-28,1.17114,1.19005,1.16796,1.18428,1299869908.2037
2005-11-29,1.18432,1.18609,1.17369,1.17635,1302777197.2659
2005-11-30,1.17623,1.18002,1.17439,1.17956,1307128285.1569
2005-12-01,1.17964,1.18022,1.16895,1.17378,1297666697.2659001
2005-12-02,1.17382,1.17461,1.1662,1.17134,1242100701.1721
2005-12-04,1.17134,1.17171,1.16914,1.17154,58422701.171900004
2005-12-05,1.17143,1.18188,1.16865,1.17825,1295006300.7817
2005-12-06,1.17823,1.18054,1.17548,1.17968,1305464191.4068
2005-12-07,1.17962,1.17971,1.17029,1.17138,1303389212.8909001
2005-12-08,1.17144,1.1848,1.17024,1.18105,1310673398.438
2005-12-09,1.18105,1.18348,1.17649,1.18122,1245365404.297
2005-12-11,1.18122,1.18122,1.17753,1.17886,57480601.5626
2005-12-12,1.17893,1.19813,1.17877,1.19509,1308185781.2504
2005-12-13,1.19508,1.19849,1.19044,1.19445,1309650787.1097
2005-12-14,1.19434,1.20586,1.19428,1.19712,1310702486.3286
2005-12-15,1.19694,1.20377,1.19346,1.1963,1310749994.141
2005-12-16,1.1965,1.20247,1.1936,1.20102,1234034496.0941
2005-12-18,1.20102,1.20363,1.19501,1.20337,59005500.0001
2005-12-19,1.2033,1.20358,1.19741,1.20035,1297105388.6724
2005-12-20,1.20028,1.2011,1.18378,1.18725,1312471615.2349
2005-12-21,1.18722,1.19087,1.17999,1.18294,1313657990.2347
2005-12-22,1.18284,1.18949,1.18094,1.1869,1301063982.4222
2005-12-23,1.18693,1.1883,1.183,1.18654,1245628400.3911
2005-12-25,1.18654,1.18729,1.18479,1.18545,63880298.828099996
2005-12-26,1.1853,1.18934,1.18261,1.18343,1342744699.2191
2005-12-27,1.18336,1.18751,1.18208,1.18513,1292474392.5784
2005-12-28,1.1851,1.19297,1.18105,1.18441,1297553408.2034001
2005-12-29,1.18442,1.18783,1.18178,1.18466,1293036587.891
2005-12-30,1.18467,1.18858,1.17764,1.18439,1238824701.1722
2006-01-01,1.1846,1.1846,1.1841,1.1844,60175099.609400004
2006-01-02,1.18428,1.18458,1.18088,1.18125,1306572890.6253
2006-01-03,1.18115,1.20329,1.18108,1.20308,1309101615.2348
2006-01-04,1.20301,1.21427,1.20237,1.21072,1310289292.9691
2006-01-05,1.2107,1.21189,1.20663,1.21027,1302623597.6566
2006-01-06,1.21022,1.21765,1.20794,1.21502,1242456699.2189999
2006-01-08,1.21502,1.21502,1.21338,1.21383,59323601.5626
2006-01-09,1.21388,1.21519,1.20533,1.20717,1306683701.1724
2006-01-10,1.20721,1.21073,1.20358,1.20595,1315356828.1251001
2006-01-11,1.20592,1.21436,1.20447,1.21356,1320213310.5472
2006-01-12,1.21362,1.21612,1.20061,1.20407,1299735105.4692001
2006-01-13,1.20407,1.21411,1.20279,1.21397,1242932818.3597
2006-01-15,1.21397,1.21727,1.21356,1.21645,61130000.0
2006-01-16,1.21629,1.21689,1.2104,1.21155,1303250000.0005
2006-01-17,1.21146,1.21386,1.20502,1.21058,1302564220.7037
2006-01-18,1.2105,1.21546,1.20702,1.21047,1307200888.6723
2006-01-19,1.21045,1.21224,1.20528,1.20887,1298258384.7658
2006-01-20,1.20872,1.21403,1.20427,1.21337,1234891191.4064999
2006-01-22,1.21337,1.21659,1.21333,1.21625,68755699.21880001
2006-01-23,1.2162,1.23188,1.21603,1.23027,1328152597.6565
2006-01-24,1.23009,1.23077,1.22565,1.22619,1312111398.438
2006-01-25,1.2261,1.23204,1.2232,1.22423,1304291912.1098
2006-01-26,1.22422,1.22676,1.21964,1.22119,1304152498.0472
2006-01-27,1.22103,1.22332,1.2086,1.209,1253254707.0317
2006-01-29,1.209,1.21076,1.209,1.2103,57047800.7813
2006-01-30,1.21032,1.21132,1.20632,1.20817,1300707183.5939
2006-01-31,1.20812,1.2188,1.20782,1.21448,1304809806.641
2006-02-01,1.21441,1.2162,1.20479,1.20623,1309895394.5315
2006-02-02,1.2063,1.21062,1.20314,1.2081,1307360699.2191
2006-02-03,1.20802,1.21087,1.19694,1.20222,1238417394.5317
2006-02-05,1.20222,1.20355,1.20214,1.20238,57382300.7813
2006-02-06,1.20239,1.2045,1.19448,1.19575,1303952412.1098
2006-02-07,1.19574,1.20136,1.19416,1.19883,1300604601.563
2006-02-08,1.19874,1.19912,1.19223,1.19605,1293520095.7034
2006-02-09,1.19602,1.19931,1.19461,1.19906,1301209587.8909001
2006-02-10,1.19901,1.20238,1.18874,1.19,1228047494.1408
2006-02-12,1.19,1.19027,1.18909,1.18981,59528798.8282
2006-02-13,1.18988,1.19179,1.18783,1.19097,1299764787.1098
2006-02-14,1.1908,1.19247,1.18585,1.19113,1289167310.5472
2006-02-15,1.19103,1.19497,1.18696,1.18825,1300481812.5004
2006-02-16,1.1882,1.19109,1.18494,1.19025,1298112093.7503
2006-02-17,1.19017,1.19462,1.1857,1.19355,1237914613.2818
2006-02-19,1.19355,1.19474,1.1919,1.19439,60390900.3907
2006-02-20,1.19428,1.19726,1.19233,1.19306,1286828908.2037
2006-02-21,1.19294,1.19336,1.18907,1.19162,1301932703.1254
2006-02-22,1.19159,1.19283,1.18624,1.19135,1294001492.1877
2006-02-23,1.1912,1.19677,1.18896,1.19186,1297229496.0939
2006-02-24,1.19193,1.1932,1.18609,1.18752,1247208316.4066
2006-02-26,1.18752,1.18752,1.18285,1.1835,62126699.2188
2006-02-27,1.18353,1.18762,1.18254,1.18456,1294388302.7347
2006-02-28,1.18451,1.19399,1.18324,1.19293,1298050605.4692
2006-03-01,1.19279,1.19719,1.18903,1.19166,1298141205.0787
2006-03-02,1.19162,1.20433,1.19104,1.20348,1299412294.9225001
2006-03-03,1.2035,1.20507,1.19951,1.20399,1247048207.0317
2006-03-05,1.20399,1.20907,1.20396,1.2079,58922900.390599996
2006-03-06,1.20799,1.2091,1.19895,1.20128,1300471185.5473
2006-03-07,1.2012,1.20195,1.18669,1.18875,1289823693.3599
2006-03-08,1.18872,1.19387,1.18713,1.19208,1301452988.2816
2006-03-09,1.19207,1.19492,1.18962,1.18988,1299646599.6097
2006-03-10,1.18992,1.19259,1.18593,1.19055,1232383400.3911
2006-03-12,1.19055,1.19188,1.19055,1.19138,62003300.7813
2006-03-13,1.19139,1.19672,1.19139,1.19633,1299550097.6564999
2006-03-14,1.19636,1.20299,1.194,1.20138,1289347603.5162
2006-03-15,1.20138,1.20732,1.20042,1.20681,1299279402.3443
2006-03-16,1.20684,1.21878,1.20341,1.21709,1296535490.2346
2006-03-17,1.21712,1.22061,1.21415,1.21844,1245841402.3439
2006-03-19,1.21844,1.21849,1.21645,1.21749,58533599.609400004
2006-03-20,1.21746,1.21948,1.21469,1.21593,1307198214.844
2006-03-21,1.21577,1.21642,1.20749,1.2104,1302362507.8131
2006-03-22,1.21037,1.21061,1.20632,1.20747,1312519906.2504
2006-03-23,1.20738,1.20781,1.1953,1.19684,1302403703.1254
2006-03-24,1.19674,1.20451,1.19482,1.20352,1235200515.6252
2006-03-26,1.20352,1.20365,1.20221,1.20322,56549099.609400004
2006-03-27,1.20317,1.20561,1.20003,1.20113,1292212994.141
2006-03-28,1.20118,1.21046,1.19905,1.20046,1301802875.0005
2006-03-29,1.20034,1.20478,1.19804,1.20264,1307281806.641
2006-03-30,1.20263,1.21708,1.20222,1.21673,1304711912.1098
2006-03-31,1.21659,1.21736,1.20834,1.21132,1234183785.1563
2006-04-02,1.21134,1.21203,1.21016,1.21019,90218800.78119999
2006-04-03,1.21011,1.21499,1.2033,1.21442,1301692091.7973
2006-04-04,1.2144,1.22739,1.21192,1.22525,1298464207.0315
2006-04-05,1.22523,1.23043,1.22408,1.22801,1303757306.6407
2006-04-06,1.22795,1.23294,1.21916,1.22035,1302576976.5629
2006-04-07,1.22028,1.22207,1.2088,1.2091,1218602115.2347
2006-04-09,1.2091,1.21095,1.20859,1.21007,93083400.3907
2006-04-10,1.20999,1.21278,1.20751,1.21035,1298259396.4848
2006-04-11,1.21031,1.21608,1.20884,1.21544,1304391906.2503
2006-04-12,1.21544,1.21661,1.20648,1.21012,1301857605.4691
2006-04-13,1.2101,1.21307,1.20684,1.21075,1298397412.1097
2006-04-14,1.21072,1.21149,1.20953,1.21056,1198481394.5317001
2006-04-16,1.21056,1.21369,1.21056,1.21343,87511699.21880001
2006-04-17,1.2134,1.22853,1.21325,1.22569,1289065476.563
2006-04-18,1.22561,1.23666,1.22233,1.23554,1311427384.7659
2006-04-19,1.23552,1.23927,1.22856,1.23718,1306737011.7193
2006-04-20,1.23713,1.2373,1.22683,1.22965,1294053597.6566
2006-04-21,1.22972,1.23564,1.22693,1.234,1211082488.2816
2006-04-23,1.234,1.23766,1.234,1.23662,94419097.65630001
2006-04-24,1.23667,1.24126,1.23326,1.23795,1311531085.938
2006-04-25,1.23779,1.24376,1.23636,1.24226,1315166578.1252
2006-04-26,1.2422,1.24691,1.23853,1.24485,1304703804.6878
2006-04-27,1.24482,1.25461,1.24045,1.25388,1309554484.3753
2006-04-28,1.25384,1.26387,1.25133,1.2632,1214484076.1722999
2006-04-30,1.2632,1.2632,1.26091,1.26143,90773001.9532
2006-05-01,1.26155,1.26873,1.25545,1.25638,1294985914.0629
2006-05-02,1.25639,1.26652,1.25574,1.26067,1309076089.8442001
2006-05-03,1.26071,1.26674,1.25914,1.26288,1309097406.2503
2006-05-04,1.26293,1.27172,1.25707,1.26944,1299879199.2189999
2006-05-05,1.26947,1.27615,1.26731,1.27237,1213015208.9847
2006-05-07,1.27237,1.27485,1.27192,1.27397,89243699.21880001
2006-05-08,1.27385,1.27838,1.26918,1.26979,1962988894.5316
2006-05-09,1.26975,1.27805,1.2661,1.27594,1312170000.0001
2006-05-10,1.27589,1.28296,1.27496,1.27558,1303344507.8128
2006-05-11,1.2756,1.28696,1.26842,1.28465,1304480382.8129
2006-05-12,1.28462,1.29528,1.284,1.29225,1223296789.0629
2006-05-14,1.29225,1.29698,1.29178,1.29486,91860400.3907
2006-05-15,1.2946,1.29497,1.27753,1.27898,1978881203.1255
2006-05-16,1.27891,1.28663,1.27696,1.28495,1985016207.0316
2006-05-17,1.28489,1.29155,1.27012,1.27411,1969300929.6882
2006-05-18,1.27403,1.28695,1.27355,1.28576,1969329382.8128
2006-05-19,1.28588,1.28629,1.26946,1.27732,1851619988.2814
2006-05-21,1.27732,1.27763,1.27466,1.27594,134799300.7813
2006-05-22,1.27598,1.28843,1.2695,1.28494,1991793796.8754
2006-05-23,1.28484,1.2877,1.27631,1.27895,1976164113.2817
2006-05-24,1.27884,1.28848,1.27296,1.27665,1975063695.313
2006-05-25,1.27662,1.2824,1.27453,1.27982,1978471410.1568
2006-05-26,1.28004,1.28314,1.26994,1.27314,1840591722.6567001
2006-05-28,1.27314,1.27542,1.27159,1.27472,135829199.2188
2006-05-29,1.2746,1.27663,1.27319,1.2745,1964601117.1879
2006-05-30,1.27468,1.29062,1.27413,1.2855,1979527207.0317
2006-05-31,1.28544,1.29008,1.28,1.28144,1991741984.3755
2006-06-01,1.28139,1.28221,1.2722,1.28171,1988005183.5939999
2006-06-02,1.28168,1.29367,1.27936,1.29131,1851177792.9689999
2006-06-04,1.29131,1.29316,1.29083,1.29245,136572800.7813
2006-06-05,1.2925,1.29767,1.28917,1.28936,1983582593.7506
2006-06-06,1.28932,1.2932,1.28037,1.28242,1972890210.9378
2006-06-07,1.28249,1.28356,1.27599,1.28,1975843984.3754
2006-06-08,1.27998,1.28008,1.26256,1.26405,1992503523.4378
2006-06-09,1.26399,1.26816,1.25963,1.26347,1829759605.4691
2006-06-11,1.26347,1.26378,1.26034,1.26067,136192000.00010002
2006-06-12,1.26068,1.2649,1.25662,1.25786,1976115382.8131
2006-06-13,1.25779,1.26135,1.25237,1.25457,1986739679.6878
2006-06-14,1.25446,1.26458,1.24987,1.26062,1980936996.0942
2006-06-15,1.26045,1.26555,1.25812,1.26414,1977419023.4378
2006-06-16,1.26414,1.26701,1.26165,1.26366,1818596578.1255
2006-06-18,1.26366,1.26467,1.26276,1.26341,137661699.2188
2006-06-19,1.26331,1.26351,1.25503,1.2574,1980682589.844
2006-06-20,1.25728,1.26154,1.25368,1.25975,1964655019.5316
2006-06-21,1.25964,1.26763,1.25892,1.26656,1964871394.5315
2006-06-22,1.26642,1.2677,1.25496,1.25775,1970001316.4067
2006-06-23,1.25781,1.25862,1.24764,1.25004,1837576792.9692001
2006-06-25,1.25004,1.25185,1.24907,1.25155,138746500.0
2006-06-26,1.25148,1.26066,1.25019,1.26054,1978103691.4066
2006-06-27,1.26052,1.2616,1.256,1.25679,1989633796.8754
2006-06-28,1.25669,1.25828,1.25153,1.25414,1975126019.5316
2006-06-29,1.254,1.26669,1.24861,1.26608,1978275917.9692
2006-06-30,1.26622,1.27927,1.26589,1.27895,1835950609.3754
2006-07-02,1.27839,1.27892,1.27744,1.27876,134144597.65630001
2006-07-03,1.27874,1.28196,1.27609,1.27987,1958401886.7193
2006-07-04,1.27976,1.28192,1.27714,1.27773,1974970093.7504
2006-07-05,1.27769,1.28357,1.27058,1.2727,1968712285.1567
2006-07-06,1.2727,1.278,1.2718,1.27723,1964022398.438
2006-07-07,1.27719,1.28571,1.27385,1.28067,1844497382.8128
2006-07-09,1.28067,1.2816,1.28029,1.28083,139150703.125
2006-07-10,1.28062,1.28092,1.27205,1.2735,1979473281.2503
2006-07-11,1.27347,1.27769,1.27042,1.27624,1967331175.7817001
2006-07-12,1.27615,1.2777,1.26768,1.26978,1974561515.6252
2006-07-13,1.26957,1.27284,1.26642,1.269,1964642097.6566
2006-07-14,1.2688,1.26912,1.26263,1.26433,1829547683.5939999
2006-07-16,1.26433,1.26561,1.26249,1.2631,139136496.0938
2006-07-17,1.26305,1.26404,1.25076,1.25205,1962808898.4379
2006-07-18,1.2519,1.25571,1.24755,1.24983,1978938792.9691
2006-07-19,1.24968,1.26071,1.24439,1.2595,1987016593.7504
2006-07-20,1.25934,1.26519,1.25872,1.26315,1976384890.6254
2006-07-21,1.26312,1.26952,1.26258,1.26886,1837950402.3441
2006-07-23,1.26886,1.27094,1.26886,1.2695,140991597.6563
2006-07-24,1.26903,1.26929,1.26085,1.26211,1965479093.7504
2006-07-25,1.26217,1.267,1.2561,1.2577,1969638328.1253
2006-07-26,1.25767,1.27242,1.2558,1.27077,1968066097.6567
2006-07-27,1.27069,1.27693,1.26792,1.26848,1975074996.0939999
2006-07-28,1.26852,1.27683,1.26576,1.27571,1825039683.5939999
2006-07-30,1.27571,1.27701,1.27544,1.27694,139670500.00010002
2006-07-31,1.27699,1.27813,1.27391,1.27625,1982235007.8128
2006-08-01,1.27622,1.2828,1.27182,1.28215,1961910984.3751001
2006-08-02,1.28217,1.2833,1.27747,1.27908,1961633304.6879
2006-08-03,1.27913,1.28324,1.27391,1.27982,1972572113.2816
2006-08-04,1.27969,1.29075,1.27746,1.28704,1852790605.4691
2006-08-06,1.28704,1.28907,1.28643,1.28848,140066000.00010002
2006-08-07,1.28852,1.28861,1.28043,1.28194,1958225179.6878
2006-08-08,1.28192,1.28884,1.27644,1.27881,1967377578.1254
2006-08-09,1.27856,1.28995,1.27689,1.28677,1969142414.0628
2006-08-10,1.28672,1.2909,1.2746,1.279,1975219996.0942
2006-08-11,1.279,1.27932,1.27144,1.27195,1852382398.438
2006-08-13,1.27195,1.27438,1.26884,1.27365,135108304.6875
2006-08-14,1.27353,1.27602,1.27044,1.27205,1969622902.3441
2006-08-15,1.27195,1.28027,1.26953,1.27845,1979553402.3439
2006-08-16,1.27844,1.28628,1.2767,1.28495,1972837488.2816
2006-08-17,1.28494,1.28845,1.28109,1.28286,1976949781.2504
2006-08-18,1.28283,1.28431,1.27788,1.28234,1829412609.3753
2006-08-20,1.28234,1.28381,1.28019,1.28342,138398199.2189
2006-08-21,1.28342,1.29374,1.28313,1.28629,1976528105.4691
2006-08-22,1.28626,1.28842,1.27822,1.2796,1975210175.7816
2006-08-23,1.27955,1.285,1.27744,1.27791,1964351886.7191
2006-08-24,1.27785,1.28363,1.27513,1.27583,1993164886.7191
2006-08-25,1.27571,1.27803,1.2726,1.27486,1835192210.9377
2006-08-27,1.27486,1.27694,1.27486,1.27578,136934597.6563
2006-08-28,1.27561,1.28183,1.27558,1.27891,1955285890.6253
2006-08-29,1.27869,1.28371,1.27489,1.28293,1984734308.5943
2006-08-30,1.28276,1.28486,1.28102,1.28305,1979163804.688
2006-08-31,1.28313,1.28776,1.2784,1.28064,1991799523.438
2006-09-01,1.2807,1.28456,1.27561,1.2833,1866074519.5317001
2006-09-03,1.2833,1.2856,1.28294,1.28525,147496500.00010002
2006-09-04,1.28527,1.28737,1.28381,1.28581,2000225695.3129
2006-09-05,1.28575,1.28603,1.27944,1.28139,2012299070.3129
2006-09-06,1.28124,1.28309,1.27666,1.2816,2023003812.5005
2006-09-07,1.28103,1.28282,1.27035,1.27258,2005246300.7816
2006-09-08,1.27255,1.273,1.26495,1.26679,1858963109.3753
2006-09-10,1.26679,1.26727,1.26595,1.26671,144513101.5625
2006-09-11,1.26685,1.27376,1.26471,1.26973,2010676902.3442
2006-09-12,1.26984,1.2728,1.26587,1.26797,2022028488.2817
2006-09-13,1.26793,1.2716,1.26656,1.26972,2010939718.7505
2006-09-14,1.26958,1.27507,1.2673,1.27167,2014141906.2504
2006-09-15,1.27186,1.2734,1.26309,1.26612,1864677019.5316
2006-09-17,1.26612,1.26612,1.26232,1.26358,144719800.7813
2006-09-18,1.26358,1.27095,1.26346,1.27056,1989220296.8754
2006-09-19,1.27054,1.27266,1.2647,1.26736,2016292308.5941
2006-09-20,1.26738,1.27258,1.2662,1.26917,2013594207.0316
2006-09-21,1.26904,1.27968,1.26881,1.27844,2006607898.4379
2006-09-22,1.2784,1.28292,1.27761,1.27815,1859193003.9066
2006-09-24,1.27815,1.27941,1.27698,1.27856,146341703.125
2006-09-25,1.27885,1.28183,1.27303,1.27523,2020289195.3127
2006-09-26,1.27522,1.2762,1.26604,1.2694,2022125207.0318
2006-09-27,1.26927,1.27152,1.2668,1.271,2012302472.6564999
2006-09-28,1.27113,1.27309,1.26774,1.27044,2009084917.969
2006-09-29,1.27047,1.27121,1.26387,1.26705,1854622023.4379
2006-10-01,1.26694,1.2687,1.26694,1.2681,144550699.2188
2006-10-02,1.26808,1.27566,1.26604,1.27417,2005889480.4692
2006-10-03,1.27394,1.27637,1.27162,1.27306,2019646292.9691
2006-10-04,1.27315,1.27379,1.26667,1.27176,1997654792.9692
2006-10-05,1.27159,1.27241,1.26707,1.269,2015050988.2818
2006-10-06,1.26912,1.27022,1.25722,1.25959,1862343503.9067001
2006-10-08,1.25959,1.25959,1.25826,1.25938,148308500.0
2006-10-09,1.25944,1.26124,1.25817,1.2592,2012492414.0629
2006-10-10,1.25909,1.2612,1.25182,1.25328,2000415289.0628
2006-10-11,1.25314,1.25555,1.25002,1.2518,1986143382.8129
2006-10-12,1.25183,1.25654,1.25138,1.25559,2018404488.2816
2006-10-13,1.2555,1.25763,1.24823,1.25111,1863755703.1251001
2006-10-15,1.25111,1.2518,1.24946,1.24984,145726699.2189
2006-10-16,1.24972,1.25412,1.24863,1.25288,2007114386.7191
2006-10-17,1.2527,1.2566,1.25102,1.25375,2012161972.6566
2006-10-18,1.25365,1.25575,1.25001,1.25405,2007291976.5628
2006-10-19,1.25404,1.26394,1.25299,1.26257,2010139691.4066
2006-10-20,1.26253,1.26397,1.25975,1.26151,1868680503.9066
2006-10-22,1.26151,1.26193,1.26037,1.26143,140569601.56260002
2006-10-23,1.2616,1.26209,1.25353,1.25457,2019916613.2816
2006-10-24,1.25448,1.25757,1.25228,1.2556,2006333296.8754
2006-10-25,1.25513,1.26214,1.25512,1.26124,2020281496.0941
2006-10-26,1.26133,1.27006,1.26087,1.26869,2023822195.3127
2006-10-27,1.2687,1.27485,1.26612,1.27383,1858727597.6564
2006-10-29,1.27383,1.27383,1.2721,1.27269,100107101.5625
2006-10-30,1.27284,1.27341,1.26996,1.27139,2029585507.8128
2006-10-31,1.27149,1.27808,1.26793,1.27638,1999979601.5629
2006-11-01,1.27637,1.27961,1.27413,1.27531,2027700695.3128
2006-11-02,1.27535,1.27836,1.27347,1.27759,2014180808.5943
2006-11-03,1.27748,1.27808,1.26825,1.27148,1915342101.5629
2006-11-05,1.27148,1.27181,1.27084,1.27156,96437699.21880001
2006-11-06,1.27151,1.27326,1.2689,1.27238,2009479082.0317
2006-11-07,1.27218,1.28186,1.27198,1.27758,2007145167.9692
2006-11-08,1.27755,1.28059,1.27457,1.27586,2010871207.0314999
2006-11-09,1.27562,1.28469,1.27472,1.28319,2007793703.1255
2006-11-10,1.28308,1.28963,1.28263,1.28366,1906797523.4379
2006-11-12,1.28366,1.28517,1.28366,1.28457,99113898.4375
2006-11-13,1.28437,1.28768,1.27935,1.282,2011583007.8129
2006-11-14,1.28185,1.28695,1.27916,1.28114,2009447625.0004
2006-11-15,1.28092,1.28328,1.27725,1.28204,2003901808.5942001
2006-11-16,1.2822,1.28361,1.27823,1.27897,2009616609.3755
2006-11-17,1.27876,1.28444,1.27586,1.28251,1909053601.5629
2006-11-19,1.28251,1.28314,1.28164,1.28182,99357402.34380001
2006-11-20,1.28179,1.28499,1.2801,1.28132,1989581585.9378
2006-11-21,1.28131,1.28529,1.2797,1.28409,2006284210.9379
2006-11-22,1.28378,1.29552,1.2837,1.29368,2005859800.7814999
2006-11-23,1.29346,1.29735,1.29233,1.29487,2013550191.4066
2006-11-24,1.29494,1.31043,1.29431,1.3091,1900395792.9692001
2006-11-26,1.3091,1.31648,1.3091,1.31546,99231699.21880001
2006-11-27,1.3154,1.31565,1.30856,1.31308,1981983980.4692001
2006-11-28,1.31307,1.32163,1.31166,1.31997,2014144777.3441
2006-11-29,1.32003,1.32147,1.31322,1.31454,1951690390.6253
2006-11-30,1.31431,1.32732,1.31393,1.3248,2000100507.8129
2006-12-01,1.32504,1.33454,1.32187,1.33339,1903054203.1255
2006-12-03,1.33339,1.33653,1.33266,1.33536,97414500.0
2006-12-04,1.33526,1.33541,1.32815,1.33318,1989752894.5317001
2006-12-05,1.33335,1.33611,1.32878,1.33135,2004492824.2192
2006-12-06,1.33141,1.33397,1.32542,1.32831,1993112308.5941
2006-12-07,1.32832,1.33232,1.32709,1.32828,2000070710.9379
2006-12-08,1.32816,1.3361,1.31911,1.31985,1920912394.5316
2006-12-10,1.31985,1.31985,1.31731,1.3184,100948000.0
2006-12-11,1.31819,1.32614,1.31287,1.32481,2000119792.9692001
2006-12-12,1.32481,1.32906,1.32126,1.32812,2018871304.6878
2006-12-13,1.32791,1.32858,1.31907,1.32143,2016813101.563
2006-12-14,1.32144,1.32508,1.31373,1.31521,2008010179.6878
2006-12-15,1.31512,1.31817,1.30586,1.30785,1909944011.7191
2006-12-17,1.30785,1.3086,1.30747,1.30803,98317800.78130001
2006-12-18,1.30804,1.31165,1.30522,1.3101,1998156593.7505
2006-12-19,1.30995,1.32141,1.30794,1.3204,2019648113.2815
2006-12-20,1.32033,1.32432,1.31584,1.31827,2010522492.1877
2006-12-21,1.31825,1.32121,1.3142,1.31789,2002916992.188
2006-12-22,1.31797,1.32116,1.31084,1.31247,1921390707.0317
2006-12-24,1.31247,1.31361,1.31141,1.31349,96506898.4376
2006-12-25,1.31316,1.31648,1.30974,1.31318,2031912804.6881
2006-12-26,1.31312,1.31401,1.30865,1.31059,2053577773.438
2006-12-27,1.3107,1.31764,1.30973,1.31211,2011843695.3129
2006-12-28,1.31219,1.31997,1.31017,1.31437,2024002203.1254
2006-12-29,1.31425,1.32049,1.31347,1.3192,1935527000.0003
2006-12-31,1.3192,1.31962,1.31878,1.31913,94563597.65630001
2007-01-01,1.31908,1.32176,1.3165,1.3212,1995253312.5003
2007-01-02,1.32137,1.32951,1.32101,1.32724,2009651199.219
2007-01-03,1.32702,1.32903,1.31461,1.3169,2016586796.8752
2007-01-04,1.31689,1.31783,1.30704,1.3086,2007975187.5003
2007-01-05,1.30866,1.31029,1.29804,1.29995,1916538382.8129
2007-01-07,1.29995,1.30141,1.29995,1.30039,96990699.21880001
2007-01-08,1.30055,1.30389,1.29722,1.30356,2008339210.9378
2007-01-09,1.3035,1.30517,1.29855,1.29919,2000760304.6879
2007-01-10,1.29921,1.30002,1.29261,1.29347,2024176296.8754
2007-01-11,1.29345,1.30124,1.28804,1.2891,2006020019.5317001
2007-01-12,1.28909,1.29418,1.28668,1.29212,1901284210.9378
2007-01-14,1.29212,1.29276,1.29152,1.29242,97625398.4375
2007-01-15,1.29254,1.2955,1.29121,1.29299,1996016078.1257
2007-01-16,1.29338,1.29875,1.29062,1.29165,2024047203.1254
2007-01-17,1.29159,1.29494,1.28973,1.29368,1995550679.688
2007-01-18,1.29372,1.29756,1.28971,1.2959,1998417203.1254
2007-01-19,1.29594,1.29998,1.29129,1.29536,1912658695.3128
2007-01-21,1.29536,1.29636,1.29505,1.2959,95348097.65630001
2007-01-22,1.29597,1.29769,1.29201,1.29466,1999560203.1254
2007-01-23,1.29486,1.30423,1.29288,1.302,2006431082.0314999
2007-01-24,1.30195,1.30357,1.29475,1.29609,2004162609.3753
2007-01-25,1.2959,1.30002,1.29139,1.29357,2006920078.1253
2007-01-26,1.29329,1.29391,1.28807,1.29144,1907067785.1564999
2007-01-28,1.29144,1.29246,1.29128,1.29192,96284199.21880001
2007-01-29,1.29215,1.29655,1.28948,1.29601,2008845117.1877
2007-01-30,1.29608,1.298,1.29436,1.29617,1994957390.6255
2007-01-31,1.2963,1.30356,1.29239,1.3022,2007278792.9692
2007-02-01,1.30211,1.30482,1.30011,1.30123,2001901503.9066
2007-02-02,1.3014,1.30615,1.29474,1.29562,1915603101.5627
2007-02-04,1.29562,1.29621,1.29498,1.29582,94236000.0
2007-02-05,1.29597,1.29651,1.29126,1.29316,2007367296.8754
2007-02-06,1.29302,1.29904,1.29095,1.29802,1995282023.438
2007-02-07,1.2982,1.30232,1.29647,1.30209,2006523089.8441
2007-02-08,1.30208,1.30428,1.29759,1.30343,2013665425.7817
2007-02-09,1.30359,1.30452,1.29817,1.30047,1917801632.8128
2007-02-11,1.30047,1.30237,1.29851,1.30167,102390601.5626
2007-02-12,1.30147,1.30359,1.2939,1.2956,2038653093.7505
2007-02-13,1.29546,1.30426,1.29498,1.30298,1995206890.6253
2007-02-14,1.30264,1.31488,1.30218,1.31368,2007682390.6253
2007-02-15,1.31346,1.31716,1.31173,1.31329,2013517296.8754
2007-02-16,1.31316,1.31443,1.30958,1.31356,1912794808.5941
2007-02-18,1.31356,1.31621,1.31338,1.31465,96599000.0
2007-02-19,1.31462,1.3161,1.31201,1.31498,2029745910.1567
2007-02-20,1.31492,1.31881,1.31271,1.3146,2016416101.5629
2007-02-21,1.31434,1.31648,1.31116,1.31361,2007480292.9692
2007-02-22,1.31354,1.31404,1.30796,1.31212,2003030589.8442
2007-02-23,1.31227,1.31863,1.31013,1.31627,1919778089.844
2007-02-25,1.31627,1.3186,1.31627,1.318,96667800.78130001
2007-02-26,1.31808,1.31971,1.31491,1.31911,2003567101.563
2007-02-27,1.31911,1.32578,1.31579,1.32259,2000891585.9377
2007-02-28,1.32297,1.32369,1.31787,1.32273,1989967398.4377
2007-03-01,1.32255,1.32389,1.31547,1.31644,2011117488.2817
2007-03-02,1.31656,1.31998,1.31408,1.31882,1901846792.9692001
2007-03-04,1.31882,1.32101,1.31817,1.3182,97698500.0
2007-03-05,1.31802,1.31926,1.30723,1.3084,2005407398.4378
2007-03-06,1.30813,1.3139,1.30798,1.31332,2001061593.7501001
2007-03-07,1.31338,1.31844,1.31086,1.31747,1998426171.8754
2007-03-08,1.31735,1.31813,1.31154,1.31365,1995945394.5315
2007-03-09,1.31343,1.31583,1.30864,1.31118,1907521699.2191
2007-03-11,1.31118,1.31415,1.31068,1.31242,144953601.56260002
2007-03-12,1.31221,1.31992,1.31054,1.3186,2009176910.1567001
2007-03-13,1.31857,1.32186,1.31547,1.31867,2004232777.3442
2007-03-14,1.31856,1.3244,1.31764,1.32318,2023897089.8442001
2007-03-15,1.32323,1.32791,1.31919,1.32783,2004994402.3441
2007-03-16,1.3278,1.33381,1.32722,1.33106,1850041175.7816
2007-03-18,1.33106,1.33196,1.33064,1.33161,140627996.0938
2007-03-19,1.33142,1.33241,1.3278,1.33095,2009526101.5629
2007-03-20,1.33097,1.33232,1.32701,1.33135,2697619101.5629
2007-03-21,1.33137,1.34094,1.32861,1.33956,2674355679.6878
2007-03-22,1.33958,1.34002,1.3309,1.33285,2670839796.8755
2007-03-23,1.33311,1.33407,1.32762,1.32789,2488805085.9378
2007-03-25,1.32789,1.32933,1.32571,1.32708,191697902.3438
2007-03-26,1.32724,1.33455,1.32534,1.33267,633067596.6798
2007-03-27,1.33277,1.33667,1.33013,1.33482,614434297.8515
2007-03-28,1.332,1.33716,1.33006,1.33082,625586206.0549
2007-03-29,1.33084,1.33517,1.32984,1.33285,631056203.1251
2007-03-30,1.33277,1.33985,1.3288,1.3353,897768400.3906
2007-04-01,1.33535,1.3377,1.3352,1.3354,60585702.1484
2007-04-02,1.3353,1.33802,1.33312,1.33715,1083944375.0004
2007-04-03,1.33709,1.33802,1.33179,1.33225,1073795162.1096
2007-04-04,1.3323,1.3381,1.3321,1.3374,1078795985.3518
2007-04-05,1.3374,1.3441,1.33525,1.34245,943729661.1331
2007-04-06,1.34245,1.3428,1.3364,1.3378,402420459.9611
2007-04-08,1.3378,1.33798,1.33635,1.3368,30743899.4141
2007-04-09,1.3368,1.3379,1.334,1.3353,415206171.3868
2007-04-10,1.3353,1.3456,1.3349,1.34285,1221595234.3752
2007-04-11,1.3429,1.3441,1.34065,1.3436,1046517303.7112
2007-04-12,1.3436,1.3504,1.34315,1.3486,857578923.8283
2007-04-13,1.3485,1.35525,1.34815,1.35255,409560923.8284
2007-04-15,1.35255,1.3577,1.35221,1.3568,39313200.1953
2007-04-16,1.35685,1.357,1.35221,1.3527,957397174.3166
2007-04-17,1.3527,1.3594,1.3525,1.35715,1048149102.0511
2007-04-18,1.3572,1.362,1.3556,1.36145,1199612613.2816
2007-04-19,1.36145,1.3628,1.35605,1.3624,913949486.3285
2007-04-20,1.3624,1.3637,1.3586,1.3588,1002523474.6096001
2007-04-22,1.3588,1.3607,1.3588,1.3599,24118399.902400002
2007-04-23,1.3598,1.36025,1.354,1.358,711124899.4143
2007-04-24,1.358,1.3643,1.3548,1.36335,1103965106.9341
2007-04-25,1.3634,1.3665,1.3622,1.3639,891862981.4456
2007-04-26,1.3639,1.3654,1.3584,1.3592,1224942566.4065
2007-04-27,1.3593,1.3682,1.35865,1.3652,963247994.6292
2007-04-29,1.3652,1.3652,1.3615,1.36235,41215300.7813
2007-04-30,1.36235,1.36777,1.35884,1.3651,661827292.9693
2007-05-01,1.36515,1.36711,1.35897,1.36021,663136107.4225
2007-05-02,1.36026,1.36097,1.35598,1.35927,658226498.0472
2007-05-03,1.3593,1.36193,1.35459,1.35508,667260300.7818
2007-05-04,1.35512,1.36088,1.35344,1.35893,607578603.516
2007-05-06,1.35893,1.36023,1.35883,1.35917,56958798.8282
2007-05-07,1.3592,1.36255,1.35897,1.35957,670362199.2189
2007-05-08,1.35962,1.36202,1.35155,1.35377,673291396.4848
2007-05-09,1.35379,1.35641,1.35187,1.35326,659581599.6099
2007-05-10,1.35325,1.35624,1.34656,1.34757,674125203.1255
2007-05-11,1.3476,1.35305,1.34628,1.35222,615627000.0004001
2007-05-13,1.35222,1.35433,1.35222,1.35397,56713300.7813
2007-05-14,1.35395,1.3557,1.35235,1.35417,666226900.3911
2007-05-15,1.3542,1.36071,1.35264,1.35896,667524593.7506
2007-05-16,1.35901,1.36081,1.35035,1.35208,672132101.5629001
2007-05-17,1.3521,1.35421,1.34773,1.34937,665732796.8755
2007-05-18,1.3494,1.35205,1.34648,1.35053,606649794.9224
2007-05-20,1.35053,1.35288,1.35053,1.35195,58640001.9532
2007-05-21,1.35195,1.35214,1.34359,1.3462,661448298.8285
2007-05-22,1.34615,1.34744,1.34376,1.34487,663223597.6564
2007-05-23,1.34487,1.35004,1.34149,1.34541,666930412.1097
2007-05-24,1.34537,1.34602,1.34155,1.34221,670874804.6879001
2007-05-25,1.34215,1.34714,1.34114,1.3438,422318400.39100003
2007-05-27,1.3438,1.3451,1.3438,1.3446,237006398.4375
2007-05-28,1.34456,1.34579,1.34425,1.34505,657377103.5161
2007-05-29,1.34509,1.35183,1.34192,1.34507,663017007.8127
2007-05-30,1.34511,1.34563,1.34079,1.3431,661319601.5628
2007-05-31,1.3431,1.3471,1.34219,1.34528,663849695.3131
2007-06-01,1.34526,1.34602,1.33915,1.34439,422786400.3909
2007-06-03,1.34439,1.34448,1.34353,1.3442,236685402.3438
2007-06-04,1.34422,1.34978,1.34317,1.34907,658112998.0471
2007-06-05,1.34909,1.35515,1.34885,1.35157,662570404.2972
2007-06-06,1.35162,1.35371,1.34844,1.34957,663013494.141
2007-06-07,1.34963,1.35113,1.34209,1.34247,659573101.5631
2007-06-08,1.34251,1.34269,1.33225,1.33708,599545601.5627
2007-06-10,1.33708,1.33711,1.33513,1.33559,56846900.3907
2007-06-11,1.33557,1.33606,1.33325,1.3349,654331701.1725
2007-06-12,1.33496,1.33683,1.32981,1.33,647280203.1255
2007-06-13,1.32997,1.33144,1.32621,1.3307,647115703.1254001
2007-06-14,1.33067,1.33221,1.32789,1.3308,653253802.7346001
2007-06-15,1.33077,1.33877,1.33047,1.33867,409053597.6569
2007-06-17,1.33867,1.33869,1.33737,1.33855,242696203.125
2007-06-18,1.3386,1.34178,1.33822,1.34147,642318800.7813
2007-06-19,1.34156,1.34343,1.3384,1.34229,635136804.6879001
2007-06-20,1.34233,1.3436,1.339,1.33967,641042804.6881
2007-06-21,1.33973,1.34044,1.33717,1.33888,638015802.7348
2007-06-22,1.33889,1.34683,1.33772,1.34676,589317105.469
2007-06-24,1.34676,1.3469,1.34565,1.34616,52900300.7812
2007-06-25,1.34617,1.34719,1.34384,1.34623,625846396.4848
2007-06-26,1.34617,1.34764,1.3431,1.34491,629831199.2193
2007-06-27,1.34484,1.34548,1.34167,1.3454,630931804.688
2007-06-28,1.34536,1.34788,1.34233,1.34363,630253689.4536
2007-06-29,1.34359,1.35404,1.34284,1.35397,401150097.6565
2007-07-01,1.35416,1.35465,1.35337,1.35343,241188496.0938
2007-07-02,1.35344,1.36374,1.35258,1.36187,613119704.1019
2007-07-03,1.36193,1.36323,1.35833,1.36054,605410697.2657
2007-07-04,1.36061,1.36299,1.36044,1.36159,602458195.3129001
2007-07-05,1.36164,1.36574,1.35784,1.35922,616735207.0315
2007-07-06,1.35931,1.36396,1.35678,1.36253,566389996.0944
2007-07-08,1.36253,1.36337,1.36215,1.36237,45756799.8047
2007-07-09,1.3624,1.36372,1.36086,1.36203,574519199.219
2007-07-10,1.36196,1.37822,1.35935,1.37429,595630699.2192
2007-07-11,1.37419,1.37795,1.37299,1.37443,605041601.563
2007-07-12,1.37437,1.37971,1.37419,1.37823,595202500.9767001
2007-07-13,1.37817,1.38103,1.37621,1.37811,358619902.344
2007-07-15,1.37811,1.37855,1.37676,1.3775,237719000.0
2007-07-16,1.37749,1.38019,1.37603,1.37733,519774201.172
2007-07-17,1.37734,1.37974,1.3758,1.37935,539368797.8516
2007-07-18,1.37932,1.3831,1.37565,1.38045,556303495.1174
2007-07-19,1.38044,1.38284,1.37852,1.37968,552985499.0236
2007-07-20,1.37955,1.38418,1.37777,1.38251,777428404.2973
2007-07-22,1.38251,1.38438,1.38251,1.38364,240408199.2188
2007-07-23,1.38357,1.38452,1.37912,1.37982,860822989.2581
2007-07-24,1.37997,1.38515,1.37951,1.38195,862692596.6801
2007-07-25,1.38179,1.38251,1.36944,1.37203,859919441.4069
2007-07-26,1.372,1.37714,1.36888,1.37502,859175850.5863
2007-07-27,1.37499,1.37521,1.36239,1.36306,829385226.5629
2007-07-29,1.36306,1.36415,1.36058,1.36322,33563844.7265
2007-07-30,1.36321,1.37274,1.36175,1.37197,860957274.4144
2007-07-31,1.37197,1.3724,1.36636,1.36711,863489721.68
2007-08-01,1.3671,1.37099,1.36363,1.36642,858923221.68
2007-08-02,1.36625,1.37063,1.36478,1.37024,862263350.5863
2007-08-03,1.37024,1.38178,1.36811,1.37698,828126687.5004001
2007-08-05,1.37698,1.38387,1.37698,1.38163,33186788.0859
2007-08-06,1.38176,1.38386,1.37764,1.3808,861623575.1957
2007-08-07,1.38098,1.38132,1.37314,1.37496,859596644.5317
2007-08-08,1.37526,1.38259,1.37185,1.37993,861340491.2112
2007-08-09,1.37984,1.38167,1.36533,1.36624,860358553.7115
2007-08-10,1.36655,1.37049,1.36406,1.36907,781836808.5941
2007-08-12,1.36907,1.36936,1.3678,1.36897,76149097.65630001
2007-08-13,1.36883,1.37091,1.35974,1.36069,859343111.3281
2007-08-14,1.36062,1.3625,1.35238,1.35295,859345315.4301
2007-08-15,1.353,1.35319,1.34127,1.34281,857494499.024
2007-08-16,1.34292,1.34464,1.33594,1.34285,857247202.1488
2007-08-17,1.3425,1.3546,1.33691,1.34721,782456760.7425001
2007-08-19,1.34721,1.3489,1.34705,1.34705,77242142.5782
2007-08-20,1.34734,1.35076,1.34573,1.3471,856476063.477
2007-08-21,1.3471,1.35203,1.34485,1.34658,854998077.1488
2007-08-22,1.34635,1.35576,1.34459,1.35456,860180277.3442
2007-08-23,1.35477,1.35879,1.35324,1.3561,861210275.3911
2007-08-24,1.35613,1.36828,1.35497,1.36725,782098552.7346
2007-08-26,1.36725,1.36814,1.36612,1.36777,76167992.1876
2007-08-27,1.36777,1.36852,1.36303,1.36343,859784247.0708001
2007-08-28,1.3634,1.36799,1.35698,1.3574,854760994.141
2007-08-29,1.3576,1.36802,1.3557,1.36682,862036965.8207
2007-08-30,1.36671,1.3672,1.35883,1.36674,861215264.649
2007-08-31,1.36669,1.37191,1.36158,1.36265,779867589.844
2007-09-02,1.36284,1.36349,1.36223,1.36308,77001394.53119999
2007-09-03,1.36299,1.36541,1.36017,1.36109,858945809.5706
2007-09-04,1.36094,1.36256,1.3548,1.36221,854540573.2427
2007-09-05,1.36209,1.36712,1.3566,1.36506,857962536.1332
2007-09-06,1.36498,1.37098,1.36308,1.36902,858970622.0705
2007-09-07,1.36906,1.37978,1.36601,1.37657,783400922.852
2007-09-09,1.37657,1.37851,1.37657,1.37772,75144349.6095
2007-09-10,1.37743,1.38143,1.37644,1.37907,859297836.9142
2007-09-11,1.37906,1.38482,1.37756,1.38372,862666777.344
2007-09-12,1.38352,1.39141,1.38207,1.38928,858036573.2427
2007-09-13,1.38923,1.39265,1.386,1.3871,858054339.8441
2007-09-14,1.38696,1.38947,1.38414,1.38728,826836539.0628
2007-09-16,1.38728,1.38728,1.38522,1.38585,33145599.6094
2007-09-17,1.38589,1.38899,1.38474,1.38649,858047813.477
2007-09-18,1.3865,1.39889,1.38271,1.39748,863957438.477
2007-09-19,1.39726,1.39867,1.39323,1.39722,861869621.0943
2007-09-20,1.39717,1.40993,1.39659,1.4067,859776991.2114
2007-09-21,1.40669,1.41195,1.40394,1.40885,779962090.8207
2007-09-23,1.40885,1.40938,1.40811,1.40901,78164943.3595
2007-09-24,1.40897,1.41293,1.40653,1.40704,858135164.0629
2007-09-25,1.4071,1.41628,1.40567,1.41454,867051659.1801
2007-09-26,1.4145,1.41556,1.41084,1.41263,863585764.6486
2007-09-27,1.41268,1.41892,1.41195,1.41544,861774357.4224
2007-09-28,1.41537,1.42772,1.41462,1.42656,828987183.5939
2007-09-30,1.42656,1.42808,1.42604,1.42671,33058350.5859
2007-10-01,1.42678,1.42751,1.42075,1.42299,861465882.8128
2007-10-02,1.42329,1.42389,1.41353,1.41517,864020758.7894
2007-10-03,1.41512,1.42012,1.40791,1.40961,865640133.7896
2007-10-04,1.40947,1.41488,1.40641,1.41342,864407297.8518
2007-10-05,1.41336,1.41569,1.40313,1.41336,829247832.0317
2007-10-07,1.41336,1.41526,1.41335,1.41481,32420600.5859
2007-10-08,1.41468,1.41487,1.40321,1.4044,863947574.2192
2007-10-09,1.40434,1.41147,1.40093,1.41049,863695084.9613
2007-10-10,1.41067,1.41715,1.40914,1.41373,864942180.6646
2007-10-11,1.4137,1.42402,1.41318,1.41973,868383060.5474
2007-10-12,1.41982,1.42125,1.41522,1.41763,788171046.8753
2007-10-14,1.41763,1.41866,1.41609,1.41649,76941861.3282
2007-10-15,1.4164,1.42429,1.41559,1.4198,864637632.813
2007-10-16,1.42043,1.42265,1.41397,1.41742,864182791.9924
2007-10-17,1.41751,1.42301,1.41562,1.42045,866204688.4771
2007-10-18,1.4204,1.43097,1.41921,1.42893,864422401.3679
2007-10-19,1.42905,1.43179,1.42426,1.42985,829114626.9537001
2007-10-21,1.42985,1.43501,1.42985,1.43364,33973038.0859
2007-10-22,1.43364,1.43437,1.41231,1.41747,865109237.305
2007-10-23,1.4174,1.42782,1.41687,1.42545,859710670.899
2007-10-24,1.4254,1.42698,1.41873,1.42599,861285499.0238
2007-10-25,1.42583,1.43443,1.42436,1.43223,860972284.1801
2007-10-26,1.43222,1.43953,1.43137,1.43908,827539501.9534
2007-10-28,1.43908,1.44221,1.43908,1.44021,33298237.304700002
2007-10-29,1.44037,1.44378,1.43738,1.44153,862371314.4535
2007-10-30,1.44135,1.44428,1.43717,1.44369,861946543.9459
2007-10-31,1.44376,1.45035,1.44172,1.44695,860596147.4615
2007-11-01,1.44688,1.44788,1.43995,1.4423,862782780.2737
2007-11-02,1.44234,1.45273,1.44184,1.45033,783356743.1643
2007-11-04,1.45033,1.45234,1.4499,1.45023,52849800.7813
2007-11-05,1.45002,1.45095,1.44406,1.4475,860877846.6800001
2007-11-06,1.44746,1.45706,1.44654,1.45593,860608151.3675001
2007-11-07,1.45623,1.47294,1.45495,1.46203,856154524.4143
2007-11-08,1.46218,1.47027,1.46159,1.46762,859169446.2896
2007-11-09,1.46761,1.47519,1.46286,1.46725,834365770.5083001
2007-11-11,1.46725,1.46758,1.46322,1.46558,21379799.804700002
2007-11-12,1.46544,1.46632,1.45168,1.45178,862021235.3519
2007-11-13,1.4521,1.46325,1.45172,1.46182,854514863.2817
2007-11-14,1.46171,1.47245,1.46092,1.46492,860939581.0551
2007-11-15,1.4649,1.47038,1.46009,1.46174,860134501.9536
2007-11-16,1.46181,1.46721,1.45786,1.46584,836871156.2504001
2007-11-18,1.46584,1.46733,1.46584,1.4667,22168500.0
2007-11-19,1.46682,1.46884,1.4617,1.46656,859446372.0707
2007-11-20,1.46657,1.48517,1.46303,1.48295,858034129.8834
2007-11-21,1.48294,1.48689,1.47707,1.48547,855784506.8364
2007-11-22,1.48551,1.4873,1.48185,1.48502,857259092.7738
2007-11-23,1.48495,1.49646,1.47816,1.48358,802921750.9769
2007-11-25,1.48358,1.48381,1.48159,1.48322,53347898.4376
2007-11-26,1.48342,1.48869,1.48011,1.4871,858794006.8364
2007-11-27,1.48707,1.49078,1.48061,1.48332,855812595.7033
2007-11-28,1.48337,1.48579,1.47078,1.48372,857912617.1878
2007-11-29,1.48368,1.48442,1.47188,1.47561,861007644.5318
2007-11-30,1.47552,1.47849,1.46231,1.46313,840515833.9849
2007-12-02,1.46313,1.46653,1.46313,1.46583,21022900.3906
2007-12-03,1.46585,1.47077,1.4618,1.46682,856373907.2269
2007-12-04,1.46673,1.47688,1.46315,1.47609,861667734.3755
2007-12-05,1.47599,1.47701,1.45905,1.45932,859866263.1839
2007-12-06,1.4595,1.46593,1.45234,1.4655,856402028.3204
2007-12-07,1.46557,1.46725,1.45946,1.46534,839479600.5863
2007-12-09,1.46534,1.46581,1.46443,1.46508,20856150.3906
2007-12-10,1.46512,1.47356,1.46361,1.47072,858247915.0394
2007-12-11,1.47061,1.47506,1.46378,1.46586,863510172.852
2007-12-12,1.46609,1.4748,1.46469,1.4711,861805146.4847
2007-12-13,1.47108,1.47379,1.45742,1.46248,863397303.7115
2007-12-14,1.46246,1.46578,1.44094,1.44282,808360898.4379
2007-12-16,1.44282,1.44282,1.43838,1.44139,53530726.5626
2007-12-17,1.44144,1.44521,1.43273,1.44084,859485162.1097
2007-12-18,1.44101,1.44357,1.43639,1.44166,861210058.5944
2007-12-19,1.44167,1.44235,1.43229,1.43797,862917489.2581
2007-12-20,1.43817,1.43899,1.43073,1.43292,861021669.9222
2007-12-21,1.43289,1.44101,1.43218,1.43772,839524750.0004001
2007-12-23,1.43772,1.43824,1.43643,1.43724,21344049.804700002
2007-12-24,1.43763,1.44129,1.43692,1.43933,863321877.9303
2007-12-25,1.43938,1.44205,1.43825,1.4394,861617519.5317
2007-12-26,1.43936,1.45058,1.43866,1.44819,862873182.6176
2007-12-27,1.44846,1.46411,1.44643,1.46082,858463032.2271
2007-12-28,1.46094,1.47273,1.45873,1.4721,840526476.5628
2007-12-30,1.4721,1.47351,1.47022,1.47312,21852450.195299998
2007-12-31,1.47344,1.47491,1.45651,1.45844,862314048.8286
2008-01-01,1.45841,1.46285,1.45718,1.46174,860346623.0473
2008-01-02,1.46172,1.4749,1.45925,1.4714,861171585.9379
2008-01-03,1.47142,1.47807,1.46842,1.47411,861327313.4769
2008-01-04,1.47404,1.48241,1.4691,1.47397,808796632.8129001
2008-01-06,1.47397,1.47547,1.47397,1.47472,52741570.3126
2008-01-07,1.47483,1.47494,1.46557,1.46802,862234876.9533
2008-01-08,1.4681,1.47428,1.46754,1.47042,862930034.1803
2008-01-09,1.4705,1.47427,1.46357,1.46584,859026619.1408
2008-01-10,1.46582,1.48133,1.46387,1.4798,863844788.0865
2008-01-11,1.47976,1.4819,1.47585,1.47717,839643269.5316
2008-01-13,1.47717,1.48159,1.47717,1.48029,21287237.304700002
2008-01-14,1.48035,1.49146,1.47931,1.48644,865715355.4691
2008-01-15,1.48647,1.49219,1.47698,1.4799,867003100.5862
2008-01-16,1.4799,1.48583,1.45923,1.4659,865265162.1098
2008-01-17,1.46598,1.47141,1.45863,1.46362,861326684.5707
2008-01-18,1.4636,1.46941,1.45982,1.46168,837042488.2817
2008-01-20,1.46168,1.46168,1.45849,1.45942,21281694.3359
2008-01-21,1.45941,1.45977,1.44085,1.44158,862669166.9924
2008-01-22,1.44154,1.4684,1.43621,1.4642,862350008.7896
2008-01-23,1.46419,1.46518,1.45072,1.46262,864527791.9927
2008-01-24,1.46253,1.47779,1.45874,1.47685,865028139.649
2008-01-25,1.47672,1.47736,1.46567,1.46807,810514631.8364
2008-01-27,1.46807,1.47084,1.46736,1.4689,51863175.7813
2008-01-28,1.46886,1.47977,1.46588,1.47847,869726742.1878
2008-01-29,1.47831,1.4788,1.47346,1.47659,867312946.2894
2008-01-30,1.47666,1.49073,1.47508,1.48247,870129019.5320001
2008-01-31,1.48246,1.49137,1.47994,1.48619,869326207.0316
2008-02-01,1.48596,1.49468,1.47839,1.47995,845760274.4144
2008-02-03,1.47995,1.48057,1.47895,1.48011,22456346.679700002
2008-02-04,1.47997,1.48482,1.47889,1.48243,864405150.3909
2008-02-05,1.48232,1.48314,1.46185,1.46334,867846056.641
2008-02-06,1.46316,1.46699,1.45877,1.46114,868254972.6566
2008-02-07,1.46119,1.46513,1.44366,1.44742,863657937.5004
2008-02-08,1.44737,1.45475,1.44467,1.4503,845777873.0472
2008-02-10,1.4503,1.45279,1.4503,1.45234,22297399.4141
2008-02-11,1.45228,1.45786,1.44788,1.44972,867693002.9303
2008-02-12,1.44974,1.46141,1.44923,1.4578,870135897.4613
2008-02-13,1.45778,1.45988,1.45307,1.4552,867079831.0550001
2008-02-14,1.45526,1.46475,1.45457,1.46391,868501130.8597
2008-02-15,1.46409,1.47084,1.46266,1.46802,815330721.68
2008-02-17,1.46802,1.46806,1.46626,1.46708,53412593.75
2008-02-18,1.46712,1.46901,1.46081,1.46478,865757159.1802
2008-02-19,1.46468,1.4756,1.46378,1.47274,865977671.8753
2008-02-20,1.47305,1.4733,1.46123,1.47207,862974118.1645
2008-02-21,1.472,1.48366,1.46986,1.48108,865622740.2347
2008-02-22,1.48095,1.48614,1.47847,1.48235,843257060.5472
2008-02-24,1.48235,1.48396,1.48235,1.48307,21576099.6094
2008-02-25,1.48313,1.4844,1.47909,1.48303,866493142.5784
2008-02-26,1.48312,1.50454,1.47754,1.49949,861186905.2737
2008-02-27,1.49948,1.51435,1.49774,1.5115,858801295.8988
2008-02-28,1.51132,1.52301,1.50706,1.51913,865316646.4849
2008-02-29,1.51908,1.52383,1.51417,1.51762,842838036.1332
2008-03-02,1.51762,1.52256,1.51762,1.51987,21862900.3906
2008-03-03,1.51987,1.52734,1.51554,1.51957,865630896.4848
2008-03-04,1.51958,1.52467,1.51706,1.52044,867808763.6722
2008-03-05,1.5204,1.53015,1.51425,1.52749,867431771.485
2008-03-06,1.52764,1.53957,1.52678,1.53792,867729958.9848
2008-03-07,1.53811,1.54591,1.53138,1.5354,816864776.3674
2008-03-09,1.5354,1.5403,1.5354,1.53924,76202960.9376
2008-03-10,1.5392,1.54003,1.53116,1.53352,867771994.141
2008-03-11,1.53349,1.54948,1.52812,1.53355,858351566.4066
2008-03-12,1.53372,1.55725,1.53323,1.55386,865544434.5706
2008-03-13,1.55392,1.56433,1.55181,1.56189,866621887.6958001
2008-03-14,1.56194,1.56869,1.55294,1.56714,786527875.0003
2008-03-16,1.56714,1.57694,1.56709,1.57478,78433062.5001
2008-03-17,1.57478,1.59021,1.56859,1.57418,871966474.6096001
2008-03-18,1.57425,1.58311,1.56081,1.5653,867751131.8363
2008-03-19,1.56519,1.57852,1.55808,1.56345,867845600.5863
2008-03-20,1.56355,1.56404,1.53926,1.54357,865829243.1644
2008-03-21,1.54324,1.54739,1.54014,1.54269,780506342.7739
2008-03-23,1.54269,1.54389,1.54003,1.5403,77172693.3594
2008-03-24,1.5406,1.54543,1.53381,1.54316,867997355.4692
2008-03-25,1.54311,1.56579,1.54079,1.5609,858460978.5161
2008-03-26,1.56093,1.58582,1.55795,1.5819,855649532.2269
2008-03-27,1.58185,1.58455,1.57237,1.58086,864265988.2814
2008-03-28,1.58101,1.58387,1.57392,1.57918,831370179.688
2008-03-30,1.57918,1.57984,1.57918,1.57963,33080046.875
2008-03-31,1.5796,1.58974,1.57444,1.57568,861612486.3287001
2008-04-01,1.57559,1.57857,1.55612,1.56168,863033688.4768
2008-04-02,1.56158,1.57007,1.5531,1.56732,863773468.7504
2008-04-03,1.56731,1.56858,1.55073,1.56599,862945619.1411
2008-04-04,1.56575,1.57726,1.56345,1.57352,776120597.6566
2008-04-06,1.57352,1.57375,1.57071,1.573,77925947.2657
2008-04-07,1.573,1.57308,1.56247,1.57058,864247950.1959
2008-04-08,1.57074,1.57983,1.56718,1.56945,865798108.3989
2008-04-09,1.5694,1.58645,1.56835,1.58162,864904779.2973
2008-04-10,1.58155,1.59143,1.57221,1.57563,868850828.1252
2008-04-11,1.57547,1.58564,1.5747,1.58091,786123883.7895
2008-04-13,1.58091,1.58091,1.56913,1.57101,78137050.78130001
2008-04-14,1.57097,1.58867,1.56684,1.58242,864804253.4183
2008-04-15,1.58224,1.58754,1.57486,1.57846,868069959.9614
2008-04-16,1.5785,1.59786,1.57746,1.59365,864136957.0318
2008-04-17,1.59371,1.59826,1.58446,1.59046,866386519.5316
2008-04-18,1.59037,1.59566,1.57092,1.5812,830158568.3596
2008-04-20,1.5812,1.58207,1.57924,1.5808,33340887.695299998
2008-04-21,1.58097,1.59466,1.5789,1.59096,867129577.1488
2008-04-22,1.59117,1.60183,1.58307,1.59721,864492900.3909
2008-04-23,1.5972,1.59977,1.58583,1.58804,868407284.1801
2008-04-24,1.58795,1.58836,1.56331,1.56727,870701351.5631
2008-04-25,1.56764,1.57063,1.55506,1.56276,832710339.8441
2008-04-27,1.56276,1.56291,1.55892,1.56165,33497450.195299998
2008-04-28,1.56168,1.56924,1.55904,1.5654,866573648.438
2008-04-29,1.56534,1.56587,1.55384,1.55752,868191412.1096001
2008-04-30,1.55772,1.56415,1.55161,1.56241,865984745.1178
2008-05-01,1.56238,1.56425,1.54273,1.54764,862966111.3284
2008-05-02,1.54765,1.54978,1.53599,1.54218,832274861.3288
2008-05-04,1.54218,1.54394,1.54204,1.54345,33123374.023500003
2008-05-05,1.54332,1.55196,1.54232,1.55008,866147154.2973
2008-05-06,1.55016,1.55945,1.54495,1.55162,865517829.1019
2008-05-07,1.55161,1.55188,1.53312,1.53416,865953758.7894
2008-05-08,1.53426,1.54407,1.52825,1.54032,865671320.3126
2008-05-09,1.54045,1.54886,1.53889,1.54811,787279990.2348
2008-05-11,1.54811,1.54831,1.54384,1.54656,76021011.71880001
2008-05-12,1.54662,1.55699,1.53627,1.55301,861889934.5708001
2008-05-13,1.55298,1.55653,1.54275,1.54683,864942108.399
2008-05-14,1.5471,1.5486,1.53925,1.5464,864371660.1567
2008-05-15,1.54648,1.5547,1.54173,1.54563,863493101.5627
2008-05-16,1.54579,1.56019,1.54463,1.55748,831701287.1096
2008-05-18,1.55748,1.5598,1.55687,1.55812,33370550.7812
2008-05-19,1.55802,1.56333,1.54811,1.55264,866521171.8752
2008-05-20,1.55259,1.56796,1.55035,1.56472,864430600.5863
2008-05-21,1.56458,1.57965,1.56287,1.57787,868732931.6409
2008-05-22,1.5779,1.5813,1.56893,1.573,868214296.8755
2008-05-23,1.57318,1.57939,1.56947,1.57578,836042125.0003
2008-05-25,1.57578,1.57831,1.57457,1.57776,32864550.7812
2008-05-26,1.57769,1.5791,1.57391,1.57763,865145800.7816
2008-05-27,1.57781,1.58178,1.56695,1.56867,864792096.6802
2008-05-28,1.56859,1.576,1.56056,1.56545,862335947.266
2008-05-29,1.56545,1.5662,1.548,1.5515,860090711.9144
2008-05-30,1.5513,1.55682,1.54594,1.55499,786331851.5626
2008-06-01,1.55504,1.55655,1.55455,1.55564,77590986.3282
2008-06-02,1.5557,1.55881,1.54845,1.5538,864369680.6643
2008-06-03,1.55384,1.56275,1.54085,1.54489,861010058.5942
2008-06-04,1.5448,1.54825,1.54157,1.5432,862259519.5314
2008-06-05,1.54323,1.56045,1.53633,1.5595,862919873.0472
2008-06-06,1.55928,1.5778,1.55691,1.57748,827268333.9848
2008-06-08,1.57748,1.57986,1.57719,1.57792,32986122.0704
2008-06-09,1.57787,1.58432,1.5616,1.56469,861553606.4458001
2008-06-10,1.56495,1.56495,1.54371,1.54574,861815177.7348
2008-06-11,1.54582,1.55868,1.54507,1.5558,861762805.6646
2008-06-12,1.55585,1.55628,1.53764,1.54457,860957358.3988
2008-06-13,1.54456,1.54621,1.53004,1.5377,832391375.0004001
2008-06-15,1.5377,1.54126,1.5377,1.53829,33412694.336000003
2008-06-16,1.5383,1.55188,1.53433,1.54635,861788814.4535
2008-06-17,1.54622,1.55514,1.54558,1.55152,863878230.469
2008-06-18,1.55156,1.55513,1.54598,1.5543,860651878.9066
2008-06-19,1.55447,1.55863,1.54631,1.54961,859878617.1879
2008-06-20,1.54983,1.5651,1.54878,1.56028,785669869.1411
2008-06-22,1.56028,1.56357,1.55917,1.5602,76289927.7343
2008-06-23,1.56006,1.56268,1.54661,1.55202,860231708.0083001
2008-06-24,1.55192,1.56216,1.54876,1.5572,858961616.2112
2008-06-25,1.55731,1.56872,1.55335,1.56626,859331443.3601
2008-06-26,1.56656,1.57672,1.56249,1.57593,860820919.9222
2008-06-27,1.57587,1.57924,1.57154,1.57906,829464085.9377
2008-06-29,1.57906,1.57979,1.57701,1.57917,32626961.9141
2008-06-30,1.57894,1.58359,1.57271,1.5759,860010077.149
2008-07-01,1.57602,1.58249,1.5721,1.57872,857696414.0628
2008-07-02,1.57871,1.58917,1.57736,1.58762,854162013.6723
2008-07-03,1.58757,1.59117,1.56708,1.56833,855155012.6959
2008-07-04,1.56823,1.57262,1.56524,1.57029,825010064.4536
2008-07-06,1.57029,1.57064,1.56859,1.5693,32912799.804700002
2008-07-07,1.56917,1.57533,1.56072,1.57226,858047685.5475
2008-07-08,1.5723,1.57392,1.56333,1.56622,857477886.7191
2008-07-09,1.56644,1.57494,1.56472,1.57282,855525688.4771
2008-07-10,1.57315,1.58022,1.56876,1.5785,856472853.516
2008-07-11,1.5791,1.59472,1.57604,1.59368,781469827.1491001
2008-07-13,1.59368,1.59709,1.58954,1.5899,76514343.7501
2008-07-14,1.59008,1.5935,1.58392,1.58872,858248796.8754001
2008-07-15,1.58888,1.60389,1.58643,1.5915,860935115.2349
2008-07-16,1.59157,1.59477,1.57985,1.58242,857409545.8991001
2008-07-17,1.58216,1.58929,1.57815,1.58502,859988865.235
2008-07-18,1.58501,1.58867,1.58035,1.58448,824338978.516
2008-07-20,1.58448,1.58461,1.58265,1.58422,33749599.609400004
2008-07-21,1.58424,1.59313,1.58296,1.59103,856633253.9064
2008-07-22,1.5913,1.59442,1.57536,1.57772,859914765.6253
2008-07-23,1.57782,1.57989,1.56664,1.56812,859185843.2621
2008-07-24,1.56809,1.57139,1.56253,1.5683,858251285.1567
2008-07-25,1.56831,1.57537,1.56588,1.57043,823758037.1097
2008-07-27,1.57043,1.57067,1.56801,1.56896,33585440.4297
2008-07-28,1.56909,1.57683,1.56809,1.57422,858582997.0709
2008-07-29,1.57434,1.57573,1.55493,1.55882,857697396.485
2008-07-30,1.55877,1.56166,1.55183,1.55805,854064761.7192
2008-07-31,1.55793,1.56995,1.55658,1.55812,855777914.0631
2008-08-01,1.55825,1.55886,1.55142,1.55609,781399190.4301
2008-08-03,1.55609,1.5579,1.55586,1.55658,76726785.15630001
2008-08-04,1.55662,1.56306,1.55526,1.55638,858256187.5005
2008-08-05,1.55624,1.55646,1.54442,1.5464,858722317.3831
2008-08-06,1.5465,1.55167,1.53956,1.54195,850771921.8753
2008-08-07,1.54205,1.55019,1.53068,1.53109,857908230.4692
2008-08-08,1.53117,1.53128,1.4993,1.50032,823754525.3909
2008-08-10,1.50032,1.50032,1.49026,1.49321,31973496.582000002
2008-08-11,1.49333,1.50835,1.48786,1.49121,853893748.0473
2008-08-12,1.49117,1.49646,1.48112,1.48911,856868616.2112
2008-08-13,1.48891,1.49796,1.48397,1.48963,861116574.219
2008-08-14,1.48968,1.49499,1.47572,1.47726,858394192.3832
2008-08-15,1.47727,1.47928,1.46554,1.46856,825480857.4222
2008-08-17,1.46856,1.47009,1.46856,1.4699,31008044.4335
2008-08-18,1.46976,1.47679,1.4666,1.46944,857614545.4109
2008-08-19,1.4694,1.48043,1.46272,1.47914,842389517.5785
2008-08-20,1.47911,1.47985,1.46685,1.47499,854385096.68
2008-08-21,1.4749,1.49078,1.47398,1.4887,854233367.1879001
2008-08-22,1.48851,1.48949,1.47568,1.47909,778126414.0629
2008-08-24,1.47909,1.47909,1.47737,1.47805,76131800.78119999
2008-08-25,1.4781,1.48067,1.46921,1.47242,854598280.2738
2008-08-26,1.4725,1.47269,1.45655,1.46429,862068477.5395
2008-08-27,1.46437,1.47761,1.46419,1.4743,863736391.6019
2008-08-28,1.47462,1.48103,1.46691,1.47013,866715337.8911
2008-08-29,1.47026,1.47674,1.46368,1.46714,828355962.8911
2008-08-31,1.46714,1.47198,1.46714,1.46967,33253441.4063
2008-09-01,1.46962,1.47029,1.45543,1.4581,864054428.7114
2008-09-02,1.45808,1.45981,1.44626,1.44873,863668211.9144
2008-09-03,1.44866,1.45219,1.43811,1.45129,865372146.4847
2008-09-04,1.45134,1.45438,1.42108,1.42572,858690364.2582
2008-09-05,1.42574,1.43462,1.41957,1.42666,787717356.4456
2008-09-07,1.42666,1.43986,1.42658,1.43524,75586951.1719
2008-09-08,1.4351,1.4428,1.40516,1.4133,864570757.813
2008-09-09,1.41335,1.42267,1.40435,1.40919,857770953.1254001
2008-09-10,1.40922,1.41796,1.39332,1.39359,858807006.3481001
2008-09-11,1.39351,1.4038,1.38778,1.40064,862747327.1489
2008-09-12,1.40081,1.42325,1.39683,1.42204,829360847.6567
2008-09-14,1.42204,1.43488,1.42204,1.43163,31915416.992200002
2008-09-15,1.43164,1.44821,1.4082,1.42425,860959382.8131
2008-09-16,1.42423,1.42826,1.40699,1.41656,864007004.883
2008-09-17,1.41667,1.43837,1.40966,1.4335,861177396.4847
2008-09-18,1.43353,1.45404,1.42772,1.42985,858961801.2699
2008-09-19,1.42982,1.44975,1.41494,1.44646,785268875.0003
2008-09-21,1.44646,1.45012,1.4433,1.44887,75853699.21880001
2008-09-22,1.44877,1.4864,1.44513,1.48008,860803293.9459
2008-09-23,1.48003,1.48264,1.46195,1.46831,864502334.9614
2008-09-24,1.46822,1.47451,1.45996,1.4651,864581561.5239
2008-09-25,1.46506,1.47667,1.45584,1.46624,861457480.4692
2008-09-26,1.4663,1.46777,1.45538,1.46108,783294252.9301
2008-09-28,1.46108,1.46108,1.4507,1.45357,75163800.78130001
2008-09-29,1.45356,1.45675,1.43001,1.43655,1723486175.7815
2008-09-30,1.43677,1.44243,1.40067,1.41178,863617079.1021
2008-10-01,1.4119,1.4174,1.39755,1.39905,860586989.2582
2008-10-02,1.399,1.40145,1.37455,1.3786,936619351.5629
2008-10-03,1.3786,1.39065,1.37025,1.37705,868942635.7424
2008-10-05,1.37705,1.37705,1.361,1.3649,36049888.1836
2008-10-06,1.3649,1.367,1.3443,1.3515,1128964476.5627
2008-10-07,1.3515,1.37425,1.34815,1.357,816986325.1958001
2008-10-08,1.35687,1.37535,1.35429,1.3608,710344998.0474
2008-10-09,1.36079,1.37812,1.35528,1.35568,178114709.2288
2008-10-10,1.35567,1.36407,1.32592,1.34091,131540406.9825
2008-10-12,1.34091,1.36181,1.34091,1.35955,47259438.4767
2008-10-13,1.35969,1.36795,1.34498,1.36528,174724109.8633
2008-10-14,1.3654,1.37639,1.35585,1.35616,172571298.8284
2008-10-15,1.35583,1.36847,1.3421,1.34334,173120407.7147
2008-10-16,1.34333,1.35329,1.33467,1.34835,174862914.7952
2008-10-17,1.34814,1.35116,1.33846,1.34052,165644696.5331
2008-10-19,1.34052,1.34437,1.33917,1.34418,92835654.297
2008-10-20,1.34435,1.35299,1.32871,1.33373,712170227.5394
2008-10-21,1.3338,1.33514,1.29995,1.30052,712126231.4457
2008-10-22,1.30056,1.3031,1.27257,1.27701,713110151.3678
2008-10-23,1.27699,1.30016,1.27319,1.28979,713188314.4536
2008-10-24,1.28987,1.29033,1.24941,1.2619,665315564.4536
2008-10-26,1.2619,1.2621,1.25293,1.26188,43353100.5859
2008-10-27,1.26219,1.26774,1.23331,1.24602,1427686787.1096
2008-10-28,1.24645,1.28374,1.2329,1.28055,712542444.3362
2008-10-29,1.28055,1.2991,1.26235,1.2956,665064798.3402001
2008-10-30,1.29565,1.3285,1.2805,1.28685,652547062.5002
2008-10-31,1.28715,1.2885,1.26675,1.27245,548501721.68
2008-11-02,1.273,1.2783,1.273,1.27711,8575200.1954
2008-11-03,1.27725,1.28985,1.2575,1.26135,724720691.4065
2008-11-04,1.2615,1.3048,1.2525,1.2981,909200313.4769
2008-11-05,1.2981,1.31145,1.27925,1.29135,865519630.8601
2008-11-06,1.29135,1.2932,1.26735,1.26875,819687936.5237
2008-11-07,1.26875,1.285,1.2652,1.2716,722363339.8442
2008-11-09,1.2716,1.2827,1.2716,1.2823,20840300.292999998
2008-11-10,1.2823,1.2927,1.27175,1.2745,683097633.7894
2008-11-11,1.27455,1.28,1.2476,1.2511,640325424.8049
2008-11-12,1.2511,1.2631,1.24365,1.2457,696354841.309
2008-11-13,1.2457,1.28525,1.2388,1.2786,491633815.43
2008-11-14,1.2786,1.2799,1.25765,1.26025,691739797.852
2008-11-16,1.26025,1.26025,1.25145,1.25215,23471249.5117
2008-11-17,1.25215,1.27415,1.25115,1.26405,616106038.0864
2008-11-18,1.26415,1.27,1.25665,1.26345,695577837.8909
2008-11-19,1.26345,1.2814,1.2472,1.2503,566431925.2932
2008-11-20,1.2503,1.25935,1.2423,1.2438,557304646.9731
2008-11-21,1.2438,1.26375,1.24295,1.25855,576917736.3284
2008-11-23,1.25855,1.26535,1.25835,1.264,16341099.6094
2008-11-24,1.264,1.296,1.2567,1.29135,885193127.4419
2008-11-25,1.2914,1.3081,1.28035,1.303,725078070.8011
2008-11-26,1.3031,1.30315,1.2819,1.28935,759981234.3754001
2008-11-27,1.28945,1.2968,1.2859,1.28925,697413850.8304
2008-11-28,1.28925,1.2957,1.2645,1.2689,701912956.0549
2008-11-30,1.2689,1.27115,1.26676,1.26676,10278700.1954
2008-12-01,1.2667,1.27035,1.2581,1.2596,748071401.8558
2008-12-02,1.2596,1.27655,1.2562,1.2708,724955539.5513
2008-12-03,1.27085,1.27415,1.2602,1.2704,823930615.7227
2008-12-04,1.2704,1.28475,1.2549,1.2773,844708421.8753
2008-12-05,1.27725,1.2799,1.2627,1.27198,706264942.8714
2008-12-07,1.27198,1.2734,1.27155,1.2729,6301699.9512
2008-12-08,1.2729,1.29675,1.27265,1.29125,811737062.012
2008-12-09,1.29125,1.30005,1.2798,1.2926,929368244.6291
2008-12-10,1.2926,1.307,1.29035,1.3013,999561339.3557
2008-12-11,1.30125,1.3403,1.3005,1.33275,770447549.8053
2008-12-12,1.33275,1.3415,1.32505,1.33682,497722761.719
2008-12-14,1.33682,1.34535,1.33637,1.3442,13046500.0
2008-12-15,1.3442,1.3726,1.343,1.3694,659072947.2659
2008-12-16,1.3694,1.41475,1.363,1.4065,730008059.0824
2008-12-17,1.4064,1.44365,1.4007,1.44055,628838751.2208
2008-12-18,1.44055,1.46925,1.41875,1.4293,477603688.4765
2008-12-19,1.42915,1.43095,1.38265,1.3911,473528379.8833
2008-12-21,1.3911,1.39755,1.39076,1.39755,13072000.0
2008-12-22,1.39755,1.41245,1.39025,1.39519,551357761.9633
2008-12-23,1.39519,1.4021,1.39135,1.3933,464167340.3322
2008-12-24,1.39335,1.4019,1.3933,1.40008,298178348.7551
2008-12-25,1.39997,1.40465,1.39757,1.40125,464419322.7541
2008-12-26,1.4012,1.41155,1.39895,1.40182,129161877.1973
2008-12-28,1.40182,1.41125,1.40182,1.4103,9695599.853500001
2008-12-29,1.4104,1.43625,1.39165,1.40335,603020458.4963
2008-12-30,1.40335,1.4221,1.3988,1.41395,515789548.8286
2008-12-31,1.41395,1.41445,1.38505,1.39746,355075531.25020003
2009-01-01,1.39734,1.40707,1.396,1.39974,483112846.1917
2009-01-02,1.40013,1.40255,1.38385,1.39185,388659719.2384
2009-01-04,1.39185,1.39595,1.38743,1.39575,9912100.0977
2009-01-05,1.39575,1.3961,1.35495,1.36365,547385618.6526
2009-01-06,1.3634,1.3637,1.3313,1.35045,639391744.6295
2009-01-07,1.3505,1.3747,1.3432,1.36135,742192525.3912001
2009-01-08,1.36135,1.37965,1.35345,1.3696,742629443.8482
2009-01-09,1.36975,1.37305,1.3415,1.34672,475222689.9417
2009-01-11,1.34672,1.34735,1.3405,1.34155,17289700.195299998
2009-01-12,1.3416,1.34455,1.32938,1.3357,608021573.7308
2009-01-13,1.33575,1.3358,1.31402,1.31985,721291838.3792
2009-01-14,1.31995,1.3337,1.3094,1.32115,629166468.262
2009-01-15,1.3211,1.3234,1.30247,1.31585,804170055.6643
2009-01-16,1.31585,1.33425,1.31445,1.3264,674141800.7816
2009-01-18,1.3264,1.33845,1.3264,1.3357,17025799.804700002
2009-01-19,1.33575,1.33805,1.30565,1.30925,612203896.9731
2009-01-20,1.30925,1.3102,1.2847,1.28825,618839992.676
2009-01-21,1.28825,1.30855,1.28235,1.3,671035399.9027001
2009-01-22,1.3,1.3082,1.29085,1.3004,572080923.8282
2009-01-23,1.3004,1.30345,1.27675,1.29725,522123710.9378
2009-01-25,1.29725,1.29725,1.2878,1.28945,10256049.8046
2009-01-26,1.2894,1.32355,1.2861,1.3187,734996295.4105
2009-01-27,1.31835,1.3329,1.31165,1.3214,757645932.6174
2009-01-28,1.3214,1.3323,1.31015,1.31525,862882446.2894
2009-01-29,1.3153,1.3179,1.29165,1.2937,769246131.8365
2009-01-30,1.2937,1.29415,1.27625,1.28105,741571140.6256
2009-02-01,1.28227,1.28227,1.27462,1.27495,20172600.5859
2009-02-02,1.27485,1.28985,1.27055,1.2813,648975690.43
2009-02-03,1.28115,1.30565,1.2801,1.30105,723181372.559
2009-02-04,1.30105,1.30705,1.28125,1.28545,716988914.0629
2009-02-05,1.28545,1.2905,1.27615,1.27885,683218132.3246
2009-02-06,1.27885,1.29925,1.2747,1.2938,604512884.766
2009-02-08,1.2938,1.2986,1.2938,1.2958,22455400.3906
2009-02-09,1.2958,1.30925,1.2872,1.29605,846577098.6333
2009-02-10,1.296,1.30735,1.28095,1.29105,851000156.7386
2009-02-11,1.2911,1.2998,1.2833,1.28655,758348014.6486
2009-02-12,1.28655,1.2943,1.2721,1.28825,711221759.7661
2009-02-13,1.2883,1.2942,1.2821,1.28605,487663603.0276
2009-02-15,1.28605,1.28605,1.27525,1.27905,19950239.7461
2009-02-16,1.27905,1.28245,1.27265,1.2797,550859308.5939
2009-02-17,1.27975,1.27995,1.25575,1.25825,840829931.1528
2009-02-18,1.25825,1.264,1.25125,1.25655,556075919.4338
2009-02-19,1.25655,1.276,1.25565,1.26565,598060789.0628
2009-02-20,1.2656,1.2879,1.25565,1.2825,686742681.641
2009-02-22,1.2825,1.2826,1.27905,1.2791,11835395.263700001
2009-02-23,1.2791,1.29915,1.26645,1.267,1088380337.8909
2009-02-24,1.2671,1.28775,1.2662,1.287,992273037.1097
2009-02-25,1.28705,1.28985,1.26895,1.2716,1119363438.9649
2009-02-26,1.2716,1.28105,1.2682,1.27175,657442663.0862
2009-02-27,1.2717,1.275,1.2604,1.2669,685580350.5864
2009-03-01,1.26677,1.26677,1.2585,1.2589,11923000.0
2009-03-02,1.25915,1.2632,1.25385,1.25605,850354924.3167
2009-03-03,1.25615,1.26775,1.2521,1.2528,874058604.4929
2009-03-04,1.2529,1.2663,1.2456,1.2633,883002770.0198
2009-03-05,1.2633,1.2639,1.24805,1.25445,713652180.1762
2009-03-06,1.25445,1.27505,1.25375,1.26485,798922440.4301
2009-03-08,1.26485,1.27155,1.26485,1.2715,58320161.1328
2009-03-09,1.2715,1.27265,1.25555,1.2618,1018979304.1995
2009-03-10,1.26185,1.28215,1.26105,1.27145,1039687073.2425
2009-03-11,1.27145,1.28645,1.2616,1.2805,1086459310.0587
2009-03-12,1.2805,1.29445,1.27315,1.2897,1032065713.8676
2009-03-13,1.2897,1.2957,1.2862,1.2928,812350226.5629001
2009-03-15,1.2928,1.2928,1.28375,1.28805,26982699.7071
2009-03-16,1.2881,1.3071,1.2867,1.2974,1113758229.4923
2009-03-17,1.2973,1.3041,1.293,1.3032,767913881.592
2009-03-18,1.30315,1.35345,1.2986,1.3487,979551465.8206
2009-03-19,1.34865,1.37375,1.34165,1.36595,973669645.9964
2009-03-20,1.36595,1.3726,1.3517,1.35795,825180126.9533
2009-03-22,1.35795,1.3674,1.35795,1.36265,47963700.1953
2009-03-23,1.36265,1.3736,1.3485,1.36175,740968367.1879001
2009-03-24,1.36175,1.3678,1.34305,1.3481,1102403710.9377
2009-03-25,1.3481,1.36465,1.3418,1.3574,822079851.5627
2009-03-26,1.3574,1.36385,1.3494,1.3527,920529042.9692
2009-03-27,1.3528,1.3591,1.32565,1.3287,675689380.8596001
2009-03-29,1.3287,1.3287,1.32105,1.3266,20918097.6562
2009-03-30,1.32665,1.328,1.3116,1.31875,679706024.9026
2009-03-31,1.3188,1.33425,1.31735,1.3256,758106471.6802
2009-04-01,1.32565,1.3286,1.31665,1.32435,686394154.0532
2009-04-02,1.32405,1.3517,1.324,1.3472,686199718.2619
2009-04-03,1.3472,1.3495,1.3365,1.34835,595542659.18
2009-04-05,1.34835,1.3552,1.34835,1.3535,20826469.7266
2009-04-06,1.3535,1.35815,1.3322,1.3322,632651399.4144
2009-04-07,1.3322,1.3397,1.32265,1.3268,672254990.2348
2009-04-08,1.3268,1.33075,1.3148,1.3251,719821744.141
2009-04-09,1.3251,1.33355,1.3097,1.3121,587616544.9221
2009-04-10,1.312,1.31875,1.3092,1.31845,179884999.0235
2009-04-12,1.31845,1.3189,1.31515,1.31535,8543899.9023
2009-04-13,1.31535,1.33915,1.3127,1.3375,248680626.2207
2009-04-14,1.3375,1.3377,1.3226,1.32675,516724938.477
2009-04-15,1.32675,1.32975,1.3146,1.32215,613693554.1996
2009-04-16,1.3223,1.3268,1.31265,1.31855,620866242.1877
2009-04-17,1.31845,1.3193,1.3017,1.3043,576769158.6917
2009-04-19,1.3043,1.30591,1.3006,1.3007,23929299.804700002
2009-04-20,1.30065,1.3018,1.2891,1.2904,548846583.4966
2009-04-21,1.2904,1.29935,1.28965,1.29355,564519550.2934
2009-04-22,1.2935,1.3037,1.28845,1.30075,595346499.0239
2009-04-23,1.30065,1.31605,1.29795,1.3125,541885302.7347
2009-04-24,1.3125,1.3301,1.31125,1.32395,535675851.5627
2009-04-26,1.32395,1.32458,1.32185,1.32185,20663999.5117
2009-04-27,1.32185,1.32185,1.29985,1.3023,553640724.1212
2009-04-28,1.3023,1.3166,1.29635,1.3131,490523778.3204
2009-04-29,1.31305,1.3339,1.312,1.32655,480448533.2033
2009-04-30,1.32655,1.33855,1.31905,1.3244,476323891.602
2009-05-01,1.32435,1.33275,1.3227,1.32705,312903421.6311
2009-05-03,1.32705,1.32899,1.32636,1.32873,41258500.9766
2009-05-04,1.32872,1.34375,1.3212,1.3415,418689985.1077
2009-05-05,1.34145,1.34355,1.3282,1.33035,409808571.7774
2009-05-06,1.3303,1.33745,1.32455,1.33,501116457.0315
2009-05-07,1.33,1.347,1.32515,1.3386,368673054.9318
2009-05-08,1.33855,1.365,1.33415,1.3639,371912094.7269
2009-05-10,1.3639,1.3656,1.36145,1.36315,21991499.7558
2009-05-11,1.36315,1.3667,1.3557,1.3584,598779007.8128
2009-05-12,1.35835,1.37075,1.35625,1.36765,783382923.3402001
2009-05-13,1.36765,1.3722,1.3534,1.354,612235959.473
2009-05-14,1.354,1.3665,1.35245,1.3631,442743603.5158
2009-05-15,1.36305,1.365,1.3462,1.34945,387050303.7111
2009-05-17,1.34945,1.34945,1.3442,1.3453,27058000.4882
2009-05-18,1.3454,1.3563,1.3423,1.355,474748570.31270003
2009-05-19,1.355,1.3668,1.353,1.3643,510881729.4925
2009-05-20,1.3642,1.3829,1.35835,1.3783,502459541.9926
2009-05-21,1.3782,1.39405,1.3728,1.39405,544892966.309
2009-05-22,1.39405,1.405,1.38995,1.39955,622009861.8168
2009-05-24,1.39955,1.4048,1.39955,1.40255,18372700.195299998
2009-05-25,1.4025,1.40275,1.39575,1.4009,390766552.4903
2009-05-26,1.40085,1.4022,1.386,1.3992,830252083.0082
2009-05-27,1.3992,1.3996,1.38223,1.38315,791617985.3519
2009-05-28,1.38315,1.3983,1.3793,1.39475,790822729.0042
2009-05-29,1.39475,1.41685,1.39425,1.41565,790138723.6332
2009-05-31,1.41565,1.41565,1.41,1.41041,27579059.570299998
2009-06-01,1.4105,1.4246,1.4099,1.41805,802773217.7737
2009-06-02,1.418,1.4331,1.41015,1.42885,779902048.8284
2009-06-03,1.4289,1.4337,1.41085,1.4142,824556041.9926
2009-06-04,1.41415,1.4241,1.407,1.41675,956396578.1253
2009-06-05,1.41675,1.42675,1.39325,1.3965,746292788.0865
2009-06-07,1.3965,1.3977,1.39268,1.39745,19135499.5117
2009-06-08,1.39745,1.4002,1.3805,1.39285,829431069.8245
2009-06-09,1.39285,1.4101,1.3852,1.4062,757557478.0276
2009-06-10,1.4062,1.41435,1.3915,1.3988,697572949.2192
2009-06-11,1.39875,1.41715,1.3943,1.41245,672799031.7386
2009-06-12,1.4124,1.4127,1.3936,1.4015,688904843.2622
2009-06-14,1.4015,1.4015,1.39661,1.39763,42220619.140599996
2009-06-15,1.3976,1.39814,1.37575,1.37737,204391900.3906
2009-06-16,1.3775,1.39196,1.37484,1.38143,205342501.7091
2009-06-17,1.38138,1.39699,1.38107,1.39681,204404400.3904
2009-06-18,1.39627,1.39897,1.38819,1.3908,204021500.244
2009-06-19,1.39076,1.4012,1.3883,1.3938,326498398.926
2009-06-21,1.3938,1.3955,1.39244,1.39355,13056499.755800001
2009-06-22,1.39355,1.39355,1.3826,1.3849,550257788.5743
2009-06-23,1.3849,1.4108,1.38285,1.4069,609682158.9357
2009-06-24,1.4069,1.4138,1.38875,1.39415,574803230.7131
2009-06-25,1.39415,1.40117,1.38885,1.40092,543918935.0589
2009-06-26,1.40086,1.4118,1.40066,1.4053,449035442.1387
2009-06-28,1.4053,1.40765,1.40449,1.40695,13209890.380800001
2009-06-29,1.40697,1.40703,1.40679,1.40691,448234058.83820003
2009-06-30,1.40978,1.40988,1.40962,1.4098,587896839.5999
2009-07-01,1.40364,1.41993,1.39978,1.41447,82236400.2688
2009-07-02,1.41446,1.41488,1.39256,1.39596,81619600.0976
2009-07-03,1.39592,1.40282,1.39494,1.39792,74459900.5126
2009-07-05,1.39792,1.39792,1.39485,1.39573,6363300.0489
2009-07-06,1.39581,1.39977,1.38749,1.39914,81200199.8292
2009-07-07,1.39913,1.40497,1.38853,1.38957,81738199.9512
2009-07-08,1.38934,1.39391,1.38294,1.38615,81161099.6093
2009-07-09,1.38608,1.40722,1.38582,1.4009,81129600.2196
2009-07-10,1.40084,1.40116,1.38734,1.39351,74003299.1943
2009-07-12,1.39351,1.39757,1.39351,1.39712,6687700.0732
2009-07-13,1.39722,1.40038,1.38942,1.40015,81124299.5606
2009-07-14,1.40032,1.40136,1.39084,1.39787,80232000.0001
2009-07-15,1.39786,1.41335,1.39662,1.40908,81178199.829
2009-07-16,1.40924,1.41648,1.40536,1.41309,80576200.1952
2009-07-17,1.41314,1.41492,1.40599,1.40986,74639899.4141
2009-07-19,1.40986,1.41365,1.40904,1.41333,6395700.0733
2009-07-20,1.41344,1.42494,1.41244,1.42075,80137700.4395
2009-07-21,1.42071,1.4276,1.41601,1.41972,81553000.1223
2009-07-22,1.41967,1.42562,1.41529,1.42008,81721400.0243
2009-07-23,1.42013,1.42908,1.41181,1.41609,80922600.0977
2009-07-24,1.41614,1.42529,1.41337,1.42006,74800999.2674
2009-07-26,1.42006,1.42316,1.41862,1.41913,6511399.9024
2009-07-27,1.41919,1.42967,1.41692,1.4244,81008500.122
2009-07-28,1.42448,1.43028,1.41277,1.41451,79819700.0734
2009-07-29,1.41451,1.41949,1.40043,1.40137,80799499.1454
2009-07-30,1.40151,1.4094,1.40124,1.40831,82607700.4396
2009-07-31,1.40831,1.42796,1.40759,1.42555,74442900.2686
2009-08-02,1.4254,1.43084,1.42432,1.42873,6865399.9023
2009-08-03,1.42866,1.44444,1.42025,1.44065,80742800.0489
2009-08-04,1.44064,1.44295,1.43645,1.44147,81258900.1468
2009-08-05,1.44135,1.44469,1.4354,1.4408,80830300.0488
2009-08-06,1.44085,1.44284,1.43261,1.43683,82235000.4884
2009-08-07,1.43695,1.44111,1.41533,1.41804,75295700.3172
2009-08-09,1.41804,1.41976,1.41646,1.41917,6833900.0243999995
2009-08-10,1.41913,1.42177,1.41014,1.41289,81771300.2931
2009-08-11,1.41287,1.41849,1.41066,1.41507,82407400.0244
2009-08-12,1.41485,1.42463,1.40827,1.42157,80571000.6104
2009-08-13,1.42154,1.43264,1.42063,1.42718,82381600.2197
2009-08-14,1.42724,1.43058,1.41561,1.42011,74710800.2929
2009-08-16,1.42011,1.42011,1.41666,1.41677,6464700.0732
2009-08-17,1.41661,1.41694,1.4044,1.41055,81594199.9513
2009-08-18,1.41071,1.41529,1.40657,1.41271,78041299.5145
2009-08-19,1.41271,1.42656,1.40804,1.42475,75015599.6095
2009-08-20,1.42488,1.42738,1.41999,1.42532,80919599.9756
2009-08-21,1.42533,1.43776,1.42043,1.43247,75206400.5128
2009-08-23,1.43247,1.43478,1.43247,1.43381,6819200.0732
2009-08-24,1.43386,1.43572,1.42775,1.4288,81795399.9025
2009-08-25,1.42943,1.43609,1.42496,1.42862,81269900.5129
2009-08-26,1.42828,1.43508,1.42026,1.42332,82141099.8533
2009-08-27,1.4236,1.44054,1.42157,1.43704,81915799.8048
2009-08-28,1.43715,1.43884,1.4279,1.43013,75583100.3419
2009-08-30,1.43013,1.43187,1.42804,1.43039,6336300.0489
2009-08-31,1.43034,1.43685,1.42531,1.43349,81950399.1697
2009-09-01,1.43345,1.4378,1.41741,1.4206,81116599.1212
2009-09-02,1.42067,1.42937,1.41868,1.4269,81895899.414
2009-09-03,1.42712,1.43466,1.42338,1.42557,81797499.878
2009-09-04,1.42552,1.43252,1.41894,1.42928,75116300.293
2009-09-06,1.42928,1.43208,1.42928,1.43207,6309000.122099999
2009-09-07,1.43208,1.4362,1.43142,1.43335,81300300.1708
2009-09-08,1.43324,1.45351,1.4326,1.45002,81540599.3651
2009-09-09,1.44998,1.4598,1.44631,1.45472,81195700.3175
2009-09-10,1.45478,1.46103,1.45007,1.458,81101100.4639
2009-09-11,1.45811,1.46317,1.45527,1.45688,74281099.6093
2009-09-13,1.45688,1.46067,1.45675,1.45764,7311500.0
2009-09-14,1.45755,1.46516,1.45121,1.46387,80767300.1709
2009-09-15,1.46373,1.4685,1.45597,1.4669,80772099.7315
2009-09-16,1.46675,1.47353,1.46429,1.47075,80746200.0731
2009-09-17,1.47084,1.47654,1.46853,1.47295,80685199.8291
2009-09-18,1.47305,1.47367,1.46455,1.47084,75278400.1465
2009-09-20,1.47084,1.471,1.46794,1.47027,6384000.0
2009-09-21,1.47035,1.47121,1.46082,1.46819,81694299.8047
2009-09-22,1.46815,1.48383,1.46807,1.48078,81228199.9512
2009-09-23,1.48084,1.48421,1.46852,1.47258,81990000.3664
2009-09-24,1.47261,1.48026,1.46205,1.46481,81445200.1954
2009-09-25,1.46494,1.47234,1.46114,1.46859,73968799.8049
2009-09-27,1.46859,1.47197,1.46823,1.47082,6430699.9512
2009-09-28,1.47071,1.4711,1.45593,1.46193,80859799.805
2009-09-29,1.46198,1.46455,1.45246,1.45917,81056200.0732
2009-09-30,1.45924,1.46728,1.45723,1.46502,80730799.6825
2009-10-01,1.46504,1.46668,1.45084,1.4514,80660800.4152
2009-10-02,1.45138,1.46467,1.44792,1.45743,73932800.415
2009-10-04,1.45743,1.46127,1.45743,1.45964,6833700.0733
2009-10-05,1.45953,1.46685,1.45908,1.46558,80719699.8291
2009-10-06,1.46563,1.47612,1.46541,1.47193,81330000.2441
2009-10-07,1.47205,1.47361,1.4648,1.47131,81895199.9509
2009-10-08,1.47125,1.4816,1.47026,1.47717,80730399.7804
2009-10-09,1.47706,1.47759,1.46721,1.4729,75222299.3163
2009-10-11,1.4729,1.47412,1.47133,1.4718,6489600.0976
2009-10-12,1.47194,1.48127,1.46751,1.47913,80912700.9276
2009-10-13,1.4791,1.48756,1.47575,1.48491,82458399.4141
2009-10-14,1.48471,1.49443,1.48371,1.49319,80547000.1218
2009-10-15,1.49323,1.49687,1.48412,1.49529,82102099.4873
2009-10-16,1.49535,1.4966,1.48463,1.49032,75119699.7069
2009-10-18,1.49032,1.49178,1.48787,1.48941,6513300.0488
2009-10-19,1.48938,1.49801,1.48301,1.49663,81251899.6581
2009-10-20,1.49658,1.4994,1.48806,1.49295,79091800.6592
2009-10-21,1.49298,1.50456,1.48846,1.50121,79731200.4395
2009-10-22,1.50138,1.5042,1.49413,1.50371,80550800.5373
2009-10-23,1.50378,1.5059,1.4983,1.50057,72521700.8059
2009-10-25,1.50057,1.50107,1.49823,1.49878,6588300.0488
2009-10-26,1.49883,1.506,1.4842,1.48559,79807700.0731
2009-10-27,1.48567,1.4926,1.4766,1.48179,79106599.8535
2009-10-28,1.48186,1.48405,1.46888,1.47149,79558799.1944
2009-10-29,1.4714,1.48582,1.46836,1.48373,80703200.684
2009-10-30,1.48383,1.48585,1.47003,1.47177,73800599.3652
2009-11-01,1.47295,1.47411,1.46814,1.47035,3020899.9024
2009-11-02,1.47037,1.48445,1.47037,1.47705,79677000.6107
2009-11-03,1.47704,1.48088,1.46235,1.47284,79664799.5606
2009-11-04,1.47288,1.49069,1.47003,1.48659,80226399.9023
2009-11-05,1.48655,1.49166,1.48067,1.48748,80436899.4137
2009-11-06,1.48753,1.49138,1.48102,1.48454,76990500.2441
2009-11-08,1.48454,1.48841,1.48454,1.48649,3113199.9512
2009-11-09,1.48644,1.50197,1.485,1.50037,80265900.0246
2009-11-10,1.50034,1.50206,1.49357,1.499,80268100.3418
2009-11-11,1.49904,1.50495,1.49498,1.49817,79514700.0733
2009-11-12,1.49808,1.50149,1.48201,1.48542,79219399.5361
2009-11-13,1.48541,1.4935,1.48231,1.48991,76291200.1952
2009-11-15,1.48991,1.49573,1.48991,1.49558,3998899.9024
2009-11-16,1.49555,1.50148,1.48805,1.49783,79823200.5614
2009-11-17,1.49815,1.49984,1.48048,1.48741,79442400.0242
2009-11-18,1.48727,1.49896,1.48661,1.49524,79442399.6584
2009-11-19,1.49542,1.49552,1.48395,1.49129,80231999.8781
2009-11-20,1.49115,1.49347,1.47998,1.48595,76920999.8778
2009-11-22,1.48595,1.48699,1.48313,1.48664,2935500.0
2009-11-23,1.48665,1.49977,1.48654,1.49528,79850100.0978
2009-11-24,1.49533,1.49887,1.48859,1.49652,79004999.7561
2009-11-25,1.49645,1.51441,1.4959,1.51252,79469548.7062
2009-11-26,1.51257,1.51381,1.49404,1.49682,79117961.6702
2009-11-27,1.49653,1.49985,1.48264,1.49853,76688100.2197
2009-11-29,1.49853,1.50197,1.4962,1.49943,2955200.0732
2009-11-30,1.49931,1.50825,1.49702,1.50343,79568399.9023
2009-12-01,1.50351,1.51194,1.49719,1.50885,79048100.4638
2009-12-02,1.50881,1.51096,1.5029,1.50635,80282500.2441
2009-12-03,1.50638,1.51398,1.50344,1.5061,78852599.8535
2009-12-04,1.50618,1.50911,1.48188,1.48547,75649499.3895
2009-12-06,1.48547,1.48729,1.48492,1.48695,4257899.9024
2009-12-07,1.48705,1.49042,1.47535,1.48371,79311699.8292
2009-12-08,1.48353,1.48652,1.46699,1.46909,79617299.8046
2009-12-09,1.46904,1.47809,1.46717,1.47346,80040299.8047
2009-12-10,1.47356,1.47597,1.46827,1.47275,78473000.122
2009-12-11,1.47285,1.47758,1.45845,1.46112,76748899.6582
2009-12-13,1.46112,1.46261,1.45955,1.46217,3109800.0488
2009-12-14,1.46211,1.46848,1.46042,1.46558,80084600.3418
2009-12-15,1.46563,1.46581,1.45011,1.45383,79782399.2918
2009-12-16,1.45398,1.45903,1.45023,1.45219,79353700.0733
2009-12-17,1.45204,1.45306,1.43035,1.43427,80870099.8535
2009-12-18,1.43429,1.44105,1.42582,1.43364,77342900.0241
2009-12-20,1.43364,1.43376,1.42972,1.43301,4177699.9511
2009-12-21,1.43301,1.43727,1.42636,1.42834,80092099.9757
2009-12-22,1.42838,1.4332,1.42149,1.42518,79824300.5375
2009-12-23,1.42514,1.43646,1.42315,1.43328,81283699.8291
2009-12-24,1.43331,1.4418,1.43278,1.43767,79324900.63509999
2009-12-25,1.43761,1.44365,1.43558,1.43772,75390500.2443
2009-12-27,1.43772,1.43927,1.43564,1.43724,4171199.9512
2009-12-28,1.43726,1.44138,1.43505,1.43719,80112300.9033
2009-12-29,1.43723,1.44572,1.43311,1.43386,80661399.7803
2009-12-30,1.43397,1.43606,1.42694,1.43384,79295300.0488
2009-12-31,1.43377,1.444,1.43025,1.43283,79605799.8046
2010-01-01,1.43283,1.43356,1.43181,1.43335,76787398.6813
2010-01-03,1.43335,1.43359,1.42951,1.43141,3001599.9756
2010-01-04,1.43143,1.44556,1.42559,1.44244,80019401.001
2010-01-05,1.44238,1.44834,1.43445,1.43634,79887099.9755
2010-01-06,1.43638,1.44342,1.42807,1.44005,80971799.1943
2010-01-07,1.44008,1.44432,1.42976,1.43155,80807500.0002
2010-01-08,1.43164,1.44382,1.42616,1.44083,76152399.9024
2010-01-10,1.44083,1.44761,1.44049,1.44631,3808700.0732
2010-01-11,1.44631,1.45539,1.44614,1.45063,80141200.0734
2010-01-12,1.45064,1.45479,1.44507,1.4475,79495099.7314
2010-01-13,1.44751,1.45797,1.4455,1.45215,80513699.5849
2010-01-14,1.45209,1.45546,1.4445,1.44982,79970699.21880001
2010-01-15,1.44974,1.45023,1.43347,1.43849,76228200.4394
2010-01-17,1.43849,1.43849,1.43415,1.43665,4072799.9268
2010-01-18,1.43665,1.4407,1.43325,1.44039,80160899.6582
2010-01-19,1.44025,1.44124,1.42498,1.42788,79005100.0978
2010-01-20,1.42796,1.42877,1.4078,1.41119,80300499.6335
2010-01-21,1.41115,1.41422,1.40247,1.40979,78980099.7315
2010-01-22,1.40977,1.41805,1.40837,1.41361,76660299.6825
2010-01-24,1.41361,1.41705,1.41361,1.41517,3128599.9756
2010-01-25,1.41498,1.41939,1.41248,1.41458,79577199.5845
2010-01-26,1.41454,1.4178,1.40397,1.40808,79232600.3417
2010-01-27,1.40804,1.40957,1.39944,1.4028,79686700.31729999
2010-01-28,1.40274,1.40516,1.39454,1.3962,79625499.2676
2010-01-29,1.39604,1.39861,1.38589,1.38605,74382100.0976
2010-01-31,1.38605,1.38817,1.38518,1.38732,4109400.0244
2010-02-01,1.38724,1.39366,1.38501,1.392,80121600.5861
2010-02-02,1.39203,1.39756,1.3883,1.39737,80001699.9512
2010-02-03,1.39741,1.40247,1.38803,1.38969,80279699.8291
2010-02-04,1.38951,1.39022,1.37121,1.37395,79771200.0731
2010-02-05,1.37411,1.37448,1.35816,1.36763,75829500.0002
2010-02-07,1.36763,1.36763,1.36282,1.36409,4124900.1465
2010-02-08,1.36421,1.37128,1.36195,1.36539,79780500.6105
2010-02-09,1.3654,1.38385,1.36456,1.37809,78892899.7802
2010-02-10,1.378,1.38112,1.36747,1.37467,80856799.9268
2010-02-11,1.37449,1.37999,1.3593,1.36857,79712500.6103
2010-02-12,1.36865,1.3688,1.35276,1.36305,76504200.0732
2010-02-14,1.36305,1.36305,1.36032,1.3622,3011299.9268
2010-02-15,1.36219,1.36323,1.35767,1.35966,79982500.4885
2010-02-16,1.35964,1.37778,1.35872,1.37605,80744700.3172
2010-02-17,1.37601,1.37892,1.35834,1.36065,80313600.4638
2010-02-18,1.36079,1.36529,1.34431,1.34587,81205498.9013
2010-02-19,1.34618,1.36172,1.34525,1.36082,76576600.0975
2010-02-21,1.36082,1.3638,1.35993,1.36278,4242599.8535
2010-02-22,1.36284,1.36534,1.35723,1.36045,79886199.585
2010-02-23,1.36048,1.36917,1.3495,1.35227,80612300.293
2010-02-24,1.35231,1.36253,1.34995,1.35389,80248100.3419
2010-02-25,1.35381,1.35696,1.34484,1.35353,81211699.7071
2010-02-26,1.35358,1.36825,1.3532,1.3628,75635700.3173
2010-02-28,1.3628,1.36392,1.36134,1.3637,4197500.0
2010-03-01,1.36385,1.36538,1.34589,1.35588,80245899.7801
2010-03-02,1.35597,1.36207,1.34345,1.36192,80341400.635
2010-03-03,1.36185,1.37356,1.35898,1.36999,80384700.3174
2010-03-04,1.37003,1.37108,1.35504,1.3581,80287699.8289
2010-03-05,1.35807,1.36297,1.35288,1.36222,75827599.8534
2010-03-07,1.36222,1.36452,1.36222,1.3635,3008000.0
2010-03-08,1.36353,1.37038,1.36038,1.36147,79508900.6348
2010-03-09,1.36148,1.36348,1.35337,1.36046,79334499.8781
2010-03-10,1.36051,1.36795,1.35416,1.36408,80078799.5604
2010-03-11,1.36424,1.36862,1.36175,1.3681,80046000.4884
2010-03-12,1.36804,1.37981,1.36671,1.37653,75758400.1467
2010-03-14,1.37653,1.37778,1.3756,1.37712,6702300.0489
2010-03-15,1.37714,1.37738,1.36382,1.36737,79949100.3416
2010-03-16,1.36734,1.37808,1.36549,1.37663,79907199.4631
2010-03-17,1.37664,1.38171,1.37232,1.37344,79646099.4874
2010-03-18,1.37371,1.37387,1.35826,1.36089,79865800.4149
2010-03-19,1.36081,1.36269,1.34997,1.35287,73864800.4148
2010-03-21,1.35287,1.35387,1.35093,1.3512,6702899.9023
2010-03-22,1.35124,1.35678,1.34606,1.35661,79707200.0734
2010-03-23,1.35665,1.35679,1.34584,1.34668,80365900.5127
2010-03-24,1.34673,1.34855,1.33017,1.3327,79312899.9023
2010-03-25,1.33283,1.33881,1.32658,1.33038,79829499.9999
2010-03-26,1.33043,1.34246,1.32984,1.34081,73568399.4139
2010-03-28,1.34081,1.34903,1.34081,1.34441,6284800.0488
2010-03-29,1.34453,1.35051,1.34149,1.34878,80549199.8289
2010-03-30,1.34893,1.35348,1.33931,1.34315,79235000.2441
2010-03-31,1.34323,1.35475,1.33819,1.35257,79039300.1709
2010-04-01,1.35253,1.35904,1.34575,1.35869,79351400.2686
2010-04-02,1.35867,1.35881,1.34713,1.35012,73358599.6092
2010-04-04,1.35012,1.35016,1.3479,1.34931,6172499.877900001
2010-04-05,1.34942,1.3538,1.34562,1.34677,79694099.1209
2010-04-06,1.34685,1.34685,1.33536,1.33811,79113999.5116
2010-04-07,1.33807,1.34018,1.33201,1.33298,80147999.7559
2010-04-08,1.33297,1.33815,1.32786,1.33733,79518300.9033
2010-04-09,1.33736,1.34989,1.33363,1.34965,73634800.293
2010-04-11,1.34965,1.36742,1.34965,1.36535,6331700.0732
2010-04-12,1.36548,1.36905,1.35637,1.35854,79740800.0489
2010-04-13,1.35857,1.36265,1.35437,1.36133,79809599.9756
2010-04-14,1.36131,1.36794,1.35929,1.36535,79648500.6105
2010-04-15,1.36538,1.36657,1.35169,1.35628,79709499.8777
2010-04-16,1.35624,1.35637,1.34703,1.35013,72431199.5849
2010-04-18,1.35013,1.35013,1.34633,1.34752,6471199.9512
2010-04-19,1.34743,1.34946,1.34124,1.34831,79921600.7081
2010-04-20,1.34838,1.35222,1.34154,1.34216,80339699.9513
2010-04-21,1.34214,1.34495,1.33561,1.33863,79505800.4154
2010-04-22,1.33864,1.34209,1.32014,1.32217,79140000.1222
2010-04-23,1.32214,1.33995,1.3202,1.33818,71581299.9269
2010-04-25,1.33818,1.33818,1.33313,1.33611,6478400.0243999995
2010-04-26,1.33618,1.34131,1.32892,1.33915,79959600.2198
2010-04-27,1.33938,1.33942,1.31419,1.31765,79250100.7078
2010-04-28,1.31768,1.32654,1.31117,1.31958,79713299.8048
2010-04-29,1.31954,1.32773,1.31819,1.32497,80589998.9013
2010-04-30,1.32494,1.33418,1.32222,1.32926,72958800.0485
2010-05-02,1.3289,1.33586,1.3289,1.33112,6780600.0977
2010-05-03,1.33117,1.33131,1.31498,1.31949,79742499.3895
2010-05-04,1.31935,1.3213,1.29598,1.29769,79867799.4381
2010-05-05,1.29762,1.29952,1.27847,1.28115,80865600.708
2010-05-06,1.28107,1.28539,1.25187,1.26529,80785899.5359
2010-05-07,1.26525,1.27974,1.25836,1.27476,74089899.5361
2010-05-09,1.27476,1.29481,1.27476,1.28687,6678399.9024
2010-05-10,1.28673,1.30918,1.27206,1.27358,79935899.4138
2010-05-11,1.27355,1.27996,1.26141,1.26387,79840800.4151
2010-05-12,1.26385,1.27395,1.26032,1.26434,80615999.7558
2010-05-13,1.26432,1.26833,1.25135,1.25288,79803699.9511
2010-05-14,1.25276,1.25756,1.23522,1.23583,73264099.6093
2010-05-16,1.23583,1.2371,1.23373,1.23553,6332700.0732
2010-05-17,1.23545,1.24134,1.22373,1.23813,80001100.7082
2010-05-18,1.23823,1.24436,1.21444,1.21457,80287699.5853
2010-05-19,1.21435,1.24304,1.21429,1.23839,80218400.0244
2010-05-20,1.23837,1.25969,1.22951,1.25375,79799599.9754
2010-05-21,1.25385,1.26704,1.24689,1.25688,73749200.0736
2010-05-23,1.25688,1.25688,1.25059,1.25109,6348199.9512
2010-05-24,1.25108,1.25374,1.2329,1.23379,80293300.7815
2010-05-25,1.23378,1.2387,1.21747,1.23315,80083600.098
2010-05-26,1.23294,1.23433,1.21498,1.21814,80691500.0
2010-05-27,1.21814,1.23936,1.21795,1.23653,80214500.6105
2010-05-28,1.23658,1.24518,1.22614,1.22697,73461699.2187
2010-05-30,1.22697,1.22923,1.22568,1.22874,6477900.0243999995
2010-05-31,1.22872,1.23335,1.22648,1.22701,79661800.7813
2010-06-01,1.22701,1.23521,1.2108,1.22444,80668400.5126
2010-06-02,1.22451,1.22718,1.21741,1.22486,81010200.4396
2010-06-03,1.22494,1.23263,1.21492,1.21745,79464900.3907
2010-06-04,1.21773,1.22146,1.19536,1.19637,73445900.0243
2010-06-06,1.19637,1.19649,1.19221,1.19281,6752000.0
2010-06-07,1.19291,1.19908,1.18746,1.19208,80345199.9511
2010-06-08,1.19208,1.20093,1.18989,1.19554,80610000.0001
2010-06-09,1.19554,1.20728,1.19198,1.19872,79380099.4872
2010-06-10,1.19878,1.21415,1.19543,1.213,79920200.1952
2010-06-11,1.21294,1.21526,1.2044,1.21095,73378399.7804
2010-06-13,1.21095,1.22059,1.21095,1.2203,6876300.0489
2010-06-14,1.22035,1.22997,1.21596,1.22102,79855799.8045
2010-06-15,1.22086,1.23494,1.21628,1.23134,81652800.4148
2010-06-16,1.23126,1.23517,1.22518,1.22979,80372699.585
2010-06-17,1.22983,1.24141,1.22393,1.23857,79837698.8523
2010-06-18,1.2384,1.24153,1.23504,1.23882,73815199.8292
2010-06-20,1.23882,1.2466,1.23882,1.24138,6564099.9756000005
2010-06-21,1.24146,1.24659,1.23008,1.23208,79708899.7803
2010-06-22,1.23184,1.235,1.22506,1.22633,80662900.2686
2010-06-23,1.22642,1.23438,1.22074,1.23052,81030399.9023
2010-06-24,1.23049,1.23872,1.22583,1.23349,79901799.3163
2010-06-25,1.23347,1.23934,1.22504,1.23671,74033899.292
2010-06-27,1.23671,1.23862,1.23659,1.23857,6599400.1465
2010-06-28,1.2383,1.23974,1.22631,1.22841,80286500.1222
2010-06-29,1.2286,1.22904,1.21485,1.21844,79777899.9022
2010-06-30,1.2183,1.23032,1.21634,1.2227,80531700.0731
2010-07-01,1.22257,1.2538,1.21914,1.25089,81629599.3651
2010-07-02,1.25105,1.26106,1.24794,1.25624,74085100.3417
2010-07-04,1.25624,1.25647,1.25401,1.25453,6410899.9024
2010-07-05,1.25458,1.25568,1.25004,1.25072,80435000.8548
2010-07-06,1.25061,1.26617,1.24783,1.26212,79362499.756
2010-07-07,1.26209,1.26638,1.25516,1.26229,80065000.4883
2010-07-08,1.26228,1.27107,1.26216,1.2688,80460199.9509
2010-07-09,1.26876,1.27213,1.26079,1.26376,72660899.4141
2010-07-11,1.26376,1.26465,1.26228,1.26373,6827199.9512
2010-07-12,1.26364,1.2644,1.25477,1.26011,80047999.6338
2010-07-13,1.26021,1.27373,1.25216,1.27179,80015299.9269
2010-07-14,1.27174,1.27778,1.26807,1.27328,79581199.9511
2010-07-15,1.27311,1.29546,1.27066,1.29175,80170200.1954
2010-07-16,1.29172,1.30056,1.28867,1.29283,72960399.5362
2010-07-18,1.29283,1.29283,1.28855,1.28878,6779300.0488
2010-07-19,1.28884,1.29908,1.28675,1.29366,80410599.6093
2010-07-20,1.29361,1.30272,1.28377,1.29042,79723900.1463
2010-07-21,1.29048,1.2912,1.27293,1.27586,80486199.4628
2010-07-22,1.27589,1.29315,1.27367,1.29111,80123200.073
2010-07-23,1.29111,1.29649,1.2792,1.29075,73441300.2931
2010-07-25,1.29075,1.29247,1.28735,1.29207,6780000.0
2010-07-26,1.29206,1.30055,1.28852,1.29819,79927199.8293
2010-07-27,1.29783,1.30456,1.29493,1.29877,80423699.7067
2010-07-28,1.29875,1.30417,1.29653,1.29963,80733600.0976
2010-07-29,1.29977,1.31041,1.29767,1.30658,80858900.0243
2010-07-30,1.30657,1.30927,1.29775,1.30484,72853599.6094
2010-08-01,1.30487,1.30669,1.30487,1.3059,6507099.8535
2010-08-02,1.30582,1.31937,1.30529,1.31722,80780600.4639
2010-08-03,1.31682,1.32615,1.3144,1.3219,80321099.121
2010-08-04,1.32187,1.32383,1.31294,1.31534,80079300.1707
2010-08-05,1.31536,1.32348,1.31173,1.31784,80138599.8535
2010-08-06,1.31777,1.33333,1.31543,1.32753,73265800.5373
2010-08-08,1.32753,1.32959,1.32699,1.32834,6532699.9512
2010-08-09,1.32828,1.3307,1.3206,1.32147,80404799.4385
2010-08-10,1.32144,1.32266,1.30733,1.3153,81200799.4384
2010-08-11,1.31534,1.316,1.2827,1.28457,80530399.292
2010-08-12,1.28459,1.29315,1.27802,1.28406,80361599.2433
2010-08-13,1.28418,1.29056,1.27458,1.27495,74309499.2676
2010-08-15,1.27495,1.27737,1.27495,1.27543,6467599.9756000005
2010-08-16,1.27541,1.28699,1.27318,1.28094,80483499.6337
2010-08-17,1.28083,1.29155,1.28019,1.28677,80328299.9268
2010-08-18,1.28687,1.29203,1.27903,1.27932,80035300.5371
2010-08-19,1.27947,1.29023,1.27714,1.28067,79844500.6104
2010-08-20,1.2806,1.28316,1.26603,1.27075,73136799.4383
2010-08-22,1.27075,1.27107,1.26866,1.26971,6614299.9268
2010-08-23,1.2698,1.27296,1.2621,1.26294,79504500.3664
2010-08-24,1.2629,1.27185,1.25837,1.26355,80587399.6583
2010-08-25,1.26349,1.27235,1.26048,1.26715,78855200.1955
2010-08-26,1.26708,1.2763,1.26475,1.27021,80403000.244
2010-08-27,1.2703,1.27785,1.2675,1.27595,72971799.8046
2010-08-29,1.27595,1.2769,1.27406,1.27517,6821699.9512
2010-08-30,1.27488,1.27548,1.26544,1.26633,79490400.3907
2010-08-31,1.26616,1.27428,1.26215,1.26722,79693600.7079
2010-09-01,1.2671,1.28542,1.2661,1.27942,79667100.464
2010-09-02,1.27938,1.28475,1.27735,1.28133,79949300.0486
2010-09-03,1.28123,1.28971,1.28055,1.28945,72436900.0244
2010-09-05,1.28945,1.28957,1.28786,1.28845,6565399.9024
2010-09-06,1.2884,1.29176,1.27993,1.28179,79534399.1702
2010-09-07,1.28175,1.28181,1.26731,1.26894,80122800.1707
2010-09-08,1.26913,1.27628,1.26577,1.27236,80314699.5851
2010-09-09,1.27265,1.27657,1.26618,1.2678,80036900.8792
2010-09-10,1.26766,1.27463,1.26425,1.26801,72910400.1466
2010-09-12,1.26801,1.2759,1.26748,1.27579,6803400.1465
2010-09-13,1.27585,1.28917,1.27577,1.28624,80657100.4637
2010-09-14,1.28632,1.30345,1.28265,1.29945,79791298.584
2010-09-15,1.29953,1.30369,1.29517,1.30089,80003000.2442
2010-09-16,1.30055,1.31149,1.29727,1.30648,79721000.2442
2010-09-17,1.30657,1.31587,1.30181,1.30474,74151199.7072
2010-09-19,1.30474,1.30654,1.30317,1.30418,6649399.9024
2010-09-20,1.30397,1.31203,1.30313,1.30612,81217700.6838
2010-09-21,1.30584,1.32894,1.30564,1.32819,80385800.4152
2010-09-22,1.32795,1.34387,1.3265,1.33925,79840300.1708
2010-09-23,1.33925,1.34124,1.32892,1.32915,80885600.3417
2010-09-24,1.32924,1.34944,1.32833,1.34884,73503100.342
2010-09-26,1.34884,1.34947,1.34674,1.34767,6527900.0243999995
2010-09-27,1.34794,1.35061,1.34232,1.34285,80319200.0731
2010-09-28,1.34297,1.35948,1.33777,1.35724,80452000.2442
2010-09-29,1.35718,1.36458,1.35637,1.3624,80179699.9512
2010-09-30,1.36238,1.36836,1.35594,1.36295,80528300.049
2010-10-01,1.36279,1.37923,1.36273,1.37887,73767899.9024
2010-10-03,1.37887,1.38055,1.37694,1.37751,6358799.8047
2010-10-04,1.37761,1.37844,1.36412,1.36462,80115900.391
2010-10-05,1.36465,1.38588,1.36343,1.38528,80625699.5847
2010-10-06,1.38521,1.39477,1.37977,1.39152,80478699.829
2010-10-07,1.39153,1.40274,1.38536,1.39229,80323500.4884
2010-10-08,1.39236,1.39806,1.38332,1.39353,73001900.0244
2010-10-10,1.39353,1.40091,1.39353,1.39947,6704299.9267
2010-10-11,1.39951,1.39982,1.38537,1.38643,79502299.5607
2010-10-12,1.38641,1.39331,1.37727,1.39191,79946300.1708
2010-10-13,1.39196,1.40007,1.391,1.3982,79681300.4152
2010-10-14,1.39821,1.41218,1.3981,1.40237,79217700.6837
2010-10-15,1.40237,1.41561,1.39364,1.39742,73704999.8779
2010-10-17,1.39742,1.39899,1.39383,1.39502,10118400.146499999
2010-10-18,1.39503,1.39984,1.38278,1.39624,83295200.3177
2010-10-19,1.39623,1.39969,1.36961,1.36975,83885099.9755
2010-10-20,1.36976,1.39904,1.36971,1.39742,84296299.8048
2010-10-21,1.39747,1.4049,1.38703,1.39106,84909200.9279
2010-10-22,1.39115,1.39709,1.38566,1.39522,74370999.3896
2010-10-24,1.39522,1.39762,1.39309,1.39604,9972300.048799999
2010-10-25,1.39604,1.40794,1.39056,1.39217,83990000.1219
2010-10-26,1.39216,1.39815,1.38216,1.38449,84884500.0
2010-10-27,1.38444,1.38767,1.37324,1.37927,85501100.342
2010-10-28,1.37942,1.39499,1.37749,1.39426,84415000.6102
2010-10-29,1.39424,1.39459,1.38038,1.39451,78323400.3906
2010-10-31,1.39451,1.3981,1.39451,1.39717,6570400.0243999995
2010-11-01,1.39724,1.4011,1.3862,1.39086,84400300.2933
2010-11-02,1.3909,1.40573,1.38788,1.40316,83495900.3906
2010-11-03,1.40313,1.41465,1.39885,1.41252,84231199.7069
2010-11-04,1.41246,1.42817,1.40996,1.42262,83661099.7313
2010-11-05,1.42269,1.42289,1.40207,1.40296,75355800.0488
2010-11-07,1.40296,1.40803,1.40296,1.40734,5665000.0
2010-11-08,1.40734,1.40825,1.38579,1.38629,84895300.293
2010-11-09,1.38616,1.39717,1.37457,1.37683,83251099.9754
2010-11-10,1.3768,1.38251,1.36691,1.37735,83617599.1207
2010-11-11,1.37745,1.38205,1.36027,1.36191,84152000.0
2010-11-12,1.36198,1.37759,1.35714,1.36895,78144999.14570001
2010-11-14,1.36895,1.37076,1.36785,1.36877,5717300.0488
2010-11-15,1.36882,1.37498,1.35631,1.35729,83292400.0245
2010-11-16,1.35729,1.36547,1.34467,1.3494,91977399.5362
2010-11-17,1.34925,1.35653,1.34601,1.35524,79534899.2919
2010-11-18,1.35524,1.3667,1.35423,1.36567,81815600.83
2010-11-19,1.36557,1.37311,1.36082,1.36716,70396099.6093
2010-11-21,1.36716,1.37432,1.36716,1.37412,3260200.0732
2010-11-22,1.37414,1.37859,1.35764,1.35995,65481199.463
2010-11-23,1.35987,1.3614,1.33601,1.33855,93074600.2198
2010-11-24,1.33855,1.34209,1.32839,1.33576,89064900.3905
2010-11-25,1.33577,1.3387,1.32864,1.33394,79962699.5237
2010-11-26,1.33394,1.33497,1.32001,1.32395,70488500.7324
2010-11-28,1.32395,1.32872,1.32305,1.32369,4658199.9512
2010-11-29,1.32369,1.32999,1.30638,1.30998,147338201.9042
2010-11-30,1.31004,1.31497,1.29685,1.29953,235942199.7071
2010-12-01,1.29956,1.3178,1.29707,1.31244,208870800.293
2010-12-02,1.31244,1.32468,1.30599,1.32114,204324800.7814
2010-12-03,1.32112,1.34376,1.31927,1.34135,171180699.4627
2010-12-05,1.34135,1.34218,1.3375,1.34128,5475699.9512
2010-12-06,1.34128,1.342,1.32459,1.32878,171425201.1717
2010-12-07,1.32874,1.34,1.32359,1.32478,180898200.1954
2010-12-08,1.32479,1.32796,1.31798,1.32477,187475701.1719
2010-12-09,1.32477,1.33223,1.31643,1.32403,175621099.8534
2010-12-10,1.32403,1.32819,1.31785,1.32218,138972899.2921
2010-12-12,1.32218,1.32218,1.31896,1.31963,4515899.9023
2010-12-13,1.31964,1.34329,1.31821,1.33938,168598099.6093
2010-12-14,1.33934,1.34979,1.33545,1.33563,197294997.803
2010-12-15,1.33565,1.33771,1.32078,1.32237,204288700.4395
2010-12-16,1.32245,1.32655,1.31809,1.32386,171334699.4629
2010-12-17,1.32386,1.33581,1.31329,1.31864,163443500.4883
2010-12-19,1.31864,1.31864,1.31525,1.31629,4777385.2539
2010-12-20,1.31627,1.31825,1.30943,1.31163,185161168.7014
2010-12-21,1.31166,1.32014,1.30732,1.30901,185512213.379
2010-12-22,1.30901,1.31806,1.3078,1.31139,161908757.3241
2010-12-23,1.31139,1.31512,1.3055,1.31227,133910733.6427
2010-12-24,1.31226,1.31475,1.30976,1.31188,58020184.082
2010-12-26,1.31188,1.31188,1.30716,1.30787,8274816.8945
2010-12-27,1.30786,1.31884,1.30783,1.31876,92596510.3761
2010-12-28,1.31879,1.3274,1.30827,1.30847,136042578.7355
2010-12-29,1.30847,1.32378,1.30837,1.32227,134671518.799
2010-12-30,1.32235,1.33137,1.32188,1.33004,127533330.0784
2010-12-31,1.33004,1.34238,1.32883,1.33852,111242750.12200001
2011-01-02,1.33824,1.33824,1.33339,1.33557,5122020.1416
2011-01-03,1.3356,1.33947,1.325,1.33551,157568211.67000002
2011-01-04,1.33566,1.34298,1.32923,1.33179,204002560.3027
2011-01-05,1.33181,1.33248,1.31262,1.31556,192261710.4494
2011-01-06,1.31556,1.31698,1.29723,1.29787,175000060.3026
2011-01-07,1.29787,1.30209,1.29045,1.2906,170158480.2247
2011-01-09,1.2906,1.2906,1.28713,1.2894,4804369.873
2011-01-10,1.28947,1.29658,1.28739,1.29637,152359300.2931
2011-01-11,1.29637,1.29905,1.2907,1.29807,184797001.4651
2011-01-12,1.2982,1.31428,1.29621,1.31261,187904069.5801
2011-01-13,1.31256,1.33829,1.30886,1.33506,184661781.7383
2011-01-14,1.33506,1.34521,1.33142,1.33868,169919019.7757
2011-01-16,1.33868,1.33868,1.33551,1.33784,5422620.1172
2011-01-17,1.33784,1.33791,1.32441,1.32809,157329410.5224
2011-01-18,1.32809,1.34622,1.32527,1.33776,210909568.6036
2011-01-19,1.33776,1.35379,1.33761,1.34515,215687399.9027
2011-01-20,1.34515,1.35218,1.33958,1.3465,227708037.3537
2011-01-21,1.34649,1.36247,1.34485,1.36204,195743270.7521
2011-01-23,1.36204,1.36417,1.36025,1.36187,5029489.9902
2011-01-24,1.36188,1.36852,1.35407,1.36423,181589351.5625
2011-01-25,1.36425,1.37038,1.35742,1.36846,214800878.9064
2011-01-26,1.36845,1.37212,1.36449,1.37097,182469059.3265
2011-01-27,1.371,1.37572,1.36385,1.37216,177064799.8049
2011-01-28,1.37217,1.37458,1.35831,1.36099,163175772.7052
2011-01-30,1.36099,1.36099,1.3571,1.35715,5449979.9805
2011-01-31,1.35715,1.37391,1.35699,1.37135,194798468.9943
2011-02-01,1.3713,1.38422,1.37004,1.38282,203777130.3714
2011-02-02,1.3827,1.38612,1.37689,1.38157,196251819.8244
2011-02-03,1.38157,1.38246,1.3609,1.36232,201869259.5215
2011-02-04,1.36235,1.36492,1.35431,1.35798,174306758.301
2011-02-06,1.35798,1.35798,1.3559,1.35727,5762750.0
2011-02-07,1.35727,1.36262,1.35079,1.35922,201135440.4299
2011-02-08,1.35919,1.36881,1.3572,1.36249,217630440.18580002
2011-02-09,1.36241,1.37428,1.36106,1.37189,175338761.2306
2011-02-10,1.37189,1.37271,1.35771,1.36028,179078439.2091
2011-02-11,1.36029,1.36202,1.34972,1.35504,146745090.0879
2011-02-13,1.35504,1.35504,1.3501,1.35116,6436019.7754
2011-02-14,1.35126,1.35582,1.3428,1.34788,169113709.9611
2011-02-15,1.34792,1.35504,1.34609,1.34974,191686991.6996
2011-02-16,1.34971,1.35879,1.34619,1.35734,208384340.5764
2011-02-17,1.35732,1.36268,1.35368,1.36223,200093200.92790002
2011-02-18,1.36223,1.37144,1.35459,1.36921,193284370.3615
2011-02-20,1.36921,1.37147,1.36864,1.37117,5794379.8829
2011-02-21,1.37122,1.37122,1.36471,1.36809,121205120.7276
2011-02-22,1.36809,1.3703,1.35269,1.36717,238098447.50959998
2011-02-23,1.36726,1.37863,1.36717,1.37599,205499361.328
2011-02-24,1.37599,1.3823,1.3704,1.38192,222951561.2795
2011-02-25,1.38195,1.38377,1.37237,1.37529,171767049.8048
2011-02-27,1.37529,1.37623,1.37299,1.37331,6141079.8339
2011-02-28,1.37332,1.38544,1.37111,1.38202,184012349.6094
2011-03-01,1.38203,1.38538,1.37632,1.37677,191206278.32029998
2011-03-02,1.37675,1.38897,1.3743,1.38649,185575719.9707
2011-03-03,1.38648,1.3971,1.38327,1.39556,179346800.2933
2011-03-04,1.39559,1.40064,1.39412,1.39863,145266529.2969
2011-03-06,1.39863,1.3998,1.39859,1.39899,4801830.0781000005
2011-03-07,1.39901,1.40356,1.39554,1.3962,191110019.5314
2011-03-08,1.39618,1.3988,1.38632,1.38942,177682618.2864
2011-03-09,1.3894,1.39411,1.38554,1.39032,185337742.6759
2011-03-10,1.39032,1.39239,1.37753,1.38003,202465299.0723
2011-03-11,1.38002,1.3914,1.3752,1.39024,171020700.9281
2011-03-13,1.39024,1.39722,1.39024,1.39354,18670170.1661
2011-03-14,1.39344,1.40028,1.39044,1.39901,178932888.6721
2011-03-15,1.399,1.40127,1.38553,1.39855,246029621.5822
2011-03-16,1.39855,1.40007,1.38665,1.38831,232570041.0158
2011-03-17,1.38836,1.40519,1.38763,1.40302,227565610.7179
2011-03-18,1.40302,1.41834,1.39799,1.41788,189742671.6311
2011-03-20,1.41788,1.41958,1.41661,1.41678,11872120.1173
2011-03-21,1.41679,1.42388,1.41396,1.42157,150558660.8889
2011-03-22,1.42165,1.4248,1.41626,1.41677,163186519.5312
2011-03-23,1.41679,1.42142,1.40769,1.41038,183873118.6525
2011-03-24,1.41038,1.42158,1.40533,1.41691,177662480.3467
2011-03-25,1.41691,1.41932,1.40554,1.40869,164411230.2248
2011-03-27,1.40869,1.40869,1.40207,1.40346,8753739.9903
2011-03-28,1.40346,1.4115,1.40262,1.40726,143066989.0136
2011-03-29,1.40726,1.41484,1.40472,1.41202,169096661.01070002
2011-03-30,1.41201,1.41468,1.40518,1.41269,182228020.3857
2011-03-31,1.41269,1.42328,1.41161,1.41559,181575371.33810002
2011-04-01,1.41561,1.42451,1.40618,1.42331,167784748.7793
2011-04-03,1.42331,1.42423,1.42169,1.42341,6871389.7706
2011-04-04,1.4234,1.42678,1.41919,1.4205,151982058.4717
2011-04-05,1.4205,1.42453,1.41514,1.42314,156557650.635
2011-04-06,1.42312,1.43489,1.42277,1.43239,172103990.3566
2011-04-07,1.43243,1.43248,1.42441,1.42974,184310442.3828
2011-04-08,1.42974,1.44872,1.4291,1.44801,164767449.463
2011-04-10,1.44801,1.44831,1.44495,1.44799,9169719.9707
2011-04-11,1.44799,1.44799,1.44207,1.4423,154558979.0042
2011-04-12,1.4423,1.45185,1.4377,1.4482,214744111.2062
2011-04-13,1.4482,1.45195,1.44132,1.44512,177243199.2189
2011-04-14,1.4451,1.4514,1.43649,1.45006,201477977.5394
2011-04-15,1.4502,1.45021,1.43906,1.44274,162552739.2581
2011-04-17,1.44274,1.44274,1.439,1.43959,8807950.1953
2011-04-18,1.43966,1.44036,1.41606,1.42368,196064089.59980002
2011-04-19,1.42369,1.43727,1.4205,1.43643,188290490.2346
2011-04-20,1.43641,1.45441,1.43546,1.4518,212623990.7226
2011-04-21,1.45172,1.46482,1.45148,1.45585,181711639.16030002
2011-04-22,1.45578,1.45878,1.45334,1.45602,51600440.1857
2011-04-24,1.45602,1.45881,1.45506,1.4587,9202280.273500001
2011-04-25,1.45887,1.46268,1.4525,1.4551,119049029.6631
2011-04-26,1.45509,1.47101,1.4493,1.47041,194473540.2834
2011-04-27,1.47045,1.47951,1.46324,1.47873,194394340.8207
2011-04-28,1.47873,1.48788,1.47725,1.48402,195451310.6691
2011-04-29,1.48403,1.48776,1.48033,1.48038,119579840.3322
2011-05-01,1.48084,1.48391,1.47799,1.48152,14582860.2295
2011-05-02,1.48152,1.49015,1.47628,1.47937,161796999.634
2011-05-03,1.47937,1.48888,1.4754,1.48365,201346520.0198
2011-05-04,1.48365,1.49398,1.47748,1.48268,225753959.2284
2011-05-05,1.48281,1.48978,1.45099,1.45577,249390772.2169
2011-05-06,1.45568,1.45873,1.43109,1.43146,262922900.39090002
2011-05-08,1.43146,1.43957,1.43146,1.43881,12029729.8584
2011-05-09,1.43882,1.44408,1.42557,1.43679,255888652.58810002
2011-05-10,1.43678,1.44186,1.42703,1.43996,276690618.6527
2011-05-11,1.43996,1.44227,1.41723,1.42066,267770389.6485
2011-05-12,1.42065,1.42755,1.4123,1.42292,297769050.1711
2011-05-13,1.42295,1.43383,1.40666,1.41163,279958091.309
2011-05-15,1.41163,1.41163,1.40628,1.4066,11310130.1269
2011-05-16,1.40649,1.42442,1.4048,1.4145,272551047.3636
2011-05-17,1.41448,1.42758,1.4123,1.42663,279149009.5218
2011-05-18,1.42663,1.42862,1.41947,1.42577,222963060.5472
2011-05-19,1.42577,1.43365,1.42062,1.43254,250707759.8878
2011-05-20,1.43254,1.43452,1.4133,1.41561,216794320.3125
2011-05-22,1.41561,1.41561,1.40953,1.41164,13233289.5508
2011-05-23,1.41164,1.41346,1.39694,1.40134,246927951.172
2011-05-24,1.40134,1.41324,1.40132,1.40919,233375278.5647
2011-05-25,1.40918,1.41181,1.40129,1.40686,253529660.1562
2011-05-26,1.40685,1.42061,1.40679,1.41436,255201010.9864
2011-05-27,1.41438,1.43198,1.41292,1.43163,243663490.4787
2011-05-29,1.43163,1.43212,1.42793,1.42894,7382560.180600001
2011-05-30,1.42895,1.43505,1.42567,1.43328,119465200.8056
2011-05-31,1.43328,1.44366,1.43255,1.4424,228855689.4531
2011-06-01,1.4424,1.44584,1.43077,1.43448,233987880.3712
2011-06-02,1.43448,1.45119,1.43255,1.44864,216234069.5801
2011-06-03,1.44864,1.46423,1.44548,1.46348,201679848.389
2011-06-05,1.46348,1.46566,1.46057,1.46522,12451349.8535
2011-06-06,1.46534,1.46576,1.45573,1.45901,206563250.0004
2011-06-07,1.45907,1.46956,1.45633,1.46786,201004249.2678
2011-06-08,1.46802,1.4689,1.45639,1.45918,216741139.16030002
2011-06-09,1.45918,1.46457,1.44782,1.45367,211144179.0775
2011-06-10,1.45367,1.455,1.43222,1.43468,218492239.7464
2011-06-12,1.43468,1.43468,1.43201,1.43356,8294129.8828
2011-06-13,1.43358,1.44299,1.43223,1.44144,205271190.91820002
2011-06-14,1.44147,1.44971,1.4378,1.44324,215781259.0333
2011-06-15,1.44324,1.44379,1.4156,1.41916,250285488.2814
2011-06-16,1.41916,1.42207,1.40731,1.42012,271553316.8947
2011-06-17,1.4201,1.43389,1.41269,1.43063,232870930.6643
2011-06-19,1.43063,1.43063,1.42559,1.42573,8965369.995099999
2011-06-20,1.42571,1.43816,1.41912,1.43615,217629410.1565
2011-06-21,1.43616,1.44223,1.43069,1.43767,215680340.3321
2011-06-22,1.43766,1.44412,1.431,1.43304,204689069.8245
2011-06-23,1.43304,1.4333,1.41268,1.42614,226920298.9506
2011-06-24,1.42614,1.43057,1.41431,1.41888,214453511.23070002
2011-06-26,1.41888,1.41959,1.41461,1.41549,9425900.1465
2011-06-27,1.41545,1.43262,1.41025,1.4311,214709780.7619
2011-06-28,1.43106,1.43966,1.4237,1.43571,229455100.5864
2011-06-29,1.4357,1.44811,1.43384,1.44635,225520970.3369
2011-06-30,1.44636,1.45375,1.44475,1.44744,204067037.598
2011-07-01,1.44744,1.45503,1.44383,1.45254,190572790.2832
2011-07-03,1.45254,1.45774,1.45254,1.45633,9183600.219700001
2011-07-04,1.45633,1.45674,1.44953,1.45415,140841129.761
2011-07-05,1.45409,1.45411,1.43981,1.44344,198675160.7667
2011-07-06,1.44342,1.44663,1.42859,1.43349,204020010.00959998
2011-07-07,1.43352,1.43739,1.42229,1.43612,207306887.4513
2011-07-08,1.43612,1.43679,1.42142,1.42634,207765248.047
2011-07-10,1.42634,1.42634,1.41975,1.42114,11022050.170899998
2011-07-11,1.42121,1.42273,1.39863,1.4038,261013820.801
2011-07-12,1.40381,1.40537,1.38371,1.39889,334959608.1544
2011-07-13,1.39891,1.42802,1.39624,1.42693,288106578.6133
2011-07-14,1.42708,1.42715,1.41151,1.41616,273836369.629
2011-07-15,1.41614,1.4192,1.40923,1.41542,222857831.7873
2011-07-17,1.41542,1.41542,1.4103,1.41259,8001330.200200001
2011-07-18,1.41259,1.41354,1.4014,1.41253,244090428.5889
2011-07-19,1.41253,1.42172,1.40685,1.417,265659021.2404
2011-07-20,1.417,1.42738,1.4133,1.42603,245330838.135
2011-07-21,1.42603,1.44367,1.4139,1.44077,288477539.5509
2011-07-22,1.4408,1.44373,1.43235,1.43564,229987481.9337
2011-07-24,1.43564,1.4416,1.43564,1.43664,10290289.916900001
2011-07-25,1.43666,1.4406,1.43249,1.4373,231379558.594
2011-07-26,1.4373,1.45251,1.43571,1.45077,249684658.3254
2011-07-27,1.45076,1.45353,1.43395,1.43608,248531298.706
2011-07-28,1.43607,1.44001,1.42544,1.43264,254588648.6818
2011-07-29,1.43263,1.44123,1.42301,1.43962,262237321.2894
2011-07-31,1.43962,1.43962,1.43465,1.43537,10257900.0245
2011-08-01,1.43539,1.44526,1.41856,1.42724,252599670.16640002
2011-08-02,1.42723,1.42826,1.41512,1.41836,285137940.1858
2011-08-03,1.41835,1.43675,1.41453,1.43492,312985149.6584
2011-08-04,1.43492,1.43676,1.40555,1.40749,340242009.8878
2011-08-05,1.40748,1.42975,1.40699,1.42763,340934687.9884
2011-08-07,1.42763,1.4426,1.42763,1.43078,22178859.9854
2011-08-08,1.43075,1.44015,1.41302,1.41757,367502677.9788
2011-08-09,1.41758,1.43962,1.4152,1.43541,375181039.3069
2011-08-10,1.43541,1.44008,1.41223,1.4137,347953366.2112
2011-08-11,1.41369,1.42871,1.4104,1.42146,366221039.1848
2011-08-12,1.42147,1.42895,1.41494,1.42485,276178168.7013
2011-08-14,1.42485,1.42836,1.42485,1.42834,11890430.0537
2011-08-15,1.42833,1.44727,1.42637,1.44373,265140092.5296
2011-08-16,1.44373,1.44664,1.4354,1.43804,265039359.131
2011-08-17,1.43804,1.45159,1.4328,1.44278,256553636.4749
2011-08-18,1.44277,1.44509,1.42712,1.4296,276270560.3029
2011-08-19,1.42963,1.44515,1.42588,1.43961,267274432.1292
2011-08-21,1.43961,1.43961,1.43607,1.43661,9698389.9536
2011-08-22,1.43663,1.44341,1.43471,1.43571,229468458.4962
2011-08-23,1.4357,1.44995,1.4357,1.44377,222539140.0148
2011-08-24,1.44379,1.44811,1.43852,1.44076,214903907.9593
2011-08-25,1.44077,1.44743,1.43277,1.43878,218914500.9767
2011-08-26,1.43878,1.45012,1.43303,1.44985,215350599.8537
2011-08-28,1.44985,1.45032,1.44777,1.44803,7155769.7753
2011-08-29,1.44803,1.45483,1.4466,1.4516,176724978.2716
2011-08-30,1.4516,1.45328,1.4385,1.44391,208310550.5373
2011-08-31,1.44391,1.44674,1.43584,1.43634,197529419.8
2011-09-01,1.43634,1.43771,1.4226,1.42682,205386402.8321
2011-09-02,1.4266,1.42873,1.41838,1.42046,202879761.2308
2011-09-04,1.42046,1.42046,1.4136,1.41479,8810090.0879
2011-09-05,1.4148,1.4173,1.40585,1.40686,178990908.9966
2011-09-06,1.40686,1.42347,1.39741,1.40091,243710116.4551
2011-09-07,1.4009,1.4125,1.40062,1.40802,215391969.5435
2011-09-08,1.40803,1.40887,1.38733,1.38891,231349311.5232
2011-09-09,1.3889,1.39363,1.36285,1.36532,244022518.555
2011-09-11,1.36532,1.36532,1.3556,1.35826,13567149.9023
2011-09-12,1.35825,1.36902,1.35034,1.36382,298902211.6704
2011-09-13,1.36381,1.37386,1.35585,1.36819,289266391.6018
2011-09-14,1.36819,1.37816,1.35907,1.37478,281383227.7832
2011-09-15,1.3748,1.39314,1.37031,1.388,259587390.8691
2011-09-16,1.38803,1.38813,1.37537,1.37987,220009608.3987
2011-09-18,1.37987,1.37987,1.3663,1.3681,12686980.2246
2011-09-19,1.36822,1.37204,1.35867,1.3622,259976121.5821
2011-09-20,1.3622,1.3732,1.35939,1.37055,265926941.8948
2011-09-21,1.37056,1.37869,1.35571,1.35773,276432490.2341
2011-09-22,1.35774,1.3585,1.33871,1.35043,317005118.2859
2011-09-23,1.35044,1.35667,1.34186,1.34978,278477549.8047
2011-09-25,1.34978,1.35492,1.3488,1.35162,14248190.185600001
2011-09-26,1.35162,1.35468,1.33652,1.34952,317292566.4066
2011-09-27,1.34951,1.36665,1.34792,1.35849,297675582.3978
2011-09-28,1.35846,1.36881,1.35196,1.35225,282036529.2971
2011-09-29,1.35225,1.36776,1.35198,1.35951,282333340.3321
2011-09-30,1.35949,1.36002,1.3384,1.33849,249395018.5548
2011-10-02,1.33833,1.33833,1.33311,1.33571,10899039.7949
2011-10-03,1.33571,1.33811,1.31639,1.31899,294101872.8028
2011-10-04,1.31905,1.33688,1.31481,1.33167,328688091.3086
2011-10-05,1.33168,1.33826,1.32599,1.3345,292739849.1212
2011-10-06,1.33434,1.34503,1.32418,1.34265,280292200.1954
2011-10-07,1.34263,1.35242,1.33625,1.33775,245184050.2932
2011-10-09,1.33775,1.3407,1.33775,1.33998,8703150.146499999
2011-10-10,1.33999,1.36973,1.3394,1.36262,245252490.2346
2011-10-11,1.36261,1.36833,1.35655,1.3633,261545600.3417
2011-10-12,1.3633,1.38331,1.35837,1.37773,269584162.1095
2011-10-13,1.37775,1.38255,1.36849,1.3752,279112421.875
2011-10-14,1.37521,1.38935,1.37231,1.38808,235537729.7366
2011-10-16,1.38808,1.38869,1.38624,1.38728,10738639.648400001
2011-10-17,1.3873,1.39139,1.3724,1.37447,263723378.6622
2011-10-18,1.3745,1.38156,1.36528,1.37319,288098512.4513
2011-10-19,1.37319,1.38686,1.37249,1.37668,275274876.953
2011-10-20,1.37668,1.38389,1.3656,1.37938,293361410.0344
2011-10-21,1.37938,1.39006,1.37058,1.38944,246578531.4942
2011-10-23,1.38944,1.38944,1.38301,1.38498,12577830.2003
2011-10-24,1.38498,1.39561,1.38224,1.39192,248021170.4103
2011-10-25,1.39195,1.39592,1.38652,1.38994,260598229.9808
2011-10-26,1.38996,1.39694,1.37996,1.38849,254112731.2013
2011-10-27,1.38849,1.42465,1.38847,1.41981,290744541.0158
2011-10-28,1.41981,1.41981,1.41347,1.41449,228820950.4396
2011-10-30,1.41449,1.41625,1.41369,1.41378,5994709.960899999
2011-10-31,1.41377,1.41695,1.38285,1.38587,288577280.1516
2011-11-01,1.38587,1.38705,1.36087,1.36544,327354568.2375
2011-11-02,1.36542,1.38271,1.36529,1.36883,300844925.4155
2011-11-03,1.36881,1.38535,1.36564,1.38221,313081276.85580003
2011-11-04,1.3822,1.38653,1.37129,1.37897,247840758.5451
2011-11-06,1.37897,1.38308,1.37766,1.37876,8920139.8925
2011-11-07,1.37876,1.38108,1.36808,1.37588,258397560.4251
2011-11-08,1.37588,1.38467,1.37243,1.38244,240588059.4483
2011-11-09,1.38244,1.38574,1.35217,1.35258,292170039.06270003
2011-11-10,1.35258,1.36515,1.34835,1.36088,283075030.5177
2011-11-11,1.36087,1.37946,1.35781,1.3747,226742208.4964
2011-11-13,1.3747,1.38085,1.3747,1.37844,6750690.0635
2011-11-14,1.37842,1.37889,1.3591,1.3624,250031008.7893
2011-11-15,1.3624,1.36405,1.34961,1.35041,270360050.293
2011-11-16,1.35041,1.35566,1.34216,1.34396,284979639.6486
2011-11-17,1.34393,1.35399,1.34227,1.34539,293452169.19
2011-11-18,1.34539,1.36138,1.34468,1.35238,253139641.1137
2011-11-20,1.35238,1.35358,1.35051,1.35355,9616929.6875
2011-11-21,1.35355,1.35401,1.34313,1.34834,258401400.6349
2011-11-22,1.34832,1.35671,1.3469,1.3518,244059920.1661
2011-11-23,1.3518,1.35305,1.33201,1.33435,251697738.52580002
2011-11-24,1.33434,1.34113,1.33161,1.33295,178387568.8476
2011-11-25,1.33295,1.33328,1.32129,1.32349,214239069.2141
2011-11-27,1.32349,1.3326,1.32349,1.33104,10422529.7852
2011-11-28,1.33096,1.33981,1.3275,1.33143,250777429.6876
2011-11-29,1.33141,1.34394,1.32855,1.33227,258254838.8675
2011-11-30,1.33228,1.353,1.32593,1.3442,254415828.6135
2011-12-01,1.3442,1.3521,1.34179,1.3466,227948270.7522
2011-12-02,1.34652,1.35357,1.33632,1.33915,191877801.5138
2011-12-04,1.33915,1.34243,1.33915,1.34156,5899159.9121
2011-12-05,1.34156,1.34856,1.33761,1.33864,193557100.2198
2011-12-06,1.3385,1.34266,1.33339,1.34092,220179090.3323
2011-12-07,1.34093,1.34533,1.33509,1.3399,204541610.3516
2011-12-08,1.3399,1.34561,1.32888,1.33455,217281010.2539
2011-12-09,1.33453,1.34328,1.32813,1.33848,211648821.0452
2011-12-11,1.33848,1.33848,1.33595,1.33703,5877409.9121
2011-12-12,1.33703,1.33771,1.31606,1.31637,222751819.8241
2011-12-13,1.31641,1.32363,1.30083,1.30184,262118488.7696
2011-12-14,1.30184,1.30638,1.29481,1.29846,264086138.9161
2011-12-15,1.29847,1.30496,1.29569,1.30288,238268620.6054
2011-12-16,1.30287,1.3084,1.29961,1.30443,219571570.3126
2011-12-18,1.30443,1.30443,1.30309,1.30357,6355059.8144000005
2011-12-19,1.30357,1.30407,1.29825,1.30058,235870169.92159998
2011-12-20,1.30058,1.31315,1.29949,1.30862,239695621.8263
2011-12-21,1.30862,1.31893,1.30249,1.30356,259442867.1877
2011-12-22,1.3036,1.31189,1.30189,1.30541,218589540.7717
2011-12-23,1.30542,1.30945,1.30282,1.30477,176110330.81080002
2011-12-25,1.30477,1.30477,1.30299,1.30406,3059909.9122
2011-12-26,1.30406,1.30814,1.30406,1.30471,51416370.1174
2011-12-27,1.30471,1.3083,1.30434,1.30679,156659579.712
2011-12-28,1.30679,1.30792,1.29134,1.29243,216405017.8226
2011-12-29,1.29245,1.29637,1.28581,1.2952,242993839.8439
2011-12-30,1.29516,1.29981,1.29049,1.29578,198553549.5606
2012-01-01,1.29484,1.29519,1.29335,1.29445,1844149.9634
2012-01-02,1.29445,1.29639,1.29173,1.29364,63208009.7657
2012-01-03,1.29364,1.30758,1.29352,1.30537,262506290.2833
2012-01-04,1.30537,1.30726,1.28994,1.29304,271047667.7247
2012-01-05,1.29302,1.29434,1.27723,1.27915,310670712.6465
2012-01-06,1.27915,1.28121,1.26978,1.27186,263302850.09780002
2012-01-08,1.27186,1.27186,1.26666,1.26784,13919590.332
2012-01-09,1.26784,1.2785,1.26769,1.27722,274736923.5841
2012-01-10,1.27722,1.28172,1.27427,1.27528,292652557.129
2012-01-11,1.27528,1.27893,1.26654,1.27214,300006857.42190003
2012-01-12,1.27214,1.28442,1.26992,1.28203,341922099.6096
2012-01-13,1.28199,1.28778,1.26287,1.26772,311126360.84
2012-01-15,1.26772,1.26772,1.26311,1.26474,10927729.9805
2012-01-16,1.26471,1.26873,1.26262,1.26659,228914939.4533
2012-01-17,1.26659,1.28042,1.26644,1.2746,282957562.2559
2012-01-18,1.27462,1.28676,1.27336,1.28636,293096902.0998
2012-01-19,1.28636,1.29719,1.28388,1.29611,276272450.1954
2012-01-20,1.29609,1.29855,1.28894,1.29308,234802347.6568
2012-01-22,1.29308,1.29308,1.28758,1.28871,7644359.8633
2012-01-23,1.28865,1.30523,1.28828,1.3024,223420319.336
2012-01-24,1.30241,1.30592,1.2953,1.30347,237812481.9339
2012-01-25,1.30347,1.31202,1.29307,1.31054,260644148.1935
2012-01-26,1.31054,1.31795,1.30893,1.30895,262064406.7383
2012-01-27,1.30879,1.32304,1.30774,1.32158,261887803.7112
2012-01-29,1.32158,1.32254,1.32055,1.32058,6920850.0976
2012-01-30,1.32068,1.32097,1.30791,1.3138,279370870.1177
2012-01-31,1.3138,1.32123,1.30431,1.30754,297389791.9924
2012-02-01,1.30756,1.32174,1.3026,1.31701,288124109.8635
2012-02-02,1.31692,1.31966,1.30864,1.31356,267811726.0745
2012-02-03,1.31356,1.31913,1.3068,1.31563,254084711.9142
2012-02-05,1.31563,1.31563,1.3111,1.3124,9026300.0489
2012-02-06,1.3124,1.31411,1.30277,1.31179,249597102.5392
2012-02-07,1.31179,1.32692,1.30889,1.32475,274624869.8733
2012-02-08,1.32473,1.32859,1.32183,1.32471,266513039.06260002
2012-02-09,1.32472,1.33193,1.32269,1.32754,253187018.0668
2012-02-10,1.32752,1.329,1.31561,1.31961,217452611.3283
2012-02-12,1.31961,1.32592,1.31961,1.32368,13963010.253899999
2012-02-13,1.32398,1.32826,1.31483,1.31539,227649162.1095
2012-02-14,1.31543,1.32155,1.30801,1.3128,234486519.5314
2012-02-15,1.31281,1.31903,1.30441,1.30548,259047230.7129
2012-02-16,1.30548,1.31551,1.29751,1.31269,268711039.307
2012-02-17,1.31269,1.31967,1.31149,1.31425,216532291.2597
2012-02-19,1.31425,1.32367,1.31425,1.32232,14072350.0977
2012-02-20,1.32232,1.32766,1.31823,1.32074,177997889.8926
2012-02-21,1.32071,1.32926,1.3187,1.32482,254609770.9964
2012-02-22,1.32482,1.32638,1.32109,1.3255,218658260.01
2012-02-23,1.3255,1.33779,1.32318,1.33739,217518477.5392
2012-02-24,1.33737,1.34857,1.33568,1.34461,212570931.3966
2012-02-26,1.34461,1.34787,1.34461,1.34674,10441489.746100001
2012-02-27,1.34669,1.34676,1.33658,1.34073,255060890.137
2012-02-28,1.34073,1.34795,1.33901,1.34781,259525870.8497
2012-02-29,1.34785,1.34853,1.33147,1.33238,271144380.3714
2012-03-01,1.33241,1.33556,1.3282,1.33263,244503798.8282
2012-03-02,1.33263,1.33326,1.31864,1.32003,215675698.7305
2012-03-04,1.32003,1.32049,1.3182,1.31851,7897530.0293
2012-03-05,1.31851,1.32386,1.31597,1.3223,231207218.7502
2012-03-06,1.32228,1.32256,1.31032,1.31194,250795240.9667
2012-03-07,1.31194,1.31638,1.30959,1.31406,217855948.1203
2012-03-08,1.31406,1.3291,1.3135,1.32712,220167199.951
2012-03-09,1.32712,1.32718,1.30974,1.31227,203989890.8692
2012-03-11,1.31227,1.31245,1.30991,1.3122,5242170.0439
2012-03-12,1.31216,1.31724,1.30788,1.31696,209118548.5844
2012-03-13,1.31696,1.31902,1.30518,1.30788,227475780.7619
2012-03-14,1.30791,1.309,1.30108,1.30204,219623208.9844
2012-03-15,1.30202,1.31176,1.30035,1.30765,216585860.5957
2012-03-16,1.30766,1.31869,1.30486,1.31732,187650780.0295
2012-03-18,1.31732,1.31867,1.31719,1.3176,7480609.985300001
2012-03-19,1.31759,1.32628,1.31417,1.32292,174654669.3118
2012-03-20,1.32291,1.32516,1.3172,1.3238,192604582.0315
2012-03-21,1.3238,1.32844,1.31788,1.32173,201124900.75710002
2012-03-22,1.32181,1.32544,1.3135,1.32044,223249561.2795
2012-03-23,1.32044,1.32919,1.31907,1.32684,197484506.836
2012-03-25,1.32684,1.32839,1.32651,1.32823,7934739.9902
2012-03-26,1.32832,1.33674,1.3192,1.33566,211780258.30110002
2012-03-27,1.33566,1.33846,1.33121,1.33288,197886649.7803
2012-03-28,1.33288,1.33727,1.32772,1.33254,213497351.68490002
2012-03-29,1.33254,1.33449,1.32524,1.33138,206705520.3859
2012-03-30,1.33139,1.33748,1.33095,1.33405,192865351.8069
2012-04-01,1.33376,1.3376,1.33376,1.33565,8273449.951099999
2012-04-02,1.33563,1.33803,1.32777,1.33296,196904581.0547
2012-04-03,1.33296,1.33671,1.32131,1.32225,215309288.8184
2012-04-04,1.32225,1.32327,1.31073,1.31435,218399280.5177
2012-04-05,1.31435,1.31642,1.30353,1.30622,182627341.0646
2012-04-06,1.30622,1.31098,1.30503,1.30964,72784259.0333
2012-04-08,1.30964,1.31039,1.30661,1.30851,6959319.885299999
2012-04-09,1.30851,1.31334,1.30337,1.31086,111368990.7227
2012-04-10,1.31086,1.3144,1.30538,1.30721,234425789.7949
2012-04-11,1.30719,1.31562,1.3066,1.31182,212306020.6299
2012-04-12,1.31183,1.32123,1.3102,1.31884,208543398.5597
2012-04-13,1.31883,1.32011,1.30692,1.30755,200255378.9065
2012-04-15,1.30755,1.30755,1.30407,1.30432,10924839.8438
2012-04-16,1.30433,1.31465,1.29958,1.31257,238123651.3673
2012-04-17,1.31258,1.31692,1.30902,1.31348,208820549.3168
2012-04-18,1.31348,1.31403,1.30572,1.3117,225029651.00079998
2012-04-19,1.3117,1.31608,1.30699,1.3143,235237612.0607
2012-04-20,1.31431,1.32263,1.31285,1.32159,210389379.1504
2012-04-22,1.32159,1.32159,1.3181,1.32069,8241010.0098
2012-04-23,1.32071,1.32101,1.31045,1.31486,208697389.7707
2012-04-24,1.31487,1.32173,1.31447,1.31951,211025460.5714
2012-04-25,1.31951,1.32359,1.31736,1.32306,208087548.5842
2012-04-26,1.32306,1.32625,1.31765,1.31918,198886348.8772
2012-04-27,1.31915,1.32698,1.3157,1.32535,216023462.6465
2012-04-29,1.32535,1.32535,1.32331,1.32392,6065320.1294
2012-04-30,1.32392,1.32663,1.32078,1.32387,190352279.7851
2012-05-01,1.32387,1.32828,1.32039,1.32379,144262000.2441
2012-05-02,1.32379,1.32407,1.31248,1.31476,205069440.9181
2012-05-03,1.31478,1.31791,1.3099,1.3154,192118132.6904
2012-05-04,1.3154,1.3178,1.30799,1.30824,176583980.7129
2012-05-06,1.30824,1.30824,1.2955,1.29607,23923650.3906
2012-05-07,1.29608,1.30652,1.29608,1.30589,209294309.8148
2012-05-08,1.30587,1.30598,1.29823,1.29925,234108329.9564
2012-05-09,1.29925,1.30037,1.29107,1.2934,265290382.8127
2012-05-10,1.29341,1.29785,1.2924,1.29328,232201139.4045
2012-05-11,1.29328,1.29572,1.29045,1.29153,217269301.02580002
2012-05-13,1.29153,1.29153,1.28811,1.28969,13595799.804700002
2012-05-14,1.2897,1.29042,1.2815,1.28297,224023990.9669
2012-05-15,1.28297,1.28686,1.27216,1.27344,245136350.8301
2012-05-16,1.27344,1.27585,1.26811,1.27321,278780560.669
2012-05-17,1.2732,1.27489,1.26664,1.26975,263587269.2874
2012-05-18,1.26975,1.27936,1.26415,1.27826,257405659.668
2012-05-20,1.27826,1.27826,1.2748,1.27712,11890099.9756
2012-05-21,1.27713,1.28236,1.2725,1.2812,240986199.2189
2012-05-22,1.2812,1.28142,1.26517,1.26604,263726250.2443
2012-05-23,1.26605,1.26868,1.25448,1.25606,293894718.0177
2012-05-24,1.25612,1.26188,1.25154,1.25349,282986759.03360003
2012-05-25,1.25348,1.26017,1.24984,1.25151,240000219.9709
2012-05-27,1.25151,1.25789,1.25151,1.25658,10816630.2491
2012-05-28,1.25659,1.2624,1.2516,1.25213,174760118.7744
2012-05-29,1.2521,1.25741,1.24606,1.24771,262103777.0997
2012-05-30,1.24773,1.24867,1.23606,1.23731,273542787.9641
2012-05-31,1.2373,1.24281,1.23363,1.23619,269548838.3791
2012-06-01,1.23617,1.24481,1.22913,1.24328,276899103.0274
2012-06-03,1.24328,1.24418,1.23956,1.23982,15977569.8242
2012-06-04,1.23982,1.25267,1.23856,1.25261,221459707.0313
2012-06-05,1.25261,1.25417,1.24098,1.2461,250952320.923
2012-06-06,1.2461,1.25851,1.24416,1.25761,270740994.385
2012-06-07,1.25755,1.26249,1.25398,1.25673,260612778.0764
2012-06-08,1.25673,1.25712,1.24353,1.25159,239757540.0391
2012-06-10,1.25159,1.26676,1.25159,1.26441,20653000.4883
2012-06-11,1.2644,1.26469,1.245,1.24769,256538499.0235
2012-06-12,1.24769,1.25287,1.24425,1.25,272259143.7988
2012-06-13,1.25,1.26098,1.24735,1.25742,269236698.4865
2012-06-14,1.25741,1.26362,1.25415,1.26258,255609489.25800002
2012-06-15,1.26257,1.26642,1.2592,1.26381,216799260.254
2012-06-17,1.26381,1.27474,1.26381,1.27038,19748099.6094
2012-06-18,1.27038,1.27272,1.25592,1.25959,262968412.2317
2012-06-19,1.25959,1.27302,1.25687,1.26788,257990639.6487
2012-06-20,1.26788,1.27408,1.26383,1.26807,255901867.4317
2012-06-21,1.26805,1.26985,1.25313,1.25495,265589710.9374
2012-06-22,1.25497,1.2583,1.25188,1.25669,213557400.6346
2012-06-24,1.25669,1.25669,1.2534,1.25373,6577089.9658
2012-06-25,1.25374,1.25442,1.24709,1.25022,206014538.2083
2012-06-26,1.25022,1.253,1.24416,1.24849,238449907.9592
2012-06-27,1.24849,1.25079,1.2445,1.24693,203169099.3653
2012-06-28,1.24696,1.25239,1.24071,1.24406,253826161.7432
2012-06-29,1.24406,1.26924,1.24323,1.26627,283843212.4026
2012-07-01,1.26627,1.26777,1.26502,1.26544,9506050.048799999
2012-07-02,1.26544,1.26672,1.25679,1.25794,219958849.9757
2012-07-03,1.25795,1.26269,1.25586,1.26041,193468978.6988
2012-07-04,1.26041,1.26065,1.25082,1.25153,156543929.932
2012-07-05,1.25152,1.25381,1.23638,1.23921,233575850.7082
2012-07-06,1.23922,1.24008,1.22596,1.2285,215943500.4884
2012-07-08,1.2285,1.2285,1.22558,1.227,12856169.9219
2012-07-09,1.22701,1.23227,1.22689,1.23167,200865978.5156
2012-07-10,1.23172,1.23336,1.2235,1.22547,225112350.342
2012-07-11,1.22546,1.22963,1.2212,1.22441,219713008.4229
2012-07-12,1.22441,1.22443,1.2167,1.21879,236811607.7881
2012-07-13,1.2188,1.22546,1.2162,1.22483,207346859.6192
2012-07-15,1.22483,1.22715,1.22445,1.22465,7603649.9023
2012-07-16,1.22465,1.22894,1.21755,1.22654,191890409.1797
2012-07-17,1.22653,1.23149,1.21885,1.22951,228090799.5607
2012-07-18,1.2295,1.23062,1.22165,1.22765,231757899.292
2012-07-19,1.22766,1.23209,1.22288,1.22759,230995398.0715
2012-07-20,1.22759,1.22825,1.21443,1.21563,210664913.5744
2012-07-22,1.21563,1.21563,1.21126,1.21271,13509630.1269
2012-07-23,1.21271,1.21442,1.20684,1.21236,250376859.3749
2012-07-24,1.21234,1.21372,1.20419,1.20612,244934059.5708
2012-07-25,1.20612,1.21674,1.20531,1.21387,251507257.6903
2012-07-26,1.21387,1.23284,1.21172,1.22775,248358329.59
2012-07-27,1.22774,1.23899,1.22416,1.23182,262106160.6448
2012-07-29,1.23182,1.23182,1.22944,1.23023,7785949.9512
2012-07-30,1.23025,1.23055,1.22246,1.22597,205954070.5568
2012-07-31,1.22595,1.23291,1.2248,1.22917,196981029.663
2012-08-01,1.22916,1.23362,1.2218,1.22382,161327699.9512
2012-08-02,1.22382,1.23888,1.21339,1.21782,225980508.5449
2012-08-03,1.21785,1.23919,1.21664,1.23852,218460262.6956
2012-08-05,1.23852,1.24429,1.23826,1.24271,14687629.8828
2012-08-06,1.24268,1.24292,1.23413,1.2388,188583610.3518
2012-08-07,1.23882,1.24417,1.23757,1.23842,189778350.464
2012-08-08,1.23842,1.2402,1.23267,1.23716,186970210.9378
2012-08-09,1.23716,1.23866,1.22668,1.22925,189098859.8634
2012-08-10,1.22926,1.23162,1.22412,1.22894,167875629.1505
2012-08-12,1.22894,1.22909,1.22742,1.22742,5022439.9414
2012-08-13,1.22745,1.23732,1.226,1.23258,166553851.0743
2012-08-14,1.23258,1.23851,1.23159,1.23233,168214639.2827
2012-08-15,1.23233,1.23432,1.22635,1.22881,140713400.1468
2012-08-16,1.22882,1.2372,1.2256,1.23568,162867361.0843
2012-08-17,1.23568,1.23818,1.22894,1.23308,149908160.8886
2012-08-19,1.23308,1.23508,1.23286,1.23318,7887964.7217
2012-08-20,1.23316,1.23685,1.22948,1.23505,151527301.0257
2012-08-21,1.23507,1.24872,1.23457,1.24761,192110319.3361
2012-08-22,1.2476,1.25435,1.2431,1.25334,180737298.8282
2012-08-23,1.25334,1.25885,1.25243,1.25595,195139951.4162
2012-08-24,1.25595,1.25662,1.24843,1.25107,161290010.7422
2012-08-26,1.25107,1.25233,1.25041,1.25049,7078589.843699999
2012-08-27,1.25053,1.25351,1.24898,1.25007,114428268.9209
2012-08-28,1.25007,1.25759,1.2465,1.25705,170337899.6578
2012-08-29,1.25705,1.25729,1.25183,1.25302,153997370.3614
2012-08-30,1.25304,1.25635,1.2488,1.25092,154773839.8438
2012-08-31,1.25091,1.26372,1.24933,1.25738,187625580.0782
2012-09-02,1.25758,1.2585,1.25666,1.25731,5653159.7901
2012-09-03,1.25729,1.26091,1.25599,1.25859,118878189.8802
2012-09-04,1.2586,1.26275,1.25259,1.25335,167974230.1025
2012-09-05,1.25336,1.2624,1.25015,1.26001,188866059.6926
2012-09-06,1.26002,1.26469,1.25611,1.26305,198241968.7502
2012-09-07,1.26305,1.28171,1.26263,1.28152,181056633.301
2012-09-09,1.28152,1.28152,1.27909,1.27951,7150920.2271
2012-09-10,1.27951,1.28031,1.27546,1.27613,156933768.4329
2012-09-11,1.27613,1.28707,1.27584,1.2851,182956801.2696
2012-09-12,1.28511,1.29361,1.28399,1.29019,196095030.884
2012-09-13,1.29017,1.30014,1.28742,1.29926,188641340.6983
2012-09-14,1.29925,1.3167,1.29839,1.31299,203197980.9572
2012-09-16,1.31299,1.31299,1.31089,1.31134,6498109.863299999
2012-09-17,1.31134,1.31694,1.30834,1.31079,176456180.7862
2012-09-18,1.3108,1.31147,1.3029,1.30461,178401690.7962
2012-09-19,1.30461,1.30846,1.2993,1.30571,181034872.3146
2012-09-20,1.30571,1.30587,1.2921,1.29734,194198400.39090002
2012-09-21,1.29733,1.30476,1.2955,1.29792,182984759.0331
2012-09-23,1.29792,1.29878,1.29654,1.29667,6157599.9756000005
2012-09-24,1.29667,1.29795,1.28904,1.29403,141615399.4141
2012-09-25,1.29406,1.29706,1.28871,1.28982,164877770.6297
2012-09-26,1.28982,1.29126,1.2835,1.28778,150470049.5606
2012-09-27,1.28776,1.29282,1.28307,1.29121,162660990.2345
2012-09-28,1.2912,1.29596,1.28387,1.28591,187951331.0547
2012-09-30,1.28591,1.28591,1.28038,1.28071,9061530.1514
2012-10-01,1.28077,1.29381,1.28049,1.28877,181101919.7999
2012-10-02,1.28878,1.29676,1.28799,1.2911,167574320.2517
2012-10-03,1.29113,1.29367,1.28772,1.29227,169633989.62440002
2012-10-04,1.29226,1.30312,1.291,1.30126,185243801.75820002
2012-10-05,1.30126,1.30714,1.29938,1.30344,165618471.1915
2012-10-07,1.30344,1.30344,1.30114,1.3014,4619270.0196
2012-10-08,1.30151,1.30158,1.29371,1.29749,134173659.5459
2012-10-09,1.29749,1.29906,1.28493,1.28588,187898979.0039
2012-10-10,1.28588,1.29127,1.28352,1.28588,177226361.3281
2012-10-11,1.28591,1.29511,1.28258,1.29314,163205579.2238
2012-10-12,1.29314,1.29906,1.29219,1.29522,152772480.1026
2012-10-14,1.29522,1.29588,1.29319,1.2934,4713659.9731
2012-10-15,1.29328,1.29786,1.28905,1.29673,160289630.0051
2012-10-16,1.29672,1.31232,1.29532,1.31056,183241951.4162
2012-10-17,1.31055,1.31386,1.30846,1.3112,175887720.7033
2012-10-18,1.3112,1.31285,1.3055,1.30684,168417069.9462
2012-10-19,1.30684,1.30767,1.30129,1.30188,139887719.9708
2012-10-21,1.30188,1.3029,1.30152,1.30214,4540359.9548
2012-10-22,1.30213,1.3083,1.30199,1.30703,143014910.0343
2012-10-23,1.30703,1.30703,1.29518,1.29733,166211781.6162
2012-10-24,1.29734,1.29966,1.292,1.29643,170127801.1476
2012-10-25,1.29645,1.3023,1.29269,1.29385,173286989.38
2012-10-26,1.29384,1.29559,1.28832,1.29403,170047610.8397
2012-10-28,1.29403,1.29453,1.29186,1.29219,4722890.0147
2012-10-29,1.29216,1.29359,1.2885,1.29066,116827461.4871
2012-10-30,1.29065,1.29832,1.28857,1.29611,121345739.2577
2012-10-31,1.29612,1.30202,1.29458,1.29641,163555290.2832
2012-11-01,1.29642,1.29823,1.29241,1.29464,149426609.4972
2012-11-02,1.29463,1.29464,1.28211,1.28349,172753480.591
2012-11-04,1.28349,1.28349,1.28163,1.28225,5107790.039100001
2012-11-05,1.28223,1.28425,1.27674,1.27995,153211938.7208
2012-11-06,1.27995,1.28262,1.2763,1.28053,161446330.3224
2012-11-07,1.28053,1.28761,1.27362,1.27562,226706649.6584
2012-11-08,1.27564,1.27759,1.2717,1.27411,188276970.8254
2012-11-09,1.2741,1.27897,1.26895,1.27109,201682199.2189
2012-11-11,1.27109,1.27359,1.2709,1.27202,5385739.9902
2012-11-12,1.27203,1.27388,1.26975,1.27056,124478050.4151
2012-11-13,1.27056,1.27264,1.26612,1.27091,182500661.5601
2012-11-14,1.27091,1.27741,1.27032,1.27293,179470230.5908
2012-11-15,1.27293,1.28015,1.2717,1.27814,169566239.13570002
2012-11-16,1.27812,1.2784,1.269,1.27428,171676900.3907
2012-11-18,1.27428,1.27607,1.27401,1.27583,5155869.8730999995
2012-11-19,1.27583,1.28196,1.27455,1.27666,165177589.1113
2012-11-20,1.27666,1.28283,1.27643,1.28121,151584178.5889
2012-11-21,1.28123,1.28673,1.2736,1.28638,145886601.4407
2012-11-22,1.28639,1.28984,1.28339,1.2874,109367229.8586
2012-11-23,1.28739,1.29904,1.28681,1.29736,118878770.3856
2012-11-25,1.29736,1.29769,1.29634,1.29706,5178839.9658
2012-11-26,1.29728,1.30063,1.2944,1.2988,126982349.60960001
2012-11-27,1.29883,1.30083,1.2915,1.29372,148524449.463
2012-11-28,1.29376,1.29611,1.288,1.29502,153701181.3965
2012-11-29,1.29504,1.30122,1.29388,1.29717,138096020.5078
2012-11-30,1.29715,1.30274,1.2968,1.2986,151616810.303
2012-12-02,1.29854,1.29975,1.29819,1.29954,4992420.166
2012-12-03,1.29955,1.30756,1.29931,1.30635,144903560.425
2012-12-04,1.30635,1.31079,1.30456,1.30989,139055011.4745
2012-12-05,1.30989,1.31261,1.30597,1.30722,154878429.3215
2012-12-06,1.30722,1.30863,1.295,1.29612,155919349.6094
2012-12-07,1.29612,1.29722,1.28789,1.29253,139611401.0011
2012-12-09,1.29253,1.29253,1.28871,1.29062,6355580.0782
2012-12-10,1.29061,1.29463,1.28856,1.29368,117349149.9023
2012-12-11,1.29367,1.30144,1.29286,1.30113,130925200.1953
2012-12-12,1.30112,1.30965,1.29959,1.30653,139933240.2344
2012-12-13,1.30653,1.31,1.30411,1.30766,145364069.8244
2012-12-14,1.30767,1.31726,1.30663,1.31626,147224359.6191
2012-12-16,1.31626,1.31872,1.31626,1.31655,8628759.7656
2012-12-17,1.31655,1.31786,1.31439,1.31608,126963099.7318
2012-12-18,1.31609,1.32376,1.31559,1.32285,129208879.8829
2012-12-19,1.3228,1.3308,1.3188,1.32127,155563639.6485
2012-12-20,1.32127,1.32946,1.3203,1.32366,152206158.56960002
2012-12-21,1.3237,1.32379,1.31585,1.31867,168411050.7814
2012-12-23,1.31867,1.31867,1.31719,1.31797,3638430.0537
2012-12-24,1.31796,1.32335,1.31712,1.31788,83511170.3183
2012-12-25,1.31801,1.32025,1.31704,1.31798,17905459.960699998
2012-12-26,1.31798,1.32533,1.31708,1.32276,87391180.5423
2012-12-27,1.3228,1.32834,1.32011,1.32478,127196800.9035
2012-12-28,1.32477,1.32564,1.31655,1.3214,115553660.5228
2012-12-30,1.3214,1.32322,1.32091,1.32259,4155650.0245000003
2012-12-31,1.32259,1.32344,1.31738,1.31949,107649019.6993
2013-01-01,1.3195,1.32197,1.31866,1.31977,4346019.9432
2013-01-02,1.31975,1.32991,1.3157,1.31833,174395549.3165
2013-01-03,1.31836,1.31887,1.30222,1.30243,173935430.176
2013-01-04,1.3024,1.30892,1.29971,1.30678,163991111.5724
2013-01-06,1.30678,1.30792,1.30655,1.30676,4326219.9706999995
2013-01-07,1.30678,1.31275,1.30165,1.31236,164850000.9766
2013-01-08,1.31236,1.31393,1.30566,1.30825,163429779.2968
2013-01-09,1.30822,1.30956,1.30362,1.30531,159971078.6132
2013-01-10,1.3053,1.32791,1.30385,1.32722,190490789.5509
2013-01-11,1.32723,1.33653,1.32479,1.33424,182030900.1467
2013-01-13,1.33424,1.33685,1.33424,1.33579,8424239.9903
2013-01-14,1.33579,1.34037,1.33356,1.33769,156558600.3419
2013-01-15,1.33771,1.33933,1.3272,1.33088,171061660.889
2013-01-16,1.33089,1.33246,1.32565,1.32845,161785578.9795
2013-01-17,1.32845,1.33873,1.32696,1.33738,173479542.3586
2013-01-18,1.33737,1.3398,1.32803,1.3318,167559069.8242
2013-01-20,1.3318,1.33237,1.33066,1.33176,3996710.0830000006
2013-01-21,1.33174,1.33319,1.32998,1.33095,90342490.3563
2013-01-22,1.33096,1.33712,1.32668,1.33125,180520569.2139
2013-01-23,1.33127,1.33542,1.32655,1.33067,149668279.6634
2013-01-24,1.33068,1.33925,1.32859,1.33674,181504381.8361
2013-01-25,1.33674,1.34788,1.33497,1.34587,185772200.4395
2013-01-27,1.34587,1.34709,1.34531,1.34647,6648780.0293000005
2013-01-28,1.34647,1.34765,1.34244,1.34469,152347218.506
2013-01-29,1.3447,1.34968,1.3414,1.34874,174499638.42790002
2013-01-30,1.34874,1.3587,1.34817,1.35682,175367479.3701
2013-01-31,1.3568,1.36165,1.35408,1.36115,166226061.2794
2013-02-01,1.36115,1.37108,1.3586,1.36391,204622981.2011
2013-02-03,1.36391,1.36571,1.36391,1.36449,4513699.9512
2013-02-04,1.36448,1.36486,1.34988,1.35104,171325619.3849
2013-02-05,1.35103,1.35972,1.34577,1.35825,197343048.096
2013-02-06,1.35825,1.35957,1.34951,1.35218,181781848.8768
2013-02-07,1.35216,1.35769,1.33706,1.33827,203740660.8885
2013-02-08,1.33826,1.34288,1.33531,1.33662,160195660.1564
2013-02-10,1.33662,1.3374,1.33635,1.3366,6971580.0781
2013-02-11,1.33658,1.34273,1.3357,1.34016,141411280.51770002
2013-02-12,1.34016,1.34753,1.33635,1.34521,155198170.4102
2013-02-13,1.34519,1.35196,1.34262,1.34444,141698932.2509
2013-02-14,1.34444,1.34551,1.3315,1.33498,147314980.4689
2013-02-15,1.33499,1.33929,1.3306,1.33618,148092430.4201
2013-02-17,1.33618,1.33618,1.33369,1.33388,5324429.9316
2013-02-18,1.33388,1.33787,1.3321,1.33484,104324949.8292
2013-02-19,1.33484,1.33958,1.33285,1.33951,135726240.4784
2013-02-20,1.33948,1.34341,1.32705,1.32727,171492680.4199
2013-02-21,1.32729,1.32891,1.31606,1.3192,189748950.4396
2013-02-22,1.3192,1.32442,1.3145,1.31902,147175118.6524
2013-02-24,1.31902,1.32175,1.31856,1.31911,8657060.058600001
2013-02-25,1.31912,1.33171,1.30471,1.30659,217883497.55900002
2013-02-26,1.30661,1.31187,1.3018,1.30672,241403096.6799
2013-02-27,1.30673,1.31615,1.3041,1.31549,212532500.4883
2013-02-28,1.31551,1.31579,1.30531,1.30602,184258680.42000002
2013-03-01,1.30601,1.3101,1.29664,1.30178,187309510.6204
2013-03-03,1.30178,1.30307,1.30045,1.30157,5500919.9218
2013-03-04,1.30154,1.30404,1.29819,1.30347,144633099.1211
2013-03-05,1.30348,1.3075,1.3011,1.30471,152731030.2735
2013-03-06,1.30472,1.307,1.29646,1.29777,144382608.39880002
2013-03-07,1.29777,1.31181,1.29746,1.31077,176545719.7265
2013-03-08,1.31077,1.31343,1.29548,1.30042,167831029.541
2013-03-10,1.30042,1.30042,1.29793,1.29873,7975730.2246
2013-03-11,1.29873,1.30529,1.29837,1.30322,133931039.6732
2013-03-12,1.30319,1.30742,1.29913,1.30302,167825260.254
2013-03-13,1.30301,1.30646,1.29234,1.29591,166144750.2445
2013-03-14,1.29591,1.30299,1.29112,1.30118,202150671.7528
2013-03-15,1.30117,1.31058,1.30023,1.30743,182509259.7658
2013-03-17,1.30743,1.30743,1.2888,1.28907,20235010.2539
2013-03-18,1.28907,1.2994,1.28817,1.29434,212480302.7348
2013-03-19,1.29435,1.29694,1.28466,1.28638,250997681.3967
2013-03-20,1.28639,1.29738,1.28634,1.2939,262743813.2325
2013-03-21,1.29391,1.29551,1.28799,1.2903,274952529.5412
2013-03-22,1.29031,1.30074,1.2888,1.29881,243580620.1171
2013-03-24,1.29881,1.30474,1.29448,1.30185,16525529.7852
2013-03-25,1.30185,1.30479,1.28342,1.2857,289166288.81880003
2013-03-26,1.2857,1.28887,1.28313,1.28605,242433692.8713
2013-03-27,1.28609,1.28665,1.27539,1.27742,248066019.2875
2013-03-28,1.27746,1.28437,1.27556,1.28142,226366830.4445
2013-03-29,1.28137,1.28368,1.27944,1.28184,58011439.697399996
2013-03-31,1.28184,1.28184,1.28,1.28052,3477799.9877000004
2013-04-01,1.28051,1.28666,1.27713,1.28485,108440489.9902
2013-04-02,1.28483,1.28777,1.28096,1.2819,216308862.3046
2013-04-03,1.2819,1.28639,1.27898,1.28489,211843930.4201
2013-04-04,1.2849,1.29487,1.27468,1.29258,272416158.6916
2013-04-05,1.29257,1.30389,1.29006,1.29943,249057158.6916
2013-04-07,1.29943,1.3006,1.2972,1.29909,13558220.2148
2013-04-08,1.2991,1.30365,1.29685,1.30293,214353189.9414
2013-04-09,1.30293,1.31025,1.30056,1.30805,238262691.7725
2013-04-10,1.308,1.31217,1.3051,1.3052,214647099.3653
2013-04-11,1.30522,1.3138,1.30436,1.31162,229108819.5804
2013-04-12,1.3116,1.31262,1.30384,1.31113,216871798.8281
2013-04-14,1.31113,1.31147,1.30958,1.30966,10062929.596
2013-04-15,1.30968,1.31075,1.3022,1.30531,269902240.2344
2013-04-16,1.3053,1.32015,1.30292,1.31779,283609885.7422
2013-04-17,1.3178,1.31995,1.30011,1.30335,278089948.7309
2013-04-18,1.30335,1.3096,1.30208,1.30524,272315797.8515
2013-04-19,1.30523,1.31271,1.3048,1.3051,218212440.4298
2013-04-21,1.3051,1.30769,1.3051,1.30575,6087940.1855999995
2013-04-22,1.30573,1.30836,1.30154,1.30593,188835030.2737
2013-04-23,1.30592,1.30824,1.2973,1.2994,240504571.5335
2013-04-24,1.29938,1.3033,1.29611,1.30155,213278931.0304
2013-04-25,1.30157,1.30933,1.29894,1.30038,228252340.8205
2013-04-26,1.30037,1.30475,1.29912,1.30274,219266391.6017
2013-04-28,1.30274,1.30676,1.30274,1.30406,8061090.1489
2013-04-29,1.30402,1.31158,1.30318,1.30943,200207028.0761
2013-04-30,1.30941,1.31858,1.30557,1.31678,221584068.9698
2013-05-01,1.31679,1.32427,1.31606,1.31792,179806440.1857
2013-05-02,1.31793,1.32148,1.30384,1.30658,242076407.9591
2013-05-03,1.30658,1.31565,1.30351,1.31131,203871671.1425
2013-05-05,1.31131,1.3126,1.31104,1.31206,3958319.9463
2013-05-06,1.31207,1.31396,1.30534,1.30727,120991310.425
2013-05-07,1.30722,1.31315,1.30677,1.3075,173601088.8673
2013-05-08,1.3075,1.31944,1.30726,1.31602,196316261.96310002
2013-05-09,1.31602,1.3177,1.30098,1.30315,206555230.4689
2013-05-10,1.30316,1.30506,1.2935,1.29899,245449250.9768
2013-05-12,1.29899,1.29899,1.29596,1.2967,6154450.103800001
2013-05-13,1.2967,1.2997,1.29415,1.2987,202554167.9687
2013-05-14,1.29868,1.30289,1.29181,1.29363,238229858.887
2013-05-15,1.29362,1.29424,1.2843,1.28824,233519198.7305
2013-05-16,1.28824,1.29297,1.28463,1.28828,228658260.7421
2013-05-17,1.2883,1.28887,1.2796,1.28381,191827099.8536
2013-05-19,1.28381,1.28482,1.28276,1.28306,6912790.039100001
2013-05-20,1.28307,1.29035,1.28192,1.28903,169980140.8691
2013-05-21,1.28903,1.29327,1.2841,1.29198,213530739.25800002
2013-05-22,1.29197,1.29978,1.28335,1.28421,271095704.5902
2013-05-23,1.28422,1.29539,1.28214,1.29228,278910332.5199
2013-05-24,1.29229,1.29928,1.29043,1.29323,214425618.8967
2013-05-26,1.29323,1.29436,1.29323,1.29357,5845159.912
2013-05-27,1.29357,1.29485,1.29159,1.29339,83768240.7225
2013-05-28,1.29339,1.29468,1.2841,1.28445,231547548.3398
2013-05-29,1.28446,1.2975,1.2838,1.29465,262892439.2093
2013-05-30,1.29465,1.30614,1.29333,1.30419,257539649.9025
2013-05-31,1.30419,1.30484,1.2944,1.29953,214483010.7423
2013-06-02,1.29953,1.30001,1.2983,1.29942,5804300.1709
2013-06-03,1.29944,1.31074,1.29556,1.30704,214226509.2775
2013-06-04,1.30702,1.31012,1.30418,1.30715,240402249.2678
2013-06-05,1.30714,1.31142,1.30529,1.30865,278373471.9241
2013-06-06,1.30864,1.33054,1.30749,1.32423,319307739.5022
2013-06-07,1.32423,1.32846,1.31918,1.32187,297732987.7932
2013-06-09,1.32187,1.32187,1.31851,1.32024,10306919.9219
2013-06-10,1.32024,1.32689,1.31775,1.32528,237372040.7715
2013-06-11,1.32528,1.33173,1.3232,1.33121,319573130.3712
2013-06-12,1.33122,1.33591,1.32655,1.33438,286381025.3909
2013-06-13,1.33438,1.33902,1.32785,1.33586,313418682.8616
2013-06-14,1.33587,1.33728,1.32948,1.33467,227946841.7969
2013-06-16,1.33467,1.33572,1.33431,1.33546,5692929.992699999
2013-06-17,1.33545,1.33815,1.33184,1.33619,169698639.6485
2013-06-18,1.3362,1.34155,1.33255,1.33929,217458310.0589
2013-06-19,1.33929,1.34155,1.3262,1.32817,186733171.3867
2013-06-20,1.32817,1.33002,1.31612,1.32276,260295120.3611
2013-06-21,1.32277,1.32541,1.30985,1.31215,190081778.5644
2013-06-23,1.31215,1.31215,1.30888,1.31066,6891760.0097
2013-06-24,1.31066,1.31438,1.3059,1.3135,198955059.4481
2013-06-25,1.3135,1.31506,1.3065,1.30753,193152118.7747
2013-06-26,1.30755,1.3087,1.29849,1.30162,189861058.8381
2013-06-27,1.30162,1.30546,1.3,1.30361,187477409.0577
2013-06-28,1.30363,1.31029,1.29913,1.30096,184072088.8673
2013-06-30,1.30096,1.3016,1.30055,1.3008,3737470.0927999998
2013-07-01,1.30077,1.30708,1.30074,1.30679,139494480.5299
2013-07-02,1.30678,1.30779,1.29634,1.29748,167329871.216
2013-07-03,1.29745,1.30288,1.29229,1.30208,190912869.6293
2013-07-04,1.30208,1.30208,1.2883,1.28924,145500540.8326
2013-07-05,1.28924,1.29053,1.28063,1.28303,169714050.29320002
2013-07-07,1.28303,1.28327,1.28106,1.28128,6462209.8388
2013-07-08,1.28128,1.28819,1.28117,1.28606,145136890.503
2013-07-09,1.28606,1.2898,1.27552,1.27766,185252001.3429
2013-07-10,1.27769,1.3206,1.27648,1.31164,234587248.7797
2013-07-11,1.31175,1.3147,1.30056,1.30867,255964629.8828
2013-07-12,1.30865,1.31001,1.2999,1.30679,166714270.9961
2013-07-14,1.30679,1.308,1.30567,1.30607,3171640.0757
2013-07-15,1.30609,1.30791,1.2993,1.3058,169996489.624
2013-07-16,1.3058,1.31745,1.3053,1.3148,204918328.1253
2013-07-17,1.31478,1.31768,1.30829,1.31163,210135010.6202
2013-07-18,1.31163,1.31255,1.3066,1.31086,176920409.5457
2013-07-19,1.31087,1.31532,1.30893,1.31427,160357360.1074
2013-07-21,1.31427,1.31601,1.31357,1.31581,4534420.0745
2013-07-22,1.31582,1.32179,1.3144,1.31909,163639909.7292
2013-07-23,1.31908,1.32386,1.31631,1.32211,176630931.5185
2013-07-24,1.32211,1.3256,1.31767,1.31904,209750049.6826
2013-07-25,1.31904,1.32958,1.31655,1.32737,207799481.0792
2013-07-26,1.32737,1.32968,1.32525,1.32786,171946878.4179
2013-07-28,1.32786,1.32938,1.32753,1.32856,4525420.0134
2013-07-29,1.32857,1.32949,1.32388,1.3263,358894537.598
2013-07-30,1.32631,1.33012,1.3234,1.32656,377224262.2073
2013-07-31,1.32656,1.33447,1.32141,1.33003,430068738.2815
2013-08-01,1.33007,1.33107,1.31932,1.32116,221400619.9954
2013-08-02,1.32117,1.32937,1.31892,1.32805,188779449.9512
2013-08-04,1.32805,1.32872,1.32739,1.32771,4097460.083
2013-08-05,1.32771,1.32999,1.32329,1.32576,163887250.9157
2013-08-06,1.32575,1.33229,1.3246,1.33071,173487938.4766
2013-08-07,1.33072,1.33453,1.32654,1.334,189701270.7522
2013-08-08,1.334,1.34003,1.33278,1.33791,179519581.299
2013-08-09,1.3379,1.33903,1.33324,1.33413,136470729.0039
2013-08-11,1.33413,1.33436,1.33196,1.33384,3764580.0171999997
2013-08-12,1.33384,1.33402,1.3277,1.32917,139277748.413
2013-08-13,1.32917,1.3317,1.32333,1.3265,183799361.4506
2013-08-14,1.32652,1.32799,1.32389,1.32646,163241158.0202
2013-08-15,1.32646,1.33627,1.32054,1.33505,213590781.4942
2013-08-16,1.33504,1.33798,1.3311,1.33283,190205699.463
2013-08-18,1.33283,1.3343,1.33212,1.3329,4558790.1611
2013-08-19,1.3329,1.33745,1.33151,1.33337,158321261.7188
2013-08-20,1.33337,1.34518,1.33234,1.34205,198450500.4273
2013-08-21,1.34205,1.34268,1.33345,1.3341,215703150.6348
2013-08-22,1.3341,1.3373,1.32979,1.33553,212935550.2929
2013-08-23,1.33552,1.34096,1.3333,1.33799,202253692.3828
2013-08-25,1.33799,1.33923,1.33771,1.33867,5124890.014599999
2013-08-26,1.33867,1.3394,1.33563,1.33781,114737010.9255
2013-08-27,1.3378,1.33987,1.33232,1.33908,206853470.8863
2013-08-28,1.33907,1.33976,1.33049,1.33347,202937497.6809
2013-08-29,1.33347,1.33399,1.32191,1.32369,203137809.9367
2013-08-30,1.32369,1.32548,1.31734,1.32208,173455160.7666
2013-09-01,1.32213,1.32213,1.31965,1.32067,4014430.0537
2013-09-02,1.32067,1.3227,1.31836,1.31891,119270179.0161
2013-09-03,1.31892,1.31968,1.31385,1.31717,180892909.8513
2013-09-04,1.31716,1.32177,1.3157,1.31994,165593980.1028
2013-09-05,1.31993,1.32228,1.31105,1.31192,205728290.5887
2013-09-06,1.31192,1.31891,1.31046,1.31765,184944939.9414
2013-09-08,1.31765,1.3179,1.3162,1.31721,4637069.9463
2013-09-09,1.3172,1.32806,1.31665,1.32556,159954830.3833
2013-09-10,1.32557,1.32757,1.32298,1.32673,170555291.6259
2013-09-11,1.32673,1.33244,1.32439,1.33135,201596351.5015
2013-09-12,1.33135,1.33244,1.32552,1.32983,174547828.3692
2013-09-13,1.32983,1.3321,1.32538,1.3293,157137577.8809
2013-09-15,1.3293,1.33819,1.3293,1.33584,11091879.8828
2013-09-16,1.33585,1.33854,1.33301,1.33354,155611281.3721
2013-09-17,1.33354,1.33692,1.33248,1.33566,143124120.8496
2013-09-18,1.33565,1.35418,1.3338,1.35236,235869022.9496
2013-09-19,1.35236,1.35685,1.35093,1.35334,235543040.8325
2013-09-20,1.35334,1.35487,1.34977,1.3522,175391110.7182
2013-09-22,1.3522,1.35476,1.3522,1.35334,3700920.0439
2013-09-23,1.35334,1.35446,1.3479,1.34966,161072239.2578
2013-09-24,1.34968,1.35188,1.3464,1.34731,171863649.292
2013-09-25,1.3473,1.3537,1.34613,1.35173,161942310.6078
2013-09-26,1.35172,1.35262,1.3472,1.34874,164521901.306
2013-09-27,1.34874,1.35644,1.3474,1.3521,168831371.33810002
2013-09-29,1.3521,1.3521,1.34767,1.34944,6822620.1172
2013-09-30,1.34945,1.3556,1.34778,1.35236,155281831.2987
2013-10-01,1.35237,1.3588,1.35158,1.35226,185667011.719
2013-10-02,1.35226,1.36066,1.35043,1.35898,214484609.00890002
2013-10-03,1.35898,1.36459,1.35804,1.36228,184173490.8447
2013-10-04,1.36228,1.36316,1.3538,1.35569,151072700.1954
2013-10-06,1.35569,1.35713,1.35569,1.35685,4220820.0073
2013-10-07,1.35685,1.35909,1.35425,1.35808,144185339.4778
2013-10-08,1.35808,1.36071,1.35576,1.3599,186689637.4513
2013-10-09,1.3599,1.36005,1.34855,1.35186,224810720.2151
2013-10-10,1.35183,1.35457,1.34877,1.35264,202316630.98160002
2013-10-11,1.35264,1.35816,1.35197,1.35406,183518831.2989
2013-10-13,1.35406,1.35629,1.35406,1.35551,3639530.0291999998
2013-10-14,1.35551,1.35975,1.3545,1.35562,744642548.8286
2013-10-15,1.35566,1.35709,1.3479,1.35199,641138750.1227
2013-10-16,1.35206,1.35675,1.34727,1.35216,222108669.4337
2013-10-17,1.35216,1.36818,1.35158,1.36682,263898120.3614
2013-10-18,1.36683,1.37037,1.36592,1.36844,184794969.7266
2013-10-20,1.36844,1.36884,1.3681,1.36811,2896640.0146
2013-10-21,1.36811,1.36884,1.36509,1.36721,154643210.266
2013-10-22,1.36721,1.37919,1.36623,1.37781,182895699.7073
2013-10-23,1.3778,1.37928,1.3741,1.37785,215768078.7355
2013-10-24,1.37785,1.38252,1.3764,1.38017,218692728.5769
2013-10-25,1.38016,1.38321,1.3774,1.38019,205910678.4666
2013-10-27,1.38019,1.38105,1.38001,1.38045,3743520.0806
2013-10-28,1.38045,1.38174,1.3775,1.3788,186813160.6446
2013-10-29,1.3788,1.3813,1.37362,1.37426,232384601.8068
2013-10-30,1.37427,1.37847,1.3696,1.37235,250055419.9221
2013-10-31,1.37234,1.37386,1.3575,1.3579,271084461.4258
2013-11-01,1.35787,1.35815,1.34795,1.34853,225789358.1545
2013-11-03,1.34853,1.34967,1.34839,1.34921,3347650.0244
2013-11-04,1.34919,1.35243,1.3442,1.35153,167915890.3808
2013-11-05,1.35152,1.35224,1.3449,1.34719,218967052.1243
2013-11-06,1.34719,1.35471,1.34675,1.35175,187872781.2502
2013-11-07,1.35173,1.35287,1.3295,1.34087,286899270.6302
2013-11-08,1.34087,1.34377,1.33178,1.33648,224716461.4257
2013-11-10,1.33648,1.33648,1.33446,1.33464,4146379.8828
2013-11-11,1.33465,1.34162,1.33465,1.34075,150607088.3791
2013-11-12,1.34076,1.34561,1.3359,1.34375,234487201.5381
2013-11-13,1.34375,1.34972,1.33898,1.34841,232260750.0
2013-11-14,1.34842,1.34941,1.34179,1.34459,236984530.6396
2013-11-15,1.34458,1.35052,1.34322,1.34941,170371809.5706
2013-11-17,1.34941,1.34986,1.34801,1.34821,2289080.0171
2013-11-18,1.34821,1.35415,1.34745,1.35017,184377207.7636
2013-11-19,1.35014,1.35774,1.34872,1.3564,219450059.6927
2013-11-20,1.3564,1.35641,1.34147,1.34302,240255952.1484
2013-11-21,1.34302,1.34864,1.33992,1.3471,245663120.7278
2013-11-22,1.3471,1.35569,1.34623,1.35564,183385840.0875
2013-11-24,1.35564,1.35599,1.35476,1.35512,3205389.9535999997
2013-11-25,1.35513,1.35563,1.349,1.35334,187985569.2141
2013-11-26,1.35333,1.35747,1.35205,1.35667,200301049.8046
2013-11-27,1.35669,1.36128,1.35577,1.35731,210512241.8215
2013-11-28,1.35733,1.3618,1.35636,1.36028,153936400.6957
2013-11-29,1.36026,1.36216,1.358,1.35899,186068380.1271
2013-12-01,1.3589,1.35921,1.35814,1.35848,2832810.0586
2013-12-02,1.35848,1.36157,1.35255,1.35418,223348258.6671
2013-12-03,1.3542,1.36137,1.3524,1.35917,234441881.2257
2013-12-04,1.35917,1.36051,1.35283,1.35851,251521110.474
2013-12-05,1.35852,1.36772,1.35431,1.36687,288681989.5021
2013-12-06,1.36688,1.37063,1.36124,1.37035,235562589.3556
2013-12-08,1.37035,1.37211,1.37035,1.37065,4115440.0635
2013-12-09,1.37064,1.37457,1.36942,1.3737,155620950.1954
2013-12-10,1.3737,1.37948,1.37343,1.37642,192167329.4679
2013-12-11,1.37641,1.38107,1.37405,1.37849,187788839.2337
2013-12-12,1.3785,1.38032,1.3737,1.37496,205174389.4044
2013-12-13,1.37496,1.37691,1.37088,1.374,175278410.6448
2013-12-15,1.374,1.37418,1.37286,1.37377,2543800.0488
2013-12-16,1.37378,1.37983,1.37318,1.37605,182007207.3973
2013-12-17,1.37605,1.37821,1.37229,1.37692,176596439.2089
2013-12-18,1.37691,1.38112,1.36675,1.36825,219054881.1038
2013-12-19,1.36823,1.36938,1.3649,1.36556,203295450.19529998
2013-12-20,1.36557,1.37091,1.36248,1.36703,184108810.0589
2013-12-22,1.36703,1.36776,1.36672,1.36776,1941140.0757
2013-12-23,1.36772,1.37166,1.36725,1.36971,122417999.6336
2013-12-24,1.3697,1.36977,1.36549,1.3672,76839530.31909999
2013-12-25,1.36725,1.36831,1.36606,1.3669,4413709.9518
2013-12-26,1.36689,1.37015,1.36653,1.36946,61020510.0097
2013-12-27,1.36947,1.38932,1.36925,1.37478,197006230.4687
2013-12-29,1.37478,1.37694,1.3746,1.37513,3885619.9951
2013-12-30,1.37513,1.38189,1.3728,1.38081,144069611.1452
2013-12-31,1.38081,1.38123,1.3741,1.3741,111240459.0967
2014-01-01,1.3741,1.3772,1.3739,1.37653,2724890.0147
2014-01-02,1.37653,1.37746,1.36294,1.36653,199117531.98250002
2014-01-03,1.36653,1.36719,1.3582,1.35874,193632849.6094
2014-01-05,1.35874,1.36005,1.35874,1.35955,2823080.0781
2014-01-06,1.35957,1.36527,1.35715,1.36296,189223730.8352
2014-01-07,1.36297,1.36562,1.35965,1.3617,204173110.2295
2014-01-08,1.3617,1.3635,1.35529,1.35715,209302748.4134
2014-01-09,1.35714,1.3633,1.3548,1.36062,221843602.29500002
2014-01-10,1.36062,1.36869,1.3571,1.36661,195201899.9026
2014-01-12,1.36661,1.36786,1.36643,1.3672,3789769.9584999997
2014-01-13,1.36719,1.36847,1.3637,1.36686,179419110.4736
2014-01-14,1.36684,1.36993,1.3649,1.36671,177116480.713
2014-01-15,1.3667,1.36731,1.35814,1.35995,178873522.461
2014-01-16,1.35994,1.36493,1.3583,1.36154,176183079.2236
2014-01-17,1.36153,1.36209,1.35169,1.35389,163132150.2687
2014-01-19,1.35389,1.35389,1.35248,1.3527,3851520.0195000004
2014-01-20,1.35272,1.35679,1.35075,1.35459,120202369.9342
2014-01-21,1.35457,1.35687,1.35164,1.35572,176772098.7551
2014-01-22,1.35571,1.35835,1.35345,1.35439,169664292.1752
2014-01-23,1.35439,1.36983,1.35303,1.36882,248787509.7658
2014-01-24,1.36882,1.37394,1.36627,1.36737,216233191.1623
2014-01-26,1.36737,1.36906,1.36731,1.36867,5553459.8389
2014-01-27,1.36868,1.37166,1.36531,1.36741,193342318.7257
2014-01-28,1.36741,1.36885,1.3629,1.3654,171590882.0803
2014-01-29,1.36538,1.36846,1.3603,1.36574,224702928.5888
2014-01-30,1.36572,1.36624,1.35434,1.35574,234697060.425
2014-01-31,1.35575,1.35728,1.3479,1.34846,240686912.3537
2014-02-02,1.34827,1.34912,1.34818,1.34873,3628880.0049
2014-02-03,1.34873,1.35354,1.34772,1.35226,230509760.4984
2014-02-04,1.35226,1.35385,1.34934,1.35159,201621270.8741
2014-02-05,1.35156,1.35554,1.3499,1.35337,213095451.0497
2014-02-06,1.35338,1.36188,1.3482,1.35917,223807780.884
2014-02-07,1.35916,1.36424,1.35519,1.36342,193127051.1475
2014-02-09,1.36342,1.36342,1.3616,1.36186,3052660.0342
2014-02-10,1.36185,1.36514,1.36184,1.36451,143303620.7277
2014-02-11,1.36451,1.36829,1.36295,1.36366,182680500.0002
2014-02-12,1.36366,1.36527,1.35623,1.35877,197226829.9564
2014-02-13,1.35876,1.36918,1.35855,1.36759,202744200.3787
2014-02-14,1.36759,1.37147,1.36736,1.36914,168199918.9455
2014-02-16,1.36914,1.37097,1.36914,1.37041,3124189.9414
2014-02-17,1.37041,1.3724,1.36921,1.37038,114561539.2454
2014-02-18,1.37036,1.37704,1.36946,1.37603,181482621.0937
2014-02-19,1.37603,1.37731,1.37244,1.37293,155350688.8432
2014-02-20,1.37293,1.37625,1.36855,1.37205,147077020.01929998
2014-02-21,1.37205,1.37586,1.3702,1.37375,116097390.0147
2014-02-23,1.37375,1.37414,1.37325,1.37375,1958190.0024
2014-02-24,1.37376,1.3771,1.37084,1.37345,120817100.2196
2014-02-25,1.37345,1.37671,1.37155,1.37458,136327230.8351
2014-02-26,1.37457,1.37571,1.36617,1.36809,151360939.8194
2014-02-27,1.36808,1.37268,1.36432,1.37061,147824350.4029
2014-02-28,1.37064,1.38248,1.36941,1.38,176249409.4238
2014-03-02,1.3799,1.3799,1.37551,1.3774,5887099.853499999
2014-03-03,1.37741,1.37926,1.37263,1.37355,130624759.2775
2014-03-04,1.37355,1.37815,1.37208,1.37419,124944410.8889
2014-03-05,1.37415,1.37488,1.37075,1.37314,118258120.6667
2014-03-06,1.37314,1.38729,1.37212,1.38633,163455829.3459
2014-03-07,1.38633,1.3915,1.38521,1.38753,141384989.8684
2014-03-09,1.38753,1.38796,1.38697,1.38771,3563020.0806
2014-03-10,1.38772,1.38978,1.38616,1.38759,105023099.9757
2014-03-11,1.3876,1.38766,1.38338,1.38563,123617059.5095
2014-03-12,1.38563,1.39142,1.38433,1.39023,144347799.0723
2014-03-13,1.39023,1.39667,1.38456,1.3865,210937891.4795
2014-03-14,1.38649,1.39372,1.38476,1.39126,152330681.51860002
2014-03-16,1.39126,1.39173,1.39027,1.3909,4907400.0855
2014-03-17,1.39091,1.39475,1.38791,1.39253,119658670.2882
2014-03-18,1.39251,1.39425,1.38799,1.39292,139982450.0735
2014-03-19,1.39293,1.39324,1.38097,1.38181,148508559.4485
2014-03-20,1.3818,1.38448,1.37494,1.37786,152361360.6568
2014-03-21,1.37787,1.38106,1.37657,1.37919,114197539.9171
2014-03-23,1.37919,1.38063,1.37881,1.37969,3441330.0171
2014-03-24,1.37968,1.38754,1.37604,1.38362,132822920.044
2014-03-25,1.38364,1.38469,1.37491,1.38199,164939429.8093
2014-03-26,1.382,1.38233,1.37766,1.37856,157953840.69820002
2014-03-27,1.37855,1.37968,1.37286,1.37405,148441959.2284
2014-03-28,1.37406,1.3773,1.37048,1.37504,120840479.2478
2014-03-30,1.37504,1.37636,1.37451,1.37531,3332750.0611
2014-03-31,1.3753,1.38067,1.37216,1.37739,119090509.2775
2014-04-01,1.37739,1.38155,1.37692,1.37933,94038289.6731
2014-04-02,1.37933,1.38202,1.37532,1.37665,96886139.5875
2014-04-03,1.37666,1.38064,1.36982,1.37227,147319140.6251
2014-04-04,1.37227,1.37308,1.36728,1.37016,135092831.4211
2014-04-06,1.37016,1.37041,1.36943,1.37036,2985989.9292
2014-04-07,1.37036,1.37486,1.36972,1.3742,101004910.8888
2014-04-08,1.3742,1.38115,1.37374,1.37929,134065499.5731
2014-04-09,1.3793,1.38619,1.37799,1.38523,142058658.2642
2014-04-10,1.38523,1.3899,1.3836,1.38865,140826968.384
2014-04-11,1.38866,1.39056,1.38635,1.38843,122176169.7999
2014-04-13,1.38843,1.38843,1.38416,1.3847,5761480.1026
2014-04-14,1.38471,1.3863,1.38081,1.38155,119526690.1248
2014-04-15,1.38153,1.38331,1.37903,1.3811,122386130.6154
2014-04-16,1.38111,1.38508,1.38037,1.38237,119833109.6805
2014-04-17,1.38236,1.38645,1.38105,1.38105,105610819.15269999
2014-04-18,1.38105,1.38223,1.38077,1.38077,25516349.9452
2014-04-20,1.38077,1.38173,1.38077,1.38141,2263840.0574000003
2014-04-21,1.38142,1.38304,1.37871,1.37916,46137009.8266
2014-04-22,1.37916,1.38248,1.3785,1.38069,96930258.8501
2014-04-23,1.3807,1.38546,1.38003,1.3817,133030528.9918
2014-04-24,1.3817,1.38429,1.37914,1.38303,125642719.9709
2014-04-25,1.38304,1.38482,1.38267,1.38329,96486830.4443
2014-04-27,1.38329,1.38447,1.38329,1.3839,2489649.9939
2014-04-28,1.38389,1.38794,1.38147,1.38518,131037951.5991
2014-04-29,1.38518,1.38791,1.38055,1.3813,156695690.9179
2014-04-30,1.38129,1.38765,1.3775,1.38679,194255368.225
2014-05-01,1.3868,1.38892,1.38628,1.38699,108122559.8753
2014-05-02,1.38698,1.38813,1.38122,1.38706,165025578.3082
2014-05-04,1.38706,1.38838,1.38706,1.38717,7850659.912099999
2014-05-05,1.38716,1.3886,1.38645,1.38746,121529760.6812
2014-05-06,1.38746,1.39512,1.38721,1.39291,151786711.1818
2014-05-07,1.39291,1.39385,1.39092,1.39105,162509059.8756
2014-05-08,1.39105,1.39933,1.38331,1.38425,223628501.6483
2014-05-09,1.38427,1.38437,1.37451,1.37553,191745949.9512
2014-05-11,1.37553,1.3761,1.37522,1.37603,3457330.0171
2014-05-12,1.37603,1.37748,1.37494,1.37554,132364409.3021
2014-05-13,1.37555,1.37714,1.36891,1.37078,193907388.61089998
2014-05-14,1.37077,1.37308,1.36979,1.37176,169154029.0527
2014-05-15,1.37175,1.37322,1.36484,1.37169,201896479.6145
2014-05-16,1.37169,1.37268,1.36853,1.36926,135190320.6787
2014-05-18,1.36926,1.37029,1.36926,1.37029,11798269.7144
2014-05-19,1.37029,1.37341,1.36986,1.37124,144736710.205
2014-05-20,1.37124,1.37138,1.3678,1.37033,158404620.7885
2014-05-21,1.37033,1.37231,1.36345,1.36817,164294950.3175
2014-05-22,1.36819,1.3687,1.36452,1.36533,159470329.9562
2014-05-23,1.36532,1.36534,1.36156,1.36275,154646469.9707
2014-05-25,1.36275,1.36307,1.36145,1.36275,3677200.0732
2014-05-26,1.36275,1.36544,1.36155,1.36518,88442289.734
2014-05-27,1.36519,1.36685,1.36125,1.36336,148089789.8867
2014-05-28,1.36337,1.36378,1.35885,1.35919,159546270.3248
2014-05-29,1.35919,1.36255,1.35862,1.36026,155468240.845
2014-05-30,1.36027,1.365,1.35984,1.36331,159149010.4979
2014-06-01,1.36331,1.36373,1.36221,1.36287,4794880.0353
2014-06-02,1.36287,1.36361,1.35881,1.35965,165085039.856
2014-06-03,1.35965,1.36478,1.35875,1.36208,164899491.08900002
2014-06-04,1.36208,1.36387,1.35965,1.36025,177202329.2848
2014-06-05,1.36024,1.36698,1.3503,1.36603,259512460.205
2014-06-06,1.36603,1.36765,1.3621,1.36418,176988120.3613
2014-06-08,1.36418,1.36484,1.36418,1.36477,2071570.0073
2014-06-09,1.36476,1.36687,1.35826,1.35923,148065039.4286
2014-06-10,1.35925,1.36018,1.35335,1.35392,222950121.5822
2014-06-11,1.35391,1.35571,1.35215,1.35357,201045049.1944
2014-06-12,1.35359,1.35719,1.35123,1.35505,206363338.6232
2014-06-13,1.35505,1.3579,1.3521,1.35354,192386180.9082
2014-06-15,1.35354,1.35407,1.3531,1.35359,4244579.956
2014-06-16,1.35359,1.35794,1.3513,1.35757,184503320.86200002
2014-06-17,1.35757,1.3587,1.35364,1.35487,197908859.253
2014-06-18,1.35489,1.35993,1.35417,1.35895,192145560.486
2014-06-19,1.35896,1.36434,1.35848,1.36101,215110179.3212
2014-06-20,1.361,1.36339,1.35643,1.35992,214651130.3711
2014-06-22,1.35992,1.35992,1.35888,1.3591,3909779.9682
2014-06-23,1.3591,1.36135,1.35741,1.36,280379399.414
2014-06-24,1.36002,1.36277,1.35834,1.36058,261625930.4811
2014-06-25,1.36059,1.36511,1.36005,1.36278,269446432.0069
2014-06-26,1.36279,1.36413,1.35762,1.36114,301313729.7975
2014-06-27,1.36114,1.36505,1.361,1.36482,261371267.09
2014-06-29,1.36482,1.36482,1.36425,1.36434,2093500.0001
2014-06-30,1.36434,1.36977,1.36402,1.36914,223829371.0939
2014-07-01,1.36913,1.37004,1.36755,1.36802,300434678.9552
2014-07-02,1.36802,1.36812,1.364,1.36531,287107399.414
2014-07-03,1.36531,1.36642,1.3596,1.36088,358414159.9124
2014-07-04,1.36086,1.36112,1.35855,1.35944,209969500.2137
2014-07-06,1.35944,1.35966,1.3584,1.3588,7168180.0232
2014-07-07,1.35881,1.36091,1.35759,1.36058,299239901.8557
2014-07-08,1.36058,1.36173,1.35882,1.36167,377918458.9848
2014-07-09,1.36166,1.36483,1.36022,1.36432,309667179.4435
2014-07-10,1.36433,1.36507,1.35891,1.36042,369468302.002
2014-07-11,1.36041,1.36247,1.35919,1.36054,119085999.3897
2014-07-13,1.36054,1.36076,1.35989,1.36022,3030279.9683000003
2014-07-14,1.36023,1.36402,1.35974,1.36217,112932260.1316
2014-07-15,1.36217,1.36281,1.3562,1.35706,155028980.59080002
2014-07-16,1.35705,1.35711,1.3521,1.35281,119220339.7219
2014-07-17,1.35281,1.35401,1.35127,1.35186,137292510.7421
2014-07-18,1.35186,1.3536,1.3491,1.35231,129848849.6095
2014-07-20,1.35231,1.35319,1.35231,1.35303,3605060.0585000003
2014-07-21,1.35304,1.3549,1.3513,1.35221,100963300.8421
2014-07-22,1.35222,1.35296,1.3459,1.34667,132312569.3973
2014-07-23,1.34668,1.34741,1.34549,1.3461,102439149.6581
2014-07-24,1.3461,1.34849,1.34382,1.34652,115725520.233
2014-07-25,1.34652,1.34756,1.34214,1.34285,107453529.9074
2014-07-27,1.34285,1.34343,1.34272,1.34287,3837130.0658
2014-07-28,1.34288,1.34438,1.34269,1.34373,87460530.09009999
2014-07-29,1.34374,1.34445,1.34042,1.34098,112802740.1123
2014-07-30,1.341,1.34154,1.33669,1.33945,145925608.3985
2014-07-31,1.33946,1.34006,1.33716,1.33889,129815099.9756
2014-08-01,1.33889,1.34447,1.33785,1.34262,139673209.4117
2014-08-03,1.34262,1.34329,1.34231,1.3428,3201029.9682
2014-08-04,1.34281,1.34311,1.34094,1.34216,95466850.2199
2014-08-05,1.34216,1.34248,1.33582,1.33714,119616621.4599
2014-08-06,1.33714,1.33878,1.3333,1.33796,154264129.3335
2014-08-07,1.33797,1.33936,1.33371,1.33572,145485889.2214
2014-08-08,1.33572,1.34324,1.33435,1.34085,164479419.67790002
2014-08-10,1.34085,1.34113,1.34032,1.34043,4015329.9560000002
2014-08-11,1.34042,1.34084,1.33803,1.33822,94561359.1308
2014-08-12,1.33821,1.3383,1.3336,1.33648,114269328.9795
2014-08-13,1.33648,1.34151,1.33423,1.33657,128781369.5071
2014-08-14,1.33657,1.34077,1.33484,1.33613,136878289.6728
2014-08-15,1.33613,1.34117,1.33587,1.33976,131049359.3749
2014-08-17,1.33976,1.33984,1.3388,1.33895,4737210.0831
2014-08-18,1.33895,1.33991,1.33529,1.336,91114230.2855
2014-08-19,1.336,1.33605,1.33133,1.33203,132255370.8498
2014-08-20,1.33203,1.33217,1.32553,1.3259,141635219.6049
2014-08-21,1.32591,1.32884,1.32417,1.32785,126705069.8242
2014-08-22,1.32784,1.32966,1.32206,1.32392,140249409.4238
2014-08-24,1.32392,1.32392,1.31854,1.31971,12277150.1464
2014-08-25,1.31973,1.32103,1.31789,1.3186,115468229.3702
2014-08-26,1.31861,1.32147,1.31646,1.31697,146017291.016
2014-08-27,1.31696,1.32098,1.31526,1.31919,150239890.3808
2014-08-28,1.31919,1.32208,1.31597,1.31841,143868760.132
2014-08-29,1.3184,1.3196,1.31311,1.31311,136330330.0782
2014-08-31,1.31311,1.31348,1.31245,1.31266,8840859.9853
2014-09-01,1.31267,1.31454,1.3119,1.31311,107534770.1416
2014-09-02,1.3131,1.31367,1.31102,1.31311,144090818.48160002
2014-09-03,1.31309,1.31599,1.3122,1.3148,158306619.8732
2014-09-04,1.3148,1.31539,1.29202,1.29298,218094649.4141
2014-09-05,1.293,1.29878,1.29248,1.29505,166110252.4415
2014-09-07,1.29505,1.29583,1.29491,1.29518,16774050.293
2014-09-08,1.29518,1.2959,1.28814,1.28912,183427650.1467
2014-09-09,1.28912,1.29574,1.28594,1.2941,205611649.4142
2014-09-10,1.29409,1.29629,1.28838,1.29167,199871331.543
2014-09-11,1.29166,1.29517,1.2897,1.29224,200440741.4551
2014-09-12,1.29224,1.29793,1.29088,1.29616,180752409.4241
2014-09-14,1.29616,1.29727,1.29587,1.29595,11712770.0195
2014-09-15,1.29595,1.29691,1.29086,1.29384,174640520.508
2014-09-16,1.29385,1.2995,1.29223,1.29579,197708958.7403
2014-09-17,1.29579,1.29813,1.28344,1.28488,193535119.14090002
2014-09-18,1.28489,1.29302,1.28485,1.29202,194257027.83200002
2014-09-19,1.29202,1.29288,1.28275,1.28281,185909559.0822
2014-09-21,1.28281,1.28442,1.28257,1.28398,8051079.9561
2014-09-22,1.28396,1.28677,1.28162,1.28501,147082710.6935
2014-09-23,1.28501,1.29012,1.28394,1.28488,167392430.176
2014-09-24,1.28489,1.28636,1.27741,1.27767,172227448.7304
2014-09-25,1.27768,1.27832,1.2697,1.2755,190549659.1798
2014-09-26,1.27549,1.276,1.26769,1.2682,156860519.2872
2014-09-28,1.2682,1.26834,1.26664,1.26753,9593619.873
2014-09-29,1.26755,1.27147,1.26636,1.269,178858239.0137
2014-09-30,1.26898,1.27022,1.2571,1.26279,194596350.586
2014-10-01,1.2628,1.26396,1.25836,1.26216,199788640.9912
2014-10-02,1.26216,1.26987,1.26138,1.26681,243421650.3907
2014-10-03,1.26681,1.2669,1.25005,1.25145,178231458.9845
2014-10-05,1.25145,1.2515,1.25089,1.25124,8670849.9756
2014-10-06,1.25126,1.26749,1.25121,1.26432,197765750.0002
2014-10-07,1.26431,1.26833,1.25837,1.26647,229270249.0237
2014-10-08,1.26648,1.27548,1.26226,1.27406,233426938.9651
2014-10-09,1.27405,1.27913,1.2664,1.26881,227332711.6702
2014-10-10,1.26882,1.2716,1.26054,1.26268,185574730.7129
2014-10-12,1.26268,1.26474,1.26201,1.26396,10161290.0391
2014-10-13,1.26397,1.27679,1.26336,1.27217,182377111.5726
2014-10-14,1.27216,1.27314,1.26315,1.26412,205727000.7326
2014-10-15,1.26412,1.28865,1.26247,1.28202,294121110.1076
2014-10-16,1.28202,1.28449,1.27057,1.28042,256551839.3556
2014-10-17,1.28043,1.28369,1.27436,1.27589,163050920.6546
2014-10-19,1.27589,1.27599,1.27364,1.27473,11051530.0293
2014-10-20,1.27473,1.28168,1.27312,1.27941,158130961.0598
2014-10-21,1.27942,1.28401,1.27064,1.27136,194253780.1516
2014-10-22,1.27136,1.27396,1.26372,1.26415,186794828.4913
2014-10-23,1.26415,1.26766,1.26137,1.26492,175690370.6054
2014-10-24,1.26492,1.26957,1.26349,1.26688,156079260.7422
2014-10-26,1.26688,1.26857,1.26688,1.26758,9743840.0879
2014-10-27,1.26759,1.27231,1.26657,1.27022,169084929.6876
2014-10-28,1.27022,1.27648,1.26845,1.27369,176327809.5701
2014-10-29,1.2737,1.27705,1.26264,1.26316,189783109.8632
2014-10-30,1.26318,1.26329,1.25474,1.2609,223223600.46400002
2014-10-31,1.26088,1.26089,1.2486,1.25224,217949469.9709
2014-11-02,1.2522,1.2522,1.25017,1.25018,10622760.0097
2014-11-03,1.25019,1.25112,1.24396,1.24921,209827798.0959
2014-11-04,1.24921,1.25773,1.24901,1.25516,204778832.0313
2014-11-05,1.25516,1.25669,1.24572,1.24775,222601027.8322
2014-11-06,1.24774,1.25333,1.23648,1.23803,239752339.5997
2014-11-07,1.238,1.24694,1.2358,1.24533,221869229.7367
2014-11-09,1.24533,1.24801,1.24533,1.246,8829550.048799999
2014-11-10,1.24599,1.25091,1.24181,1.24259,176970631.1036
2014-11-11,1.24257,1.24991,1.23943,1.24756,187057527.8319
2014-11-12,1.24756,1.24978,1.24194,1.24298,219437938.72100002
2014-11-13,1.24298,1.24915,1.24279,1.24735,170570080.5665
2014-11-14,1.24736,1.25463,1.23985,1.25249,201688740.4785
2014-11-16,1.25249,1.25321,1.25139,1.25211,9030209.9609
2014-11-17,1.25211,1.25774,1.24435,1.245,186573390.1366
2014-11-18,1.245,1.2545,1.24491,1.25322,177316609.6192
2014-11-19,1.25322,1.25985,1.25123,1.25405,242193652.0997
2014-11-20,1.25404,1.25752,1.25042,1.25431,215089078.6136
2014-11-21,1.2543,1.25682,1.2375,1.23871,199163871.3379
2014-11-23,1.23871,1.23871,1.23622,1.23715,8310459.961000001
2014-11-24,1.23716,1.24446,1.23716,1.24338,157714079.8338
2014-11-25,1.24339,1.24869,1.24018,1.24795,162135569.9465
2014-11-26,1.24795,1.25312,1.24437,1.25042,147442440.43
2014-11-27,1.25042,1.25235,1.24558,1.24595,96670000.2444
2014-11-28,1.24596,1.24902,1.24263,1.24497,131480291.1377
2014-11-30,1.24497,1.24641,1.24317,1.24366,8176070.068399999
2014-12-01,1.24368,1.25067,1.24194,1.24699,183811960.4494
2014-12-02,1.24699,1.24762,1.23769,1.23876,156432119.507
2014-12-03,1.23876,1.23905,1.23012,1.2314,172428500.122
2014-12-04,1.2314,1.24563,1.22795,1.23857,206547231.4453
2014-12-05,1.23855,1.23931,1.22709,1.22825,155974788.5744
2014-12-07,1.22825,1.23027,1.22804,1.22938,5605260.131899999
2014-12-08,1.22935,1.23439,1.22472,1.23147,155386131.7141
2014-12-09,1.23147,1.24475,1.2292,1.2388,199364828.61360002
2014-12-10,1.2388,1.24866,1.23622,1.24804,180699671.2649
2014-12-11,1.24803,1.24951,1.23702,1.23931,203079041.2598
2014-12-12,1.23931,1.24851,1.23843,1.24595,171664291.0159
2014-12-14,1.24595,1.24777,1.24562,1.24638,10271279.7852
2014-12-15,1.24638,1.24786,1.24146,1.24402,179326739.0139
2014-12-16,1.24401,1.25699,1.24355,1.25106,214930363.0372
2014-12-17,1.25106,1.25159,1.23209,1.23368,201911836.1816
2014-12-18,1.23367,1.23524,1.22657,1.22883,178869430.664
2014-12-19,1.22883,1.23022,1.22201,1.22265,139779760.0098
2014-12-21,1.22265,1.22265,1.22198,1.22245,3196879.9438
2014-12-22,1.22245,1.22725,1.22166,1.2223,108293069.9463
2014-12-23,1.22231,1.22456,1.21646,1.21752,102312289.9171
2014-12-24,1.21752,1.22201,1.21695,1.21911,60177830.0476
2014-12-25,1.21917,1.22283,1.21869,1.22079,8123240.0513
2014-12-26,1.22075,1.22218,1.21686,1.21777,46509419.9218
2014-12-28,1.21777,1.21804,1.21672,1.21682,5834060.0586
2014-12-29,1.21682,1.2221,1.21429,1.21533,95526400.8179
2014-12-30,1.21535,1.21873,1.21239,1.21613,106527099.6093
2014-12-31,1.21613,1.21697,1.20968,1.20976,73325100.2199
2015-01-01,1.20976,1.21073,1.20783,1.20869,5732389.8925
2015-01-02,1.20871,1.2089,1.20004,1.20017,119383710.2054
2015-01-04,1.20017,1.20017,1.18677,1.19469,13740640.1367
2015-01-05,1.19469,1.19762,1.18872,1.19374,159296570.0683
2015-01-06,1.19374,1.19687,1.18461,1.18722,177669790.5274
2015-01-07,1.18722,1.18966,1.18022,1.18337,181679830.07840002
2015-01-08,1.18337,1.18475,1.17543,1.1792,150219799.3165
2015-01-09,1.1792,1.1846,1.17629,1.18406,167943649.9023
2015-01-11,1.18406,1.18699,1.18406,1.18697,4748770.0195
2015-01-12,1.18697,1.18708,1.17861,1.18318,163540101.1964
2015-01-13,1.18319,1.18596,1.17531,1.1777,190749392.4562
2015-01-14,1.17771,1.18464,1.17273,1.1784,214321419.4338
2015-01-15,1.1784,1.17903,1.15675,1.1636,286756330.8106
2015-01-16,1.16361,1.16487,1.146,1.15626,243185728.02760002
2015-01-18,1.15626,1.15735,1.15515,1.15612,4557420.0439
2015-01-19,1.15614,1.16388,1.15514,1.15947,140976888.3057
2015-01-20,1.15946,1.1615,1.15405,1.15454,152910869.87309998
2015-01-21,1.15454,1.16799,1.15412,1.16147,177131780.7618
2015-01-22,1.16146,1.16505,1.1316,1.13467,208738830.5663
2015-01-23,1.13468,1.1374,1.11146,1.1202,228253391.8459
2015-01-25,1.1202,1.1202,1.10979,1.11417,12903060.058600001
2015-01-26,1.11417,1.12954,1.11381,1.12496,177766560.7912
2015-01-27,1.12496,1.14225,1.12237,1.13678,179735758.3008
2015-01-28,1.13678,1.13821,1.12725,1.1283,175837869.7509
2015-01-29,1.12829,1.13678,1.12619,1.13337,170749179.077
2015-01-30,1.13338,1.13635,1.12783,1.1285,170262088.8676
2015-02-01,1.1285,1.13192,1.1285,1.1307,5791969.9706999995
2015-02-02,1.1307,1.13621,1.12922,1.13387,149828060.5469
2015-02-03,1.13386,1.15338,1.13124,1.14565,192626688.965
2015-02-04,1.14564,1.14848,1.13039,1.13165,170795249.5117
2015-02-05,1.13165,1.14988,1.13159,1.14705,159348820.5567
2015-02-06,1.14705,1.14735,1.13119,1.13128,140728591.4308
2015-02-08,1.13128,1.13254,1.12953,1.13135,6161439.9414
2015-02-09,1.13135,1.13595,1.12703,1.13242,145020270.0196
2015-02-10,1.13242,1.13454,1.12729,1.13185,152770720.2153
2015-02-11,1.13185,1.13516,1.128,1.13108,148970891.2354
2015-02-12,1.13109,1.14228,1.13034,1.14037,172088111.8164
2015-02-13,1.14037,1.14427,1.138,1.13877,143354579.3456
2015-02-15,1.13877,1.14006,1.13877,1.13975,6695210.2051
2015-02-16,1.13975,1.1429,1.13193,1.13322,104142500.1221
2015-02-17,1.13322,1.14489,1.13218,1.14039,146336919.0064
2015-02-18,1.14039,1.14156,1.13339,1.13995,154129078.3694
2015-02-19,1.13995,1.145,1.13552,1.13657,137692979.9806
2015-02-20,1.13655,1.14297,1.1279,1.13773,176909719.2381
2015-02-22,1.13773,1.13961,1.13771,1.13802,4454530.0293000005
2015-02-23,1.13802,1.13932,1.12951,1.13336,121740700.1955
2015-02-24,1.13336,1.13581,1.12883,1.13393,155389858.6427
2015-02-25,1.13392,1.13886,1.13358,1.13638,151797050.7813
2015-02-26,1.13637,1.13796,1.11836,1.12026,166406698.6085
2015-02-27,1.12024,1.12451,1.11756,1.1197,167008631.5919
2015-03-01,1.11933,1.11933,1.11601,1.11607,6453109.863299999
2015-03-02,1.11609,1.12405,1.11609,1.11766,128399041.01550001
2015-03-03,1.11765,1.12175,1.11546,1.11827,144211200.3174
2015-03-04,1.11826,1.11856,1.10616,1.1079,154637498.6573
2015-03-05,1.10791,1.11142,1.09874,1.10316,170648927.61270002
2015-03-06,1.10316,1.10325,1.0839,1.0844,165727660.5225
2015-03-08,1.0844,1.08463,1.08228,1.08446,8227300.0488
2015-03-09,1.08445,1.09065,1.08296,1.08348,143704101.0743
2015-03-10,1.08351,1.08368,1.06679,1.07066,228231401.3673
2015-03-11,1.07065,1.0717,1.05112,1.05477,262298240.47869998
2015-03-12,1.05478,1.06837,1.0494,1.06264,238100171.75280002
2015-03-13,1.06267,1.06347,1.04624,1.04943,203399770.0196
2015-03-15,1.04943,1.05054,1.04697,1.04837,7966110.1074
2015-03-16,1.04837,1.06193,1.04834,1.05717,164906581.5431
2015-03-17,1.05715,1.06507,1.05514,1.0595,159779329.9559
2015-03-18,1.05948,1.10351,1.05799,1.08485,213461239.8683
2015-03-19,1.08486,1.09193,1.06128,1.06688,248335700.1956
2015-03-20,1.0669,1.08816,1.06555,1.0816,186733211.426
2015-03-22,1.0816,1.08828,1.08155,1.08251,12113149.6582
2015-03-23,1.08253,1.09713,1.07673,1.09441,258421709.4727
2015-03-24,1.09441,1.10292,1.08904,1.09045,220623402.3438
2015-03-25,1.09045,1.10144,1.09042,1.09632,197666640.8694
2015-03-26,1.09631,1.10522,1.08564,1.08848,257044901.3674
2015-03-27,1.0885,1.09485,1.08011,1.08874,223256380.8594
2015-03-29,1.08874,1.0895,1.08802,1.08828,8485630.004900001
2015-03-30,1.08828,1.08842,1.08098,1.08292,182633599.1213
2015-03-31,1.08289,1.08455,1.0713,1.07399,204475310.3026
2015-04-01,1.07398,1.07999,1.07184,1.07695,194190040.0395
2015-04-02,1.07694,1.0905,1.07502,1.08697,189762010.49830002
2015-04-03,1.08699,1.1027,1.08638,1.09713,91984519.0427
2015-04-05,1.09713,1.10178,1.09713,1.09946,11020710.205
2015-04-06,1.09946,1.10356,1.091,1.09343,108858460.205
2015-04-07,1.09343,1.09547,1.08032,1.0822,189290599.1214
2015-04-08,1.0822,1.08873,1.07629,1.07846,212964408.8136
2015-04-09,1.07848,1.07886,1.06377,1.06665,189056568.1152
2015-04-10,1.06665,1.06837,1.05679,1.06022,171200249.2678
2015-04-12,1.06022,1.0617,1.05849,1.06064,9540770.1417
2015-04-13,1.06064,1.0619,1.05203,1.05719,181537012.4514
2015-04-14,1.05717,1.07074,1.05315,1.06466,192790230.8351
2015-04-15,1.06466,1.07017,1.05708,1.06763,207598910.1563
2015-04-16,1.06763,1.08175,1.06247,1.0758,280074091.3086
2015-04-17,1.07581,1.08487,1.07335,1.08048,220402639.8924
2015-04-19,1.08048,1.0821,1.07887,1.08082,8735300.048799999
2015-04-20,1.08082,1.08185,1.07124,1.07485,204972430.42
2015-04-21,1.07485,1.07811,1.06599,1.07384,198316830.4443
2015-04-22,1.07383,1.08008,1.07086,1.07245,222413978.5158
2015-04-23,1.07247,1.08452,1.06659,1.08138,243734069.0919
2015-04-24,1.08138,1.09,1.07848,1.08706,226494060.30290002
2015-04-26,1.08706,1.08744,1.08594,1.08655,8254160.0341
2015-04-27,1.08657,1.09266,1.08192,1.08764,197673651.1232
2015-04-28,1.08761,1.0991,1.08598,1.09677,212064538.5742
2015-04-29,1.09678,1.11879,1.09595,1.11121,268375670.6544
2015-04-30,1.11121,1.12662,1.10712,1.12116,282180102.2951
2015-05-01,1.12117,1.129,1.11746,1.11948,161846939.6972
2015-05-03,1.11948,1.12005,1.11822,1.11885,8498590.0879
2015-05-04,1.11885,1.12245,1.11228,1.11487,170489272.4611
2015-05-05,1.11487,1.12231,1.10663,1.11797,234895639.89270002
2015-05-06,1.11794,1.137,1.1175,1.13391,240872410.4007
2015-05-07,1.13391,1.13916,1.12282,1.12444,253915249.5119
2015-05-08,1.12445,1.1288,1.1179,1.12015,234932631.1035
2015-05-10,1.12015,1.12065,1.11919,1.11958,10856959.961
2015-05-11,1.11958,1.12025,1.1131,1.11456,211304020.874
2015-05-12,1.11457,1.12787,1.11343,1.12189,222360673.33990002
2015-05-13,1.12187,1.13827,1.12023,1.13469,227775311.03550002
2015-05-14,1.13469,1.14447,1.13406,1.14022,258116692.627
2015-05-15,1.14022,1.14669,1.13239,1.14484,224587250.00010002
2015-05-17,1.14484,1.14492,1.14375,1.1444,7820649.9634
2015-05-18,1.14441,1.14468,1.12987,1.13241,196965090.0879
2015-05-19,1.13242,1.13259,1.11184,1.11425,235738122.1927
2015-05-20,1.11425,1.11522,1.10621,1.11012,246556610.3517
2015-05-21,1.11014,1.11813,1.10797,1.11091,224327299.8046
2015-05-22,1.11092,1.12083,1.10023,1.10074,207519979.9804
2015-05-24,1.10074,1.10095,1.09644,1.09911,12456239.746100001
2015-05-25,1.09911,1.10067,1.0959,1.09682,90452999.6337
2015-05-26,1.09683,1.09706,1.08633,1.08864,226972581.4211
2015-05-27,1.08864,1.0929,1.08192,1.08975,216670792.725
2015-05-28,1.08975,1.09742,1.08671,1.09624,233974959.7168
2015-05-29,1.09624,1.10062,1.09258,1.09831,208334748.53530002
2015-05-31,1.09831,1.09885,1.09521,1.09571,7431930.0538
2015-06-01,1.09571,1.0979,1.08873,1.09215,223345208.00800002
2015-06-02,1.09219,1.11942,1.09159,1.11476,255799278.5648
2015-06-03,1.11477,1.1285,1.10794,1.12609,256029039.3677
2015-06-04,1.12609,1.13798,1.11798,1.12073,263565659.6681
2015-06-05,1.12071,1.12801,1.10495,1.11124,230744902.5882
2015-06-07,1.11124,1.11124,1.10945,1.11023,6807280.0293000005
2015-06-08,1.11023,1.13068,1.10842,1.128,220008537.5977
2015-06-09,1.12802,1.13454,1.1214,1.12926,224126868.2863
2015-06-10,1.12926,1.13865,1.126,1.13099,246728001.7091
2015-06-11,1.13099,1.13315,1.1182,1.12458,203174368.65240002
2015-06-12,1.12457,1.12965,1.11512,1.12648,214306688.96490002
2015-06-14,1.12648,1.12648,1.12086,1.12242,9272870.3614
2015-06-15,1.1224,1.12944,1.11891,1.12753,200393230.1027
2015-06-16,1.12752,1.13298,1.12048,1.12413,190242320.0685
2015-06-17,1.12414,1.13702,1.12065,1.13631,218315151.1231
2015-06-18,1.13626,1.14364,1.13383,1.13712,236294863.15960002
2015-06-19,1.13714,1.13872,1.1292,1.13487,167226148.6818
2015-06-21,1.13487,1.1378,1.13487,1.13613,6564000.122
2015-06-22,1.13613,1.14102,1.1312,1.13451,178751647.8269
2015-06-23,1.1345,1.1346,1.11351,1.11745,210434490.4787
2015-06-24,1.11744,1.12347,1.11597,1.12054,191865679.8098
2015-06-25,1.12056,1.12276,1.11537,1.12025,159940948.7306
2015-06-26,1.12029,1.12197,1.11301,1.11625,163952740.2345
2015-06-28,1.11625,1.11625,1.09545,1.09743,23489480.4687
2015-06-29,1.09742,1.12783,1.09742,1.12181,233782981.2012
2015-06-30,1.12184,1.12435,1.11124,1.11332,206006710.0831
2015-07-01,1.11318,1.11713,1.10321,1.10368,192840118.5303
2015-07-02,1.10368,1.11214,1.10365,1.10858,176969790.5273
2015-07-03,1.10857,1.11177,1.1065,1.11092,123712400.87900001
2015-07-05,1.11092,1.11092,1.0969,1.09945,21552839.3555
2015-07-06,1.09946,1.10954,1.09936,1.10472,184236309.5704
2015-07-07,1.10474,1.10517,1.09163,1.10074,235204062.0116
2015-07-08,1.10073,1.10927,1.09743,1.10709,225358710.20520002
2015-07-09,1.10708,1.11249,1.09915,1.10605,195008090.0881
2015-07-10,1.10606,1.12157,1.10549,1.11519,193591950.1953
2015-07-12,1.11519,1.11519,1.10918,1.11292,10172919.9219
2015-07-13,1.11292,1.11968,1.0981,1.09825,207766160.6448
2015-07-14,1.09828,1.10832,1.09653,1.10063,194135140.2588
2015-07-15,1.10063,1.10355,1.09299,1.09376,195587669.922
2015-07-16,1.09376,1.09482,1.08553,1.08833,196679152.5881
2015-07-17,1.08833,1.09069,1.08279,1.08279,160756018.799
2015-07-19,1.08279,1.0844,1.08279,1.083,7247819.8242
2015-07-20,1.08299,1.08702,1.08086,1.08333,156443760.2542
2015-07-21,1.08334,1.09685,1.08116,1.09364,205610938.4767
2015-07-22,1.09363,1.09666,1.08693,1.0924,189666659.5458
2015-07-23,1.0924,1.10179,1.09216,1.09871,198293399.2922
2015-07-24,1.0987,1.09957,1.09253,1.09812,139850520.7521
2015-07-26,1.09812,1.09827,1.09689,1.09721,4898930.0538
2015-07-27,1.09723,1.11292,1.0971,1.10884,190748410.2787
2015-07-28,1.10884,1.10996,1.10221,1.1065,160387511.4747
2015-07-29,1.10651,1.1084,1.09669,1.09812,180100661.6214
2015-07-30,1.09815,1.09847,1.08933,1.09404,175133649.5362
2015-07-31,1.09404,1.1114,1.09211,1.0983,183491531.4942
2015-08-02,1.0983,1.0983,1.0966,1.09674,6598520.1416
2015-08-03,1.09675,1.09957,1.09413,1.09506,146304699.9512
2015-08-04,1.09507,1.09875,1.08789,1.0885,173856260.498
2015-08-05,1.08849,1.09342,1.08481,1.09029,198887280.0295
2015-08-06,1.09029,1.09439,1.08737,1.09223,161694590.9426
2015-08-07,1.09223,1.09783,1.08553,1.09647,169125100.83020002
2015-08-09,1.09647,1.09675,1.09581,1.09583,4991619.9951
2015-08-10,1.09583,1.10414,1.09254,1.10155,147200671.7529
2015-08-11,1.10155,1.10882,1.09604,1.10417,186178159.7902
2015-08-12,1.10416,1.12133,1.10242,1.11546,196166719.2381
2015-08-13,1.11547,1.1189,1.108,1.11581,174057569.0917
2015-08-14,1.11581,1.11887,1.10978,1.11079,138448138.9163
2015-08-16,1.11079,1.11177,1.10913,1.1094,6170280.0903
2015-08-17,1.1094,1.11249,1.10588,1.10755,132293131.10350001
2015-08-18,1.10756,1.10938,1.10175,1.10298,127653870.2394
2015-08-19,1.10298,1.11342,1.10178,1.11181,156793421.26500002
2015-08-20,1.11181,1.12446,1.11072,1.12349,170570369.38480002
2015-08-21,1.12349,1.13887,1.123,1.13828,190284250.00010002
2015-08-23,1.13828,1.1395,1.13697,1.13761,11773710.2051
2015-08-24,1.13761,1.17139,1.13692,1.15804,291241821.2893
2015-08-25,1.15806,1.15845,1.13968,1.1553,244246858.1546
2015-08-26,1.15534,1.15609,1.12914,1.13388,253189339.1115
2015-08-27,1.13386,1.13644,1.1203,1.1243,225573010.9865
2015-08-28,1.12429,1.13097,1.11559,1.118,173415199.9511
2015-08-30,1.118,1.12152,1.11693,1.12111,11057510.0098
2015-08-31,1.12111,1.12624,1.11803,1.1224,147857160.6447
2015-09-01,1.1224,1.1332,1.12232,1.12954,211138250.9767
2015-09-02,1.12952,1.13005,1.12113,1.12118,178633927.8564
2015-09-03,1.12122,1.12434,1.10873,1.1124,176111969.1164
2015-09-04,1.11239,1.11895,1.10898,1.11499,165597991.4551
2015-09-06,1.11499,1.11628,1.11421,1.1154,5879140.1368
2015-09-07,1.11539,1.11778,1.11213,1.11594,122926579.8949
2015-09-08,1.11594,1.12296,1.11525,1.12066,176916209.1067
2015-09-09,1.12067,1.12246,1.11317,1.1218,197632619.8732
2015-09-10,1.12181,1.13018,1.11717,1.12823,201718967.2852
2015-09-11,1.12824,1.13495,1.12542,1.13348,157984459.7173
2015-09-13,1.13348,1.13593,1.13265,1.1342,9435890.2588
2015-09-14,1.1342,1.13732,1.12834,1.1308,162913600.0977
2015-09-15,1.1308,1.13287,1.12588,1.12701,168986890.1369
2015-09-16,1.12701,1.13204,1.1214,1.12907,166865579.2239
2015-09-17,1.12908,1.14413,1.12846,1.14022,200598297.8516
2015-09-18,1.14022,1.14599,1.12694,1.12974,184980748.7796
2015-09-20,1.12974,1.12975,1.12807,1.12906,9704969.9707
2015-09-21,1.12906,1.13299,1.11812,1.1188,168580360.3517
2015-09-22,1.11881,1.12075,1.11132,1.11203,166624661.6212
2015-09-23,1.11203,1.12129,1.11051,1.11874,161791330.6885
2015-09-24,1.11874,1.12958,1.116,1.118,189413960.2049
2015-09-25,1.11799,1.12131,1.11161,1.11922,162383179.68760002
2015-09-27,1.11922,1.12007,1.11831,1.11993,5500869.9341
2015-09-28,1.11993,1.12477,1.11468,1.12292,182715500.9767
2015-09-29,1.12293,1.12813,1.11939,1.1253,206660060.3027
2015-09-30,1.12531,1.12614,1.11574,1.11704,189017371.8262
2015-10-01,1.11704,1.1209,1.11351,1.11918,168171499.7558
2015-10-02,1.11917,1.13183,1.11505,1.12077,173686930.6641
2015-10-04,1.12077,1.12247,1.1207,1.12192,13439300.293000001
2015-10-05,1.1219,1.12892,1.11734,1.11952,159890639.1602
2015-10-06,1.11952,1.12796,1.1172,1.12676,152574109.8634
2015-10-07,1.12676,1.12841,1.12115,1.12378,178127601.3182
2015-10-08,1.12377,1.13273,1.12377,1.12844,182382739.6243
2015-10-09,1.12843,1.13871,1.12671,1.13571,157861531.2502
2015-10-11,1.13571,1.13692,1.13544,1.13675,19142260.2539
2015-10-12,1.13675,1.13968,1.13517,1.13518,121164940.1857
2015-10-13,1.13519,1.1411,1.13442,1.13833,160910060.303
2015-10-14,1.13836,1.14891,1.13832,1.14736,180400369.629
2015-10-15,1.14736,1.1495,1.13632,1.13663,186005458.4964
2015-10-16,1.13662,1.1395,1.13344,1.13466,141291190.674
2015-10-18,1.13466,1.13606,1.13466,1.13578,12334229.9804
2015-10-19,1.13578,1.13789,1.13058,1.13285,127274171.3867
2015-10-20,1.13286,1.13871,1.1324,1.13543,134988711.3038
2015-10-21,1.13544,1.13775,1.13345,1.13459,139427359.9856
2015-10-22,1.13459,1.13509,1.10719,1.10818,211044399.17
2015-10-23,1.1082,1.11398,1.09966,1.10165,195562658.2032
2015-10-25,1.10165,1.10245,1.09993,1.10186,13292560.0586
2015-10-26,1.10186,1.10682,1.10039,1.10589,147334969.7265
2015-10-27,1.10589,1.10784,1.10303,1.10325,148987840.9424
2015-10-28,1.10327,1.10956,1.08969,1.09236,176739720.581
2015-10-29,1.09236,1.09978,1.09036,1.09886,193133819.5802
2015-10-30,1.09886,1.10722,1.09655,1.10033,171129368.8967
2015-11-01,1.10033,1.10377,1.10033,1.10228,8666100.0976
2015-11-02,1.10227,1.10525,1.10002,1.10146,144148610.2297
2015-11-03,1.10145,1.10301,1.09363,1.09617,162700779.0526
2015-11-04,1.09617,1.09657,1.08442,1.08636,174248490.7227
2015-11-05,1.08635,1.08972,1.08336,1.08835,171659961.0596
2015-11-06,1.08834,1.08937,1.07056,1.07377,181077668.7013
2015-11-08,1.07377,1.07377,1.07195,1.07292,6908370.1172
2015-11-09,1.07291,1.07899,1.07266,1.07599,190003169.9218
2015-11-10,1.07601,1.0764,1.06744,1.07366,162873121.094
2015-11-11,1.07365,1.07737,1.07059,1.07633,162118620.3614
2015-11-12,1.07633,1.083,1.06912,1.08081,203739209.4728
2015-11-13,1.08082,1.08094,1.0714,1.07701,176144200.4396
2015-11-15,1.07701,1.07701,1.06868,1.07001,18747270.0196
2015-11-16,1.07002,1.0758,1.06745,1.06871,183745920.6544
2015-11-17,1.06873,1.06906,1.06308,1.0643,192813601.0746
2015-11-18,1.0643,1.06923,1.06168,1.06712,176787881.3479
2015-11-19,1.06712,1.07629,1.06671,1.07258,204101710.9376
2015-11-20,1.07258,1.07281,1.06398,1.0645,180843510.01
2015-11-22,1.0645,1.0646,1.06353,1.06372,9207389.8925
2015-11-23,1.06375,1.06567,1.05926,1.06364,178194189.4532
2015-11-24,1.06363,1.06734,1.06196,1.06428,180548389.8927
2015-11-25,1.06427,1.06892,1.0566,1.06229,197808120.8496
2015-11-26,1.06228,1.06272,1.05999,1.06063,112012950.3175
2015-11-27,1.06063,1.0638,1.05684,1.05923,131506699.3408
2015-11-29,1.05923,1.05939,1.05817,1.0583,5245180.0537
2015-11-30,1.05831,1.0595,1.05579,1.05697,165339799.5609
2015-12-01,1.05696,1.0637,1.05632,1.06262,212908939.2092
2015-12-02,1.06263,1.06324,1.05508,1.06104,218342560.5469
2015-12-03,1.06105,1.09812,1.0522,1.09177,293167266.3577
2015-12-04,1.09176,1.09562,1.08361,1.08818,260156040.0392
2015-12-06,1.08818,1.08871,1.08684,1.08809,8114179.9316
2015-12-07,1.0881,1.08811,1.0796,1.08335,179276229.8584
2015-12-08,1.08336,1.09023,1.08301,1.08923,203371808.5938
2015-12-09,1.08922,1.10426,1.08791,1.10147,220629169.1895
2015-12-10,1.10149,1.10214,1.09252,1.09468,195193159.9122
2015-12-11,1.09468,1.10307,1.09265,1.09928,188903681.1524
2015-12-13,1.09928,1.09928,1.09673,1.09804,12013969.9707
2015-12-14,1.09804,1.10485,1.09455,1.09912,227549060.0586
2015-12-15,1.09912,1.10596,1.09046,1.09338,209032311.76770002
2015-12-16,1.09338,1.10116,1.08658,1.08732,237283520.752
2015-12-17,1.08735,1.08875,1.08026,1.08426,203021320.0685
2015-12-18,1.08428,1.08745,1.08049,1.08632,198604270.01970002
2015-12-20,1.08632,1.08751,1.08483,1.08695,6424659.9121
2015-12-21,1.08695,1.09389,1.08479,1.09108,183833030.2735
2015-12-22,1.0911,1.09842,1.09022,1.09486,163637720.459
2015-12-23,1.09485,1.09528,1.087,1.0908,134839170.6543
2015-12-24,1.09081,1.09677,1.0908,1.09665,78394350.2502
2015-12-25,1.09667,1.09734,1.09431,1.09646,4726389.9536
2015-12-27,1.09646,1.09703,1.09479,1.09637,4649790.039100001
2015-12-28,1.09642,1.09923,1.09559,1.09745,118917699.4631
2015-12-29,1.09746,1.09917,1.08991,1.09256,130524590.2099
2015-12-30,1.09256,1.09436,1.0902,1.0935,125550188.84290001
2015-12-31,1.09349,1.09372,1.08529,1.08564,103298840.454
2016-01-03,1.08564,1.0873,1.08451,1.08516,5557579.956
2016-01-04,1.08515,1.09463,1.07812,1.08237,193941520.3857
2016-01-05,1.08239,1.08388,1.07107,1.07502,203779471.1917
2016-01-06,1.07503,1.07993,1.07148,1.07766,225000427.7345
2016-01-07,1.07766,1.09401,1.0771,1.09255,248091811.03530002
2016-01-08,1.09255,1.09299,1.08033,1.09235,225739600.0979
2016-01-10,1.09235,1.09697,1.09172,1.09371,12790009.765700001
2016-01-11,1.09371,1.09454,1.08479,1.08563,205385152.0998
2016-01-12,1.08562,1.09002,1.08197,1.0843,238659467.4077
2016-01-13,1.0843,1.08885,1.08049,1.08853,260915410.6447
2016-01-14,1.08854,1.09432,1.08346,1.0857,283523549.8046
2016-01-15,1.0857,1.09846,1.08563,1.0915,302146430.1759
2016-01-17,1.0915,1.09276,1.09073,1.09183,11951040.039099999
2016-01-18,1.09183,1.09237,1.08689,1.08925,190438880.7375
2016-01-19,1.08925,1.09389,1.08595,1.09105,275003369.1408
2016-01-20,1.09106,1.0976,1.08732,1.08746,322863221.43590003
2016-01-21,1.08745,1.0921,1.0778,1.0858,363617849.8537
2016-01-22,1.08581,1.08629,1.07892,1.07947,335113921.8753
2016-01-24,1.07947,1.07977,1.07893,1.07971,6192889.6484
2016-01-25,1.0797,1.08569,1.07899,1.08524,281230158.4475
2016-01-26,1.08523,1.08743,1.08187,1.08617,286050570.0686
2016-01-27,1.08616,1.09164,1.08507,1.0902,306419438.2327
2016-01-28,1.0902,1.09676,1.08697,1.09352,318400578.6134
2016-01-29,1.09353,1.09485,1.081,1.083,340410477.0508
2016-01-31,1.083,1.0834,1.08147,1.08253,9524070.0684
2016-02-01,1.08253,1.09128,1.08242,1.08958,288716598.8769
2016-02-02,1.08957,1.09399,1.08924,1.09184,289006958.4963
2016-02-03,1.09187,1.11455,1.09038,1.10929,357748479.9806
2016-02-04,1.10928,1.12389,1.10696,1.11994,377078560.0588
2016-02-05,1.11994,1.1247,1.11088,1.11561,322812923.3401
2016-02-07,1.11561,1.11561,1.11417,1.11434,12227989.7461
2016-02-08,1.11434,1.12159,1.10865,1.1189,356181458.9845
2016-02-09,1.1189,1.13379,1.11624,1.1288,400677769.5317
2016-02-10,1.1288,1.13115,1.11606,1.12838,417243331.0551
2016-02-11,1.12839,1.13762,1.12741,1.13159,412261445.3126
2016-02-12,1.13161,1.13338,1.12141,1.12532,340865290.0393
2016-02-14,1.12532,1.12532,1.12156,1.12232,12506250.0
2016-02-15,1.12232,1.12389,1.1128,1.11762,258790310.547
2016-02-16,1.11762,1.11931,1.11242,1.11429,327288691.6506
2016-02-17,1.1143,1.1179,1.1106,1.11204,338319990.4786
2016-02-18,1.11205,1.11497,1.1071,1.11075,344235177.9785
2016-02-19,1.11075,1.11392,1.10669,1.11284,319998408.2033
2016-02-21,1.11284,1.11284,1.11101,1.11218,12360799.5606
2016-02-22,1.11221,1.11238,1.10032,1.10251,319818320.3128
2016-02-23,1.10251,1.10527,1.09901,1.10234,326587069.336
2016-02-24,1.10232,1.10461,1.09573,1.1014,363386021.4845
2016-02-25,1.1014,1.10498,1.09867,1.10231,340465623.5352
2016-02-26,1.10231,1.10683,1.09116,1.093,336133647.4613
2016-02-28,1.093,1.093,1.09117,1.09244,13115960.204999998
2016-02-29,1.09243,1.09625,1.08593,1.08853,344151969.727
2016-03-01,1.08853,1.08935,1.08342,1.08761,343274958.4963
2016-03-02,1.0876,1.08809,1.08255,1.08692,340963448.2424
2016-03-03,1.08693,1.09727,1.08536,1.09455,335634191.4066
2016-03-04,1.09456,1.10434,1.09034,1.10055,337381151.8556
2016-03-06,1.10055,1.10055,1.0988,1.09913,9280270.019499999
2016-03-07,1.09913,1.10258,1.094,1.10123,316071409.668
2016-03-08,1.10123,1.10578,1.09936,1.10002,322509149.6583
2016-03-09,1.10001,1.10349,1.09461,1.09858,330986002.4416
2016-03-10,1.09859,1.12179,1.08222,1.11763,387736088.6234
2016-03-11,1.11763,1.12096,1.10803,1.11468,326235451.6605
2016-03-13,1.11468,1.11763,1.11339,1.11651,15699190.063500002
2016-03-14,1.11651,1.11666,1.10779,1.10999,310620620.4833
2016-03-15,1.11,1.11248,1.10719,1.1107,373821231.2015
2016-03-16,1.11071,1.12421,1.10579,1.12161,348791162.5978
2016-03-17,1.12161,1.13425,1.12055,1.13152,390560781.4944
2016-03-18,1.13151,1.13368,1.12562,1.12696,324413259.2774
2016-03-20,1.12696,1.12809,1.12575,1.12744,13698789.917
2016-03-21,1.12744,1.12848,1.1233,1.12349,288874808.8383
2016-03-22,1.1235,1.12599,1.11885,1.12211,309998458.7404
2016-03-23,1.12211,1.12211,1.11594,1.11779,294407458.9846
2016-03-24,1.11778,1.11877,1.11442,1.11644,270531890.381
2016-03-25,1.11644,1.11757,1.11529,1.11624,54683240.7226
2016-03-27,1.11624,1.11665,1.11559,1.11571,7547280.0293000005
2016-03-28,1.11572,1.12198,1.1153,1.12007,166510958.9843
2016-03-29,1.12007,1.13033,1.1169,1.12892,309638142.0905
2016-03-30,1.12893,1.13654,1.12863,1.13327,340341533.2032
2016-03-31,1.13326,1.14118,1.13101,1.13785,293081142.0899
2016-04-01,1.13785,1.14379,1.13347,1.13899,263826350.0977
2016-04-03,1.13899,1.14,1.13878,1.13946,7257789.916999999
2016-04-04,1.13952,1.14125,1.13574,1.13865,252373050.6593
2016-04-05,1.13857,1.1405,1.13359,1.13805,245981000.122
2016-04-06,1.13805,1.14316,1.13266,1.14001,255691462.0366
2016-04-07,1.14002,1.14539,1.13376,1.13668,284965990.7229
2016-04-08,1.13667,1.14193,1.13491,1.1395,235422709.96130002
2016-04-10,1.1395,1.14144,1.1395,1.14047,13989160.034200002
2016-04-11,1.14047,1.14473,1.13723,1.14102,237009942.1389
2016-04-12,1.14101,1.14649,1.13453,1.13831,259334851.5625
2016-04-13,1.1383,1.13912,1.12682,1.12779,265812609.6193
2016-04-14,1.12779,1.12948,1.12339,1.12651,243598559.3264
2016-04-15,1.1265,1.13169,1.12457,1.12823,193951919.67810002
2016-04-17,1.12823,1.13018,1.12823,1.12975,13452130.0048
2016-04-18,1.12978,1.13321,1.12737,1.13077,205265123.2909
2016-04-19,1.13078,1.13845,1.13034,1.13583,223942472.1679
2016-04-20,1.13583,1.13876,1.12905,1.13022,246967143.3107
2016-04-21,1.13024,1.13981,1.12699,1.12902,262475500.00010002
2016-04-22,1.12902,1.13087,1.12181,1.12227,234473630.6153
2016-04-24,1.12227,1.12338,1.1215,1.12312,16429159.7901
2016-04-25,1.12312,1.12781,1.12235,1.12664,234944897.2171
2016-04-26,1.12663,1.13397,1.12562,1.12959,256540148.926
2016-04-27,1.12959,1.1361,1.12715,1.13264,273769640.8692
2016-04-28,1.13264,1.13679,1.12959,1.13571,293027169.6781
2016-04-29,1.13569,1.14592,1.13562,1.14503,272977400.3908
2016-05-01,1.14503,1.14659,1.14503,1.14608,17794500.4883
2016-05-02,1.14608,1.1536,1.14482,1.15234,211397360.3517
2016-05-03,1.15232,1.16162,1.14929,1.15008,273512770.5081
2016-05-04,1.1501,1.15294,1.14661,1.1491,273581876.709
2016-05-05,1.14908,1.14938,1.13859,1.14004,223831440.6738
2016-05-06,1.14004,1.14802,1.13866,1.14021,232429381.3477
2016-05-08,1.14021,1.14021,1.13838,1.13853,7683070.068299999
2016-05-09,1.13857,1.14199,1.13753,1.13832,216458780.2734
2016-05-10,1.13831,1.14098,1.13587,1.1373,204446949.7074
2016-05-11,1.13732,1.14466,1.13724,1.1424,185486882.0804
2016-05-12,1.1424,1.14291,1.13706,1.13742,195163617.4318
2016-05-13,1.13741,1.13785,1.1283,1.13097,238153568.84759998
2016-05-15,1.13097,1.13195,1.13021,1.13172,9075480.1026
2016-05-16,1.13173,1.13422,1.13029,1.13151,175442800.9035
2016-05-17,1.13151,1.13487,1.1302,1.1314,190460728.2715
2016-05-18,1.13141,1.13161,1.12141,1.12195,234894349.3652
2016-05-19,1.12196,1.12299,1.11801,1.12019,233208639.4048
2016-05-20,1.1202,1.12375,1.11963,1.12222,164451998.5353
2016-05-22,1.12222,1.12229,1.12081,1.12204,6436930.0538
2016-05-23,1.12204,1.12428,1.11875,1.12129,182541209.961
2016-05-24,1.12131,1.12271,1.11324,1.11352,215210099.1213
2016-05-25,1.11352,1.11669,1.11289,1.11549,212477708.008
2016-05-26,1.11549,1.12168,1.11542,1.11915,210178092.7737
2016-05-27,1.11915,1.12007,1.11109,1.11116,179006219.9708
2016-05-29,1.11116,1.11154,1.11068,1.11082,10520769.7754
2016-05-30,1.1108,1.11495,1.10978,1.11475,118134999.51179999
2016-05-31,1.11476,1.11734,1.11222,1.1134,217690100.586
2016-06-01,1.11339,1.11939,1.11141,1.11875,221569549.8049
2016-06-02,1.11874,1.12199,1.11453,1.11515,209480901.12330002
2016-06-03,1.11516,1.13736,1.11367,1.13658,232506488.7698
2016-06-05,1.13658,1.13715,1.13448,1.13512,15770900.024500001
2016-06-06,1.13511,1.13926,1.13263,1.13627,222855061.8898
2016-06-07,1.13628,1.13804,1.13386,1.13557,181028240.3567
2016-06-08,1.13557,1.14086,1.13545,1.14024,185105650.8789
2016-06-09,1.14026,1.14155,1.13056,1.13097,201623480.2248
2016-06-10,1.13098,1.13214,1.12452,1.12498,196036651.3672
2016-06-12,1.12498,1.1253,1.12339,1.12381,13844469.7875
2016-06-13,1.12379,1.13028,1.12323,1.12877,201026049.3166
2016-06-14,1.12877,1.12985,1.11889,1.12103,198706830.0782
2016-06-15,1.12103,1.12975,1.11897,1.12611,206081560.5471
2016-06-16,1.1261,1.12949,1.1131,1.12696,264771610.3516
2016-06-17,1.12714,1.12962,1.12231,1.12732,199737630.3713
2016-06-19,1.12732,1.13579,1.12732,1.13469,15954880.2491
2016-06-20,1.13468,1.13824,1.1302,1.13216,238362039.06280002
2016-06-21,1.13216,1.13495,1.12401,1.12494,218732158.6916
2016-06-22,1.12495,1.13475,1.12366,1.13256,228912960.4494
2016-06-23,1.13257,1.14278,1.12693,1.13328,264083169.67790002
2016-06-24,1.13332,1.13372,1.09116,1.10913,340410144.5313
2016-06-26,1.10913,1.10913,1.10072,1.10392,22869489.2579
2016-06-27,1.10395,1.10837,1.09709,1.10137,293307870.2396
2016-06-28,1.10136,1.11116,1.10128,1.10753,241435600.58630002
2016-06-29,1.10753,1.11303,1.10494,1.1122,244264658.2034
2016-06-30,1.11221,1.11545,1.10241,1.1103,276727988.4036
2016-07-01,1.11029,1.11693,1.1072,1.11365,218999410.4005
2016-07-03,1.11365,1.1137,1.1125,1.11273,8775489.929200001
2016-07-04,1.11273,1.11595,1.10979,1.11444,155125289.1233
2016-07-05,1.11443,1.11863,1.10581,1.10635,215501821.0452
2016-07-06,1.10634,1.11116,1.10291,1.10968,239954000.9769
2016-07-07,1.10968,1.11072,1.10526,1.10636,202694339.2334
2016-07-08,1.10634,1.11201,1.10018,1.10497,191901109.8635
2016-07-10,1.10497,1.10532,1.10419,1.10439,12672089.965800002
2016-07-11,1.10439,1.10746,1.10159,1.10567,192310220.703
2016-07-12,1.10567,1.11259,1.10521,1.106,221604832.3975
2016-07-13,1.106,1.11199,1.1042,1.10949,227676879.5169
2016-07-14,1.10948,1.11648,1.10884,1.11062,242565650.8789
2016-07-15,1.11062,1.11488,1.10248,1.10295,217761340.8206
2016-07-17,1.10295,1.10605,1.10295,1.10558,13288780.1513
2016-07-18,1.10561,1.10842,1.10376,1.10682,177076400.8789
2016-07-19,1.10681,1.10804,1.1,1.10135,204481998.3521
2016-07-20,1.10135,1.10301,1.09815,1.10163,676855522.4614
2016-07-21,1.10163,1.10599,1.09796,1.1032,1109066398.1937
2016-07-22,1.1032,1.1041,1.09555,1.09754,950224337.891
2016-07-24,1.09754,1.09755,1.0963,1.0969,38246469.4825
2016-07-25,1.0969,1.09987,1.09519,1.09891,901409292.9691
2016-07-26,1.09891,1.10298,1.09783,1.09871,853359259.766
2016-07-27,1.09871,1.10737,1.09612,1.10671,922284146.9732
2016-07-28,1.10671,1.11195,1.10591,1.10825,1100398269.5316
2016-07-29,1.10825,1.11974,1.10727,1.11726,1069913074.2191
2016-07-31,1.11726,1.11836,1.11656,1.11671,37988240.4785
2016-08-01,1.11672,1.11814,1.11552,1.11669,819024404.2973
2016-08-02,1.11669,1.12336,1.11622,1.12178,1022741144.2873
2016-08-03,1.12178,1.1219,1.11406,1.11501,897749502.9299
2016-08-04,1.11501,1.11563,1.1114,1.11347,957281664.3069
2016-08-05,1.11347,1.11612,1.10458,1.10854,846211145.508
2016-08-07,1.10854,1.10923,1.10777,1.10869,31388250.0
2016-08-08,1.10868,1.11049,1.10721,1.1085,785286449.7073001
2016-08-09,1.1085,1.11225,1.10705,1.11176,828683042.2365
2016-08-10,1.11176,1.11914,1.1117,1.1185,897905094.2386
2016-08-11,1.1185,1.11901,1.1135,1.11382,776352151.1233
2016-08-12,1.11382,1.12213,1.11313,1.11621,736205659.1799
2016-08-14,1.11621,1.11687,1.1157,1.11641,31286849.9755
2016-08-15,1.11642,1.12034,1.11538,1.11818,755901226.0747
2016-08-16,1.11819,1.13223,1.11774,1.12759,880740655.7622
2016-08-17,1.12759,1.13159,1.12407,1.12989,803391081.7878001
2016-08-18,1.12989,1.13663,1.12951,1.13475,839356961.9146
2016-08-19,1.13471,1.13488,1.13042,1.13216,736860078.1253
2016-08-21,1.13216,1.13226,1.12943,1.12977,61125510.2539
2016-08-22,1.12978,1.13306,1.1271,1.13172,1025027831.7875
2016-08-23,1.13171,1.13553,1.12996,1.13016,954660895.02
2016-08-24,1.13016,1.13115,1.12452,1.12609,888467637.3296
2016-08-25,1.12609,1.12974,1.12592,1.12865,621790473.8775
2016-08-26,1.12865,1.13408,1.11804,1.11951,707482966.7971
2016-08-28,1.11951,1.12006,1.11752,1.11974,34177430.664
2016-08-29,1.11975,1.12077,1.1158,1.11904,820302753.9068
2016-08-30,1.11904,1.11907,1.11321,1.11498,996209819.5803
2016-08-31,1.11498,1.11654,1.11232,1.11562,1098957355.4691
2016-09-01,1.11564,1.12051,1.11276,1.11985,1136568136.4749
2016-09-02,1.11985,1.12521,1.11503,1.11539,1075797850.5861
2016-09-04,1.11539,1.11591,1.11528,1.1158,39453930.4199
2016-09-05,1.1158,1.11824,1.11395,1.11504,781259972.046
2016-09-06,1.11504,1.12631,1.11409,1.12457,1155938839.844
2016-09-07,1.12458,1.12714,1.1229,1.12381,1046392905.7622
2016-09-08,1.12381,1.13269,1.12345,1.12684,1233327195.3126
2016-09-09,1.12682,1.1285,1.11985,1.12318,1152026437.5003
2016-09-11,1.12318,1.12407,1.12293,1.12406,62826660.6445
2016-09-12,1.12406,1.12684,1.12103,1.12404,1181446573.2424
2016-09-13,1.12404,1.12602,1.12039,1.12191,1169018351.563
2016-09-14,1.12191,1.1274,1.12137,1.1245,1105472505.3715
2016-09-15,1.1245,1.12843,1.1219,1.12468,1063573378.9067
2016-09-16,1.12469,1.1248,1.11495,1.11509,1053946969.727
2016-09-18,1.11509,1.11608,1.11497,1.11577,45994781.2501
2016-09-19,1.11576,1.11978,1.11507,1.11771,1147771312.9886
2016-09-20,1.11771,1.12134,1.11495,1.1153,1133500653.8087
2016-09-21,1.1153,1.11966,1.1123,1.1189,1286159113.2816
2016-09-22,1.1189,1.12573,1.11849,1.12081,1340682331.299
2016-09-23,1.12081,1.12405,1.11938,1.12237,1157640654.297
2016-09-25,1.12237,1.1241,1.12228,1.12373,69180461.91409999
2016-09-26,1.12373,1.12792,1.12211,1.125,1170617772.4612
2016-09-27,1.12501,1.12589,1.1191,1.1217,1230912079.5902
2016-09-28,1.1217,1.12369,1.1182,1.12233,1319076897.4612
2016-09-29,1.12233,1.12497,1.11968,1.12186,1377967311.0354
2016-09-30,1.12187,1.12507,1.11533,1.12392,1372345310.5472
2016-10-02,1.12392,1.12442,1.12272,1.12328,45308351.3185
2016-10-03,1.12328,1.12416,1.12052,1.12091,1000987096.1919
2016-10-04,1.12093,1.12391,1.11379,1.12091,1230516944.8245
2016-10-05,1.12091,1.12333,1.11897,1.12059,1134478865.7229
2016-10-06,1.12059,1.12103,1.11252,1.11418,1092857895.5081
2016-10-07,1.11418,1.12051,1.11043,1.11986,1223311759.7658
2016-10-09,1.11986,1.12032,1.11799,1.11945,49314569.336
2016-10-10,1.11945,1.12003,1.11314,1.11405,980132979.2486
2016-10-11,1.11405,1.11405,1.10488,1.10573,1061786628.4183
2016-10-12,1.10574,1.10611,1.10044,1.10103,1116438400.1467
2016-10-13,1.10103,1.10581,1.09855,1.10479,1030775389.7709
2016-10-14,1.1048,1.10565,1.09705,1.09715,1072480767.5785
2016-10-16,1.09715,1.09729,1.09653,1.09656,35131569.7021
2016-10-17,1.09656,1.10141,1.09638,1.10109,1046411994.1409
2016-10-18,1.10107,1.10263,1.097,1.09746,962075476.807
2016-10-19,1.09746,1.10048,1.0955,1.09744,981921840.3325
2016-10-20,1.09744,1.10392,1.09159,1.09293,1015002278.565
2016-10-21,1.09293,1.09295,1.08592,1.08818,951558300.7815
2016-10-23,1.08818,1.08843,1.08742,1.088,42526079.4678
2016-10-24,1.088,1.08996,1.08596,1.08729,491924474.7319
2016-10-25,1.0873,1.0905,1.08511,1.08861,193149460.083
2016-10-26,1.0886,1.09464,1.08744,1.09095,190968162.29250002
2016-10-27,1.09095,1.09422,1.08826,1.0897,181506350.7084
2016-10-28,1.08971,1.09917,1.0895,1.09824,189372039.5509
2016-10-30,1.09824,1.09912,1.09756,1.0982,8798259.887699999
2016-10-31,1.09821,1.09826,1.09359,1.09707,178320500.12240002
2016-11-01,1.09708,1.1069,1.09599,1.10553,221563661.377
2016-11-02,1.10555,1.1123,1.10496,1.10939,242436110.2297
2016-11-03,1.1094,1.11259,1.10596,1.10995,253564861.2062
2016-11-04,1.10994,1.11412,1.10798,1.11378,217005369.3849
2016-11-06,1.11378,1.11378,1.10566,1.10945,12546879.8828
2016-11-07,1.10946,1.11103,1.10274,1.1049,224674839.3553
2016-11-08,1.10489,1.10669,1.10047,1.10177,211768107.9105
2016-11-09,1.10178,1.12995,1.0907,1.09196,432628162.59790003
2016-11-10,1.09193,1.09537,1.08649,1.08873,313218238.7696
2016-11-11,1.08873,1.09234,1.08303,1.08516,288313739.25810003
2016-11-13,1.08516,1.08516,1.08191,1.08226,13851580.4443
2016-11-14,1.08226,1.08258,1.07091,1.07455,365607697.2659
2016-11-15,1.07454,1.08166,1.07141,1.07244,299602699.4629
2016-11-16,1.07244,1.07595,1.06661,1.07062,284785069.5803
2016-11-17,1.07062,1.07455,1.06199,1.0622,247087702.39310002
2016-11-18,1.06219,1.06428,1.05692,1.05866,260855179.1993
2016-11-20,1.05866,1.05944,1.05788,1.0583,8990160.0342
2016-11-21,1.0583,1.06491,1.05829,1.06374,235786551.514
2016-11-22,1.06374,1.06579,1.05836,1.06332,219792239.9903
2016-11-23,1.06332,1.06436,1.05263,1.05419,220686522.2169
2016-11-24,1.05419,1.05852,1.0518,1.05601,185310710.4494
2016-11-25,1.05601,1.06273,1.05384,1.05901,213347830.8107
2016-11-27,1.05901,1.06111,1.05901,1.06091,6559290.1611
2016-11-28,1.06089,1.06856,1.05636,1.06189,232504648.3156
2016-11-29,1.06188,1.06542,1.05649,1.06472,226346869.0797
2016-11-30,1.06472,1.06666,1.05527,1.05903,280866030.7618
2016-12-01,1.05903,1.06688,1.05846,1.06621,278621826.5381
2016-12-02,1.06621,1.06898,1.06253,1.06632,247566540.5277
2016-12-04,1.06632,1.06632,1.05055,1.05675,24976730.4688
2016-12-05,1.05675,1.07963,1.05374,1.07564,307861000.2443
2016-12-06,1.07564,1.07853,1.06986,1.07186,218718238.1594
2016-12-07,1.07185,1.07684,1.07098,1.07592,173033269.8974
2016-12-08,1.07591,1.08734,1.05973,1.06211,246892628.4179
2016-12-09,1.0621,1.06297,1.0531,1.05591,196035589.3556
2016-12-11,1.05591,1.05591,1.05312,1.0546,6896079.956
2016-12-12,1.0546,1.06517,1.05254,1.06421,222248199.2189
2016-12-13,1.06419,1.06671,1.06037,1.06274,209177140.1368
2016-12-14,1.06276,1.067,1.04965,1.05121,229277528.5646
2016-12-15,1.0512,1.05228,1.03665,1.04167,283705082.5195
2016-12-16,1.04167,1.04742,1.04008,1.04483,210788208.496
2016-12-18,1.04483,1.0457,1.0437,1.04466,8274790.039000001
2016-12-19,1.04466,1.04795,1.03924,1.04027,185142431.1525
2016-12-20,1.04027,1.04178,1.03523,1.03906,187248838.7451
2016-12-21,1.03907,1.04511,1.03824,1.04263,175193979.4925
2016-12-22,1.04263,1.04993,1.04253,1.04378,168554381.10390002
2016-12-23,1.04378,1.0469,1.04265,1.04532,113001869.6291
2016-12-25,1.04532,1.04577,1.0438,1.04523,2361490.0208
2016-12-26,1.04521,1.04674,1.04402,1.04538,106529299.8199
2016-12-27,1.04538,1.04633,1.04324,1.04614,103812540.0391
2016-12-28,1.04613,1.04798,1.03721,1.04143,154021950.0732
2016-12-29,1.04144,1.06526,1.04139,1.05658,179377050.171
2016-12-30,1.05657,1.05914,1.05059,1.0515,199463329.5901
2017-01-01,1.0515,1.05288,1.05148,1.0523,352849.9908
2017-01-02,1.0523,1.0526,1.04501,1.04575,87951000.0611
2017-01-03,1.04575,1.04901,1.03403,1.04174,218296040.5276
2017-01-04,1.04174,1.05013,1.039,1.04971,228092479.7364
2017-01-05,1.04968,1.06153,1.04826,1.06039,273330278.68700004
2017-01-06,1.06039,1.06221,1.0525,1.0529,226026649.6584
2017-01-08,1.0529,1.05358,1.0526,1.05294,5515099.9145
2017-01-09,1.05294,1.0589,1.05109,1.05858,219645730.7132
2017-01-10,1.05858,1.06272,1.05509,1.05522,227707020.5081
2017-01-11,1.05522,1.06229,1.04538,1.05941,287661589.1114
2017-01-12,1.05942,1.06847,1.05714,1.06162,283076281.0059
2017-01-13,1.06158,1.06734,1.05961,1.0642,226614868.4084
2017-01-15,1.0642,1.0642,1.0603,1.06272,7140439.9414
2017-01-16,1.06274,1.06344,1.05793,1.06022,172454890.381
2017-01-17,1.06022,1.07191,1.06007,1.06966,285585590.9427
2017-01-18,1.06966,1.07123,1.06244,1.0628,241426318.3597
2017-01-19,1.06282,1.06766,1.05892,1.06591,276319220.3371
2017-01-20,1.06593,1.07094,1.06251,1.0699,226792179.6875
2017-01-22,1.0699,1.07168,1.06941,1.07126,7218809.8145
2017-01-23,1.07124,1.07729,1.07063,1.07591,216128980.3472
2017-01-24,1.07589,1.07749,1.07204,1.07281,191667070.6787
2017-01-25,1.07282,1.07698,1.07112,1.07525,234112080.0785
2017-01-26,1.07527,1.07655,1.06576,1.06834,243428769.5315
2017-01-27,1.06834,1.0725,1.06584,1.06958,210667563.2326
2017-01-29,1.06958,1.07214,1.06958,1.07169,6970969.8486
2017-01-30,1.07169,1.07402,1.06203,1.07075,213100990.4787
2017-01-31,1.07075,1.08122,1.06846,1.08008,282938361.9383
2017-02-01,1.08008,1.08073,1.0731,1.07653,244016948.9747
2017-02-02,1.07654,1.08288,1.0756,1.07617,243318560.0587
2017-02-03,1.07618,1.07975,1.07115,1.07818,228892201.1719
2017-02-05,1.07818,1.07915,1.0778,1.07824,4076270.0806
2017-02-06,1.07824,1.07887,1.07059,1.0743,221177601.4406
2017-02-07,1.0743,1.07444,1.06561,1.06788,233002338.1348
2017-02-08,1.06788,1.07139,1.06407,1.06913,239400000.0004
2017-02-09,1.0691,1.07095,1.06509,1.06572,232668256.592
2017-02-10,1.06571,1.06677,1.06077,1.06397,238342011.2309
2017-02-12,1.06397,1.06397,1.06174,1.06187,5510510.2539
2017-02-13,1.06186,1.06585,1.0592,1.05987,198618670.2882
2017-02-14,1.05986,1.06333,1.05608,1.05782,220040640.8693
2017-02-15,1.05783,1.06092,1.05214,1.0603,239541849.9756
2017-02-16,1.0603,1.06794,1.05998,1.06712,245245111.2061
2017-02-17,1.06709,1.06767,1.06054,1.06114,205934248.5353
2017-02-19,1.06114,1.06329,1.06075,1.06251,7770849.8536
2017-02-20,1.0625,1.06299,1.06031,1.06088,141470809.4484
2017-02-21,1.06088,1.06127,1.05258,1.0541,228481839.1115
2017-02-22,1.05411,1.0574,1.04938,1.05505,271603660.1566
2017-02-23,1.05505,1.05952,1.05376,1.05839,236701468.50620002
2017-02-24,1.0584,1.06179,1.05565,1.05595,235293327.8811
2017-02-26,1.05595,1.05645,1.05517,1.0552,8392789.917
2017-02-27,1.0552,1.06306,1.05515,1.05838,220285799.6827
2017-02-28,1.05838,1.06301,1.05666,1.05692,256796220.9473
2017-03-01,1.05691,1.05894,1.05142,1.05359,287665851.5627
2017-03-02,1.05358,1.05456,1.04948,1.0507,240914412.3535
2017-03-03,1.0507,1.06239,1.05022,1.06203,243485580.07840002
2017-03-05,1.06203,1.06215,1.06002,1.06207,8411359.8633
2017-03-06,1.06207,1.06399,1.05747,1.05789,198254399.7805
2017-03-07,1.05789,1.06025,1.05581,1.05692,191883278.8086
2017-03-08,1.05692,1.05741,1.05347,1.05447,203950158.5695
2017-03-09,1.05447,1.06151,1.05249,1.05794,232016690.43
2017-03-10,1.05794,1.0699,1.0578,1.06728,211630191.4065
2017-03-12,1.06728,1.06925,1.06728,1.06894,7112390.014599999
2017-03-13,1.06894,1.07142,1.06448,1.06507,209422779.9072
2017-03-14,1.06508,1.06624,1.06003,1.06119,179929808.7157
2017-03-15,1.0612,1.07399,1.06073,1.07375,213836528.5645
2017-03-16,1.07376,1.07742,1.07057,1.07718,234024430.17610002
2017-03-17,1.07717,1.07823,1.07274,1.07382,186534619.3849
2017-03-19,1.07382,1.07451,1.07317,1.0742,5330250.0611
2017-03-20,1.07421,1.07772,1.0719,1.07368,172443569.092
2017-03-21,1.07368,1.08191,1.07353,1.08125,223229912.2317
2017-03-22,1.08124,1.08245,1.07758,1.07891,220300119.385
2017-03-23,1.07891,1.08048,1.0768,1.0783,206665740.2342
2017-03-24,1.07831,1.08179,1.07602,1.07969,189625210.9375
2017-03-26,1.07969,1.08492,1.07969,1.08451,14647479.980500001
2017-03-27,1.08453,1.09058,1.08377,1.08608,183535501.7702
2017-03-28,1.08609,1.08725,1.07988,1.08162,170513790.7715
2017-03-29,1.08162,1.08264,1.07398,1.07583,175207510.7423
2017-03-30,1.07582,1.07679,1.06718,1.06877,162005538.8186
2017-03-31,1.06875,1.07018,1.06508,1.06528,184913189.9414
2017-04-02,1.06528,1.06737,1.06528,1.06692,9205400.1465
2017-04-03,1.06692,1.06809,1.06423,1.06695,171156739.6241
2017-04-04,1.06695,1.06851,1.06355,1.06779,166734861.4502
2017-04-05,1.06779,1.06889,1.06349,1.06717,196366440.4298
2017-04-06,1.06715,1.0684,1.06289,1.06437,175015688.3546
2017-04-07,1.06437,1.06659,1.05806,1.05889,200702328.61339998
2017-04-09,1.05889,1.05889,1.05734,1.05805,9477489.8682
2017-04-10,1.05806,1.06064,1.05698,1.05971,144021000.7325
2017-04-11,1.05972,1.06299,1.05785,1.06102,159921308.716
2017-04-12,1.06101,1.06751,1.0589,1.06698,182291981.4452
2017-04-13,1.06698,1.06775,1.06094,1.06148,162037840.45450002
2017-04-14,1.06148,1.06294,1.0606,1.06105,55741179.7485
2017-04-16,1.06105,1.06155,1.06028,1.06097,13667929.9317
2017-04-17,1.06096,1.06703,1.06085,1.06432,103395720.3371
2017-04-18,1.06432,1.07359,1.06372,1.07274,185533849.1211
2017-04-19,1.07274,1.07367,1.06998,1.07145,160022118.6523
2017-04-20,1.07145,1.07775,1.07069,1.07141,160190242.3095
2017-04-21,1.0714,1.07379,1.06822,1.07237,147990361.5725
2017-04-23,1.07237,1.09164,1.07237,1.08733,22281240.7227
2017-04-24,1.08733,1.08774,1.08207,1.08649,202360991.0888
2017-04-25,1.08648,1.09499,1.08512,1.09275,183851900.8789
2017-04-26,1.09277,1.09507,1.08557,1.09083,197836089.4776
2017-04-27,1.09083,1.09327,1.08517,1.0865,178829869.7515
2017-04-28,1.08651,1.09474,1.08571,1.08961,164071468.2617
2017-04-30,1.08961,1.0911,1.08905,1.09057,7522420.1049
2017-05-01,1.09057,1.09239,1.0884,1.09084,83181489.9292
2017-05-02,1.09086,1.09359,1.08881,1.09346,135614800.2931
2017-05-03,1.09346,1.09367,1.08813,1.0888,156201840.3321
2017-05-04,1.0888,1.0987,1.08749,1.09804,181629708.6183
2017-05-05,1.09806,1.09995,1.09494,1.0995,160752258.7891
2017-05-07,1.0995,1.10216,1.09633,1.09647,14719449.9512
2017-05-08,1.09647,1.09968,1.09164,1.09265,179271900.2686
2017-05-09,1.09265,1.09333,1.08633,1.08861,177103767.8227
2017-05-10,1.08861,1.0898,1.08532,1.08671,157513869.7512
2017-05-11,1.08671,1.08929,1.0839,1.08642,140819258.6669
2017-05-12,1.08642,1.09342,1.08556,1.0931,147972720.21490002
2017-05-14,1.0931,1.0935,1.09226,1.09277,6705230.2247
2017-05-15,1.09278,1.09893,1.09225,1.09799,140243939.81960002
2017-05-16,1.09798,1.10971,1.0979,1.10933,171232759.5216
2017-05-17,1.10932,1.11704,1.10816,1.11541,218651142.0902
2017-05-18,1.11543,1.11719,1.10757,1.11101,254772278.5645
2017-05-19,1.111,1.12117,1.10995,1.12065,202951019.043
2017-05-21,1.12065,1.121,1.11916,1.12032,11924589.7217
2017-05-22,1.12032,1.12634,1.11614,1.12373,205206790.7716
2017-05-23,1.12371,1.12682,1.1175,1.11788,236312202.1484
2017-05-24,1.11791,1.12332,1.11685,1.12304,230591792.60300002
2017-05-25,1.12306,1.12503,1.11937,1.121,190652110.5958
2017-05-26,1.12099,1.12346,1.11605,1.11799,187076530.27380002
2017-05-28,1.11799,1.11849,1.11672,1.1176,7786649.9024
2017-05-29,1.11758,1.11898,1.11277,1.1129,116821159.6681
2017-05-30,1.11291,1.12054,1.11094,1.11728,185376269.5314
2017-05-31,1.11728,1.12521,1.11645,1.1239,189057500.2442
2017-06-01,1.12389,1.12566,1.12021,1.12128,164043480.59080002
2017-06-02,1.12127,1.1285,1.12049,1.12825,156989458.7403
2017-06-04,1.12825,1.12837,1.12701,1.12772,6740630.0049
2017-06-05,1.12775,1.12785,1.12342,1.12573,120698969.36050001
2017-06-06,1.12572,1.12842,1.12404,1.12702,166759738.7694
2017-06-07,1.12701,1.12823,1.12039,1.12554,189120031.4943
2017-06-08,1.12554,1.1269,1.118,1.11883,207401771.9727
2017-06-09,1.11884,1.12157,1.11663,1.11941,196106080.5665
2017-06-11,1.11941,1.12096,1.11941,1.12016,7735800.0488
2017-06-12,1.12015,1.12321,1.11918,1.11973,162194769.2871
2017-06-13,1.11972,1.12249,1.11852,1.12091,155648230.835
2017-06-14,1.12091,1.12958,1.1193,1.12129,226322030.762
2017-06-15,1.1213,1.12285,1.11321,1.11486,212904879.8829
2017-06-16,1.11487,1.12016,1.11384,1.11968,174222130.3712
2017-06-18,1.11968,1.12079,1.11956,1.12039,9083739.9902
2017-06-19,1.12037,1.12128,1.11409,1.11445,196995130.8595
2017-06-20,1.11443,1.11648,1.11188,1.11363,218941300.0492
2017-06-21,1.11365,1.1169,1.11272,1.11667,200566719.2384
2017-06-22,1.11666,1.11779,1.11392,1.11497,191424380.8594
2017-06-23,1.11496,1.12089,1.11452,1.11918,162553559.5703
2017-06-25,1.11918,1.11999,1.11902,1.11997,6135160.0341
2017-06-26,1.11997,1.12198,1.11717,1.11828,188726948.4864
2017-06-27,1.11827,1.13494,1.118,1.13369,258372050.53710002
2017-06-28,1.13369,1.13906,1.12917,1.13782,251067318.6038
2017-06-29,1.1378,1.14455,1.13768,1.14394,245479316.8949
2017-06-30,1.14393,1.14443,1.13921,1.14251,203137508.0567
2017-07-02,1.14251,1.14266,1.14163,1.14232,10473130.127
2017-07-03,1.14234,1.14248,1.1355,1.13723,173833440.1855
2017-07-04,1.13723,1.13769,1.13359,1.13595,156219640.1367
2017-07-05,1.13596,1.13685,1.13123,1.13464,206856911.377
2017-07-06,1.13465,1.14254,1.13299,1.14212,203986939.9413
2017-07-07,1.14212,1.14398,1.13796,1.13996,189153170.4102
2017-07-09,1.13996,1.14038,1.13924,1.14034,9004769.775400002
2017-07-10,1.14032,1.1418,1.13817,1.13963,161246979.2482
2017-07-11,1.13963,1.14797,1.13828,1.14738,192940159.6683
2017-07-12,1.14741,1.14893,1.13916,1.14186,221709639.6487
2017-07-13,1.14186,1.14558,1.13705,1.14045,206374499.2675
2017-07-14,1.14043,1.14719,1.13914,1.14685,194309740.47890002
2017-07-16,1.14685,1.1475,1.1465,1.1474,17420619.873
2017-07-17,1.14739,1.1487,1.14348,1.14732,187573649.6583
2017-07-18,1.14733,1.15831,1.14714,1.15478,253599307.8616
2017-07-19,1.15477,1.15533,1.15099,1.15287,198068578.3692
2017-07-20,1.15286,1.1658,1.14792,1.16283,270658871.5825
2017-07-21,1.16283,1.16828,1.1619,1.16622,224099799.8048
2017-07-23,1.16622,1.16816,1.16615,1.16814,11264570.0684
2017-07-24,1.16811,1.16842,1.16259,1.16384,204671990.2345
2017-07-25,1.16384,1.17121,1.16308,1.16444,222419781.0061
2017-07-26,1.16444,1.17473,1.16125,1.17316,255288269.5315
2017-07-27,1.17315,1.17767,1.16501,1.16898,267153769.0433
2017-07-28,1.16898,1.17639,1.16711,1.17478,235715992.1877
2017-07-30,1.17478,1.17618,1.17443,1.17468,19254290.2833
2017-07-31,1.17469,1.18454,1.17231,1.18208,236964980.9572
2017-08-01,1.18207,1.18389,1.17852,1.18109,226683641.3577
2017-08-02,1.18113,1.191,1.17937,1.18514,233360749.512
2017-08-03,1.18514,1.1893,1.18305,1.18822,221491578.3691
2017-08-04,1.18822,1.18891,1.17281,1.1773,215736960.4494
2017-08-06,1.1773,1.17929,1.17706,1.17769,14147669.799800001
2017-08-07,1.17769,1.1814,1.17766,1.17995,182387679.1993
2017-08-08,1.17995,1.18238,1.17151,1.1754,209521649.9023
2017-08-09,1.1754,1.17699,1.16891,1.17631,272394639.1603
2017-08-10,1.17631,1.17851,1.17041,1.177,226661119.87350002
2017-08-11,1.177,1.18472,1.17485,1.18199,210383690.9181
2017-08-13,1.18199,1.18275,1.1818,1.18252,9096890.0146
2017-08-14,1.18251,1.18382,1.17682,1.17755,206699608.3987
2017-08-15,1.17757,1.17928,1.16872,1.17403,215642321.0451
2017-08-16,1.17403,1.17793,1.16816,1.17737,252333560.7913
2017-08-17,1.17737,1.17899,1.16622,1.17156,250161151.12309998
2017-08-18,1.17156,1.17743,1.17102,1.17591,222360308.5939
2017-08-20,1.17591,1.17609,1.175,1.17562,6801379.9439
2017-08-21,1.17561,1.1828,1.17311,1.18112,181794779.297
2017-08-22,1.18112,1.18241,1.17451,1.17615,195984790.0391
2017-08-23,1.17617,1.18232,1.17403,1.18155,200061169.922
2017-08-24,1.18154,1.18169,1.17841,1.17977,223049667.7247
2017-08-25,1.17976,1.19414,1.17733,1.19219,222870938.4765
2017-08-27,1.19219,1.19595,1.19219,1.19511,14828829.712
2017-08-28,1.19511,1.19857,1.19168,1.19638,208933980.4689
2017-08-29,1.1964,1.20701,1.19465,1.19697,281300829.1017
2017-08-30,1.19697,1.19843,1.18804,1.18906,247062770.9963
2017-08-31,1.18906,1.19229,1.18231,1.19092,253635217.77380002
2017-09-01,1.1909,1.19798,1.18499,1.18597,221325161.6212
2017-09-03,1.18597,1.18859,1.18597,1.18818,12465050.0489
2017-09-04,1.18818,1.19218,1.18776,1.18928,182153969.9096
2017-09-05,1.18928,1.19406,1.18682,1.19236,252912570.8009
2017-09-06,1.19235,1.19499,1.19028,1.19264,239993527.8324
2017-09-07,1.19263,1.20592,1.1914,1.20278,267627110.83990002
2017-09-08,1.20277,1.20923,1.20146,1.20347,241975210.4495
2017-09-10,1.20347,1.20347,1.20112,1.20169,10294330.3222
2017-09-11,1.20169,1.20295,1.19476,1.19577,220636920.6545
2017-09-12,1.19577,1.1978,1.19262,1.19711,219421009.5216
2017-09-13,1.1971,1.19947,1.1873,1.18879,219132289.3069
2017-09-14,1.18879,1.19228,1.1838,1.1921,243548380.3714
2017-09-15,1.19211,1.19873,1.19011,1.19447,216911087.4023
2017-09-17,1.19447,1.19503,1.19174,1.19378,8915369.8121
2017-09-18,1.19378,1.19692,1.1915,1.196,219049788.5743
2017-09-19,1.19598,1.20064,1.19536,1.19925,237453129.6388
2017-09-20,1.19924,1.20342,1.18613,1.18743,458076355.9574
2017-09-21,1.18742,1.19535,1.18656,1.19447,596993048.8281
2017-09-22,1.19446,1.20044,1.19369,1.19466,225252361.3283
2017-09-24,1.19466,1.19466,1.18947,1.19267,13654260.0098
2017-09-25,1.19266,1.19365,1.18319,1.18555,232912979.004
2017-09-26,1.18556,1.18615,1.17574,1.17838,234192576.6604
2017-09-27,1.17838,1.1795,1.17171,1.17497,252950990.4784
2017-09-28,1.17498,1.1804,1.17212,1.17812,250893240.2343
2017-09-29,1.17813,1.18325,1.17726,1.18137,196230200.6836
2017-10-01,1.18137,1.18151,1.17886,1.18079,8763930.0537
2017-10-02,1.18079,1.18079,1.17301,1.17315,218487802.7347
2017-10-03,1.17319,1.17732,1.16961,1.17477,202565550.0488
2017-10-04,1.17476,1.17877,1.17464,1.17566,210086430.6642
2017-10-05,1.17565,1.17787,1.1699,1.17138,190971330.3224
2017-10-06,1.1714,1.17387,1.16692,1.17299,213892199.2188
2017-10-08,1.17299,1.17435,1.17267,1.17424,9578370.1173
2017-10-09,1.17422,1.17561,1.17195,1.1741,147124001.4648
2017-10-10,1.1741,1.18254,1.17405,1.18134,213520089.844
2017-10-11,1.18134,1.1869,1.17952,1.18641,216780880.8595
2017-10-12,1.1864,1.18797,1.18252,1.18309,202787529.5411
2017-10-13,1.18309,1.18748,1.18053,1.18191,199617870.60570002
2017-10-15,1.18191,1.18191,1.18056,1.18145,7022070.190400001
2017-10-16,1.18147,1.18196,1.17805,1.17945,191054177.9788
2017-10-17,1.17945,1.17949,1.17361,1.17711,198611128.6621
2017-10-18,1.1771,1.18053,1.17302,1.17942,199544779.0527
2017-10-19,1.17943,1.18579,1.17679,1.18484,222417531.2502
2017-10-20,1.18485,1.18579,1.17624,1.17817,208817699.7073
2017-10-22,1.17817,1.17817,1.17513,1.17546,13263060.3028
2017-10-23,1.17552,1.17774,1.1725,1.17548,182440860.3517
2017-10-24,1.17548,1.17927,1.17428,1.176,192348680.176
2017-10-25,1.17599,1.18203,1.1753,1.18195,217868690.1856
2017-10-26,1.18195,1.18367,1.16314,1.16377,222254092.2852
2017-10-27,1.16377,1.16437,1.15741,1.16083,208479638.9162
2017-10-29,1.16083,1.16153,1.15937,1.16056,7551300.0488
2017-10-30,1.16057,1.16579,1.15976,1.16512,191081911.8653
2017-10-31,1.16513,1.16613,1.16248,1.16518,169713250.9767
2017-11-01,1.16518,1.1657,1.16064,1.16282,196258180.6643
2017-11-02,1.16282,1.16873,1.16261,1.16586,222217649.6581
2017-11-03,1.16588,1.16904,1.15991,1.1606,169342218.9942
2017-11-05,1.1606,1.16179,1.16038,1.16147,5818349.853499999
2017-11-06,1.16147,1.1624,1.15802,1.16113,184127338.8673
2017-11-07,1.16113,1.16154,1.15539,1.16008,197382778.8085
2017-11-08,1.16008,1.16111,1.15792,1.1595,168407641.3578
2017-11-09,1.1595,1.16548,1.15856,1.16462,214302628.418
2017-11-10,1.16464,1.16778,1.16227,1.16638,167773711.9142
2017-11-12,1.16638,1.16646,1.16558,1.16609,5708479.9804
2017-11-13,1.16609,1.16751,1.16373,1.16646,162501750.4884
2017-11-14,1.16646,1.1805,1.16625,1.17906,182637559.3264
2017-11-15,1.17907,1.18604,1.17683,1.17826,213275448.7305
2017-11-16,1.17826,1.18008,1.17569,1.17781,174470788.8186
2017-11-17,1.17783,1.18217,1.17738,1.17879,189217927.7347
2017-11-19,1.17879,1.1797,1.17223,1.17344,16111170.4102
2017-11-20,1.17344,1.18085,1.17249,1.17371,186928330.3224
2017-11-21,1.17372,1.17577,1.17128,1.17416,184422120.3615
2017-11-22,1.17416,1.18269,1.17346,1.18146,185656619.8732
2017-11-23,1.18147,1.18559,1.18132,1.18503,148633861.3281
2017-11-24,1.18504,1.19443,1.18367,1.19286,171776500.2442
2017-11-26,1.19286,1.1936,1.19239,1.19274,5771209.961
2017-11-27,1.19273,1.19611,1.18903,1.19041,194033560.0587
2017-11-28,1.1904,1.19198,1.18271,1.18491,226569081.7873
2017-11-29,1.18491,1.18827,1.18167,1.1852,207759582.03170002
2017-11-30,1.18519,1.19315,1.1809,1.18979,229024981.6896
2017-12-01,1.1898,1.19403,1.18508,1.18942,258102539.5509
2017-12-03,1.18942,1.18942,1.18562,1.18565,9407579.834
2017-12-04,1.18565,1.18785,1.18291,1.18676,214967232.6661
2017-12-05,1.18677,1.18766,1.18007,1.18304,212470500.4885
2017-12-06,1.18305,1.1848,1.17806,1.18039,210894957.0311
2017-12-07,1.1804,1.18146,1.17713,1.17725,199774040.2833
2017-12-08,1.17726,1.17744,1.17301,1.1772,197008109.8634
2017-12-10,1.1772,1.1772,1.17636,1.17675,5048230.1025
2017-12-11,1.17675,1.18117,1.17639,1.17762,191002509.76590002
2017-12-12,1.17762,1.17926,1.17174,1.17422,189870120.6054
2017-12-13,1.17423,1.18404,1.17294,1.18361,220791030.51749998
2017-12-14,1.18361,1.18625,1.17645,1.17745,241295331.543
2017-12-15,1.17745,1.18123,1.17488,1.17492,200470338.8673
2017-12-17,1.17492,1.17509,1.17377,1.17432,8501300.048799999
2017-12-18,1.17432,1.18342,1.1742,1.17837,199837208.9844
2017-12-19,1.17837,1.18487,1.17764,1.18369,207806679.9318
2017-12-20,1.18368,1.19017,1.18289,1.18776,198896220.2149
2017-12-21,1.18776,1.18895,1.18493,1.18521,187995499.7561
2017-12-22,1.18521,1.1864,1.18169,1.18607,178403750.2444
2017-12-24,1.18607,1.18607,1.1844,1.18505,198100.0061
2017-12-25,1.18505,1.18766,1.18429,1.1871,9768090.1489
2017-12-26,1.18712,1.18787,1.18465,1.18571,105017760.0099
2017-12-27,1.1857,1.19102,1.1855,1.19002,180147877.6856
2017-12-28,1.19001,1.19589,1.1897,1.19394,175111258.0569
2017-12-29,1.19395,1.20254,1.19369,1.19985,171777131.1036
2018-01-01,1.19985,1.20166,1.19985,1.20106,8573220.2149
2018-01-02,1.20105,1.20811,1.20078,1.20614,197155909.9123
2018-01-03,1.20614,1.20638,1.20011,1.20107,194931659.9123
2018-01-04,1.20108,1.20889,1.20044,1.20664,210213429.9316
2018-01-05,1.20663,1.20829,1.20205,1.20304,189702349.6095
2018-01-07,1.20304,1.20389,1.20259,1.2037,5754060.0586
2018-01-08,1.20371,1.20521,1.1956,1.19698,183382039.3069
2018-01-09,1.19698,1.19755,1.19156,1.19284,205626349.8536
2018-01-10,1.19282,1.20179,1.19231,1.19558,253338210.6936
2018-01-11,1.19557,1.20589,1.19291,1.20427,246792647.461
2018-01-12,1.20427,1.22184,1.20401,1.21993,276488109.3754
2018-01-14,1.21993,1.22117,1.21908,1.21919,7288699.9512
2018-01-15,1.2192,1.22964,1.21876,1.22665,231018857.1777
2018-01-16,1.22666,1.22828,1.21952,1.22707,262608371.0937
2018-01-17,1.22707,1.23231,1.2165,1.21802,289569592.2855
2018-01-18,1.21804,1.22648,1.21734,1.2234,254020749.26749998
2018-01-19,1.2234,1.22953,1.22145,1.22145,252174530.2736
2018-01-21,1.22145,1.22726,1.22145,1.2256,9384160.1563
2018-01-22,1.22559,1.2267,1.22138,1.22562,233047961.9143
2018-01-23,1.22564,1.23152,1.2223,1.23086,257732129.3948
2018-01-24,1.23087,1.24149,1.2292,1.23923,296230293.457
2018-01-25,1.23921,1.25373,1.23639,1.23914,367825890.8691
2018-01-26,1.23914,1.24936,1.23861,1.24283,317662383.7893
2018-01-28,1.24283,1.24312,1.24128,1.24312,9490520.263700001
2018-01-29,1.24311,1.24322,1.23367,1.23809,283884988.2816
2018-01-30,1.2381,1.24538,1.2335,1.24084,300948101.0744
2018-01-31,1.24084,1.24748,1.23868,1.24168,321338950.6838
2018-02-01,1.24168,1.25229,1.23854,1.25105,298223149.9024
2018-02-02,1.25107,1.25182,1.24092,1.24559,299589697.7541
2018-02-04,1.24559,1.24559,1.24243,1.24462,13303750.4883
2018-02-05,1.24462,1.24748,1.23626,1.23666,319407328.8574
2018-02-06,1.23667,1.24343,1.23138,1.23803,414817146.97290003
2018-02-07,1.23803,1.24055,1.22459,1.227,316532560.547
2018-02-08,1.22699,1.22948,1.2212,1.22606,366027221.4357
2018-02-09,1.22607,1.22873,1.22054,1.2251,320626817.3829
2018-02-11,1.2251,1.22524,1.22418,1.22522,8102540.0391
2018-02-12,1.22523,1.23071,1.2235,1.23004,246655709.10680002
2018-02-13,1.23009,1.2371,1.22844,1.23536,257680148.9259
2018-02-14,1.23537,1.24695,1.22758,1.24681,301226320.5568
2018-02-15,1.24682,1.25103,1.24478,1.25027,289094151.8556
2018-02-16,1.25027,1.25553,1.23931,1.24041,285733020.9962
2018-02-18,1.24041,1.24204,1.24014,1.24117,6402689.941400001
2018-02-19,1.24117,1.24349,1.2369,1.24002,193454451.1721
2018-02-20,1.24001,1.24106,1.23199,1.23353,266378270.2637
2018-02-21,1.23352,1.23598,1.22734,1.22804,280812538.3302
2018-02-22,1.22805,1.2352,1.22597,1.23256,262317420.1661
2018-02-23,1.23256,1.23316,1.22798,1.22937,219908940.4298
2018-02-25,1.22937,1.22947,1.22809,1.22883,6659239.9903
2018-02-26,1.22883,1.2355,1.22776,1.23149,224911299.0726
2018-02-27,1.23149,1.23462,1.22216,1.22259,249965869.385
2018-02-28,1.22258,1.22412,1.21878,1.21915,254894873.53530002
2018-03-01,1.21915,1.22747,1.21546,1.2271,281951821.2893
2018-03-02,1.22709,1.23358,1.22514,1.23186,264913088.8675
2018-03-04,1.23186,1.23641,1.22995,1.23176,17418120.117200002
2018-03-05,1.23176,1.23487,1.22688,1.23365,247128582.7637
2018-03-06,1.23365,1.24287,1.23281,1.24155,250087619.385
2018-03-07,1.24154,1.2445,1.23847,1.24122,269820531.7384
2018-03-08,1.24122,1.2446,1.22979,1.23067,270455457.7638
2018-03-09,1.2307,1.23342,1.2273,1.23041,264422700.1956
2018-03-11,1.23041,1.23133,1.23041,1.23084,8653859.9853
2018-03-12,1.23083,1.23455,1.22903,1.23384,205139668.94550002
2018-03-13,1.23383,1.24074,1.23145,1.23928,249276168.7011
2018-03-14,1.23928,1.24125,1.23471,1.23747,220999618.4083
2018-03-15,1.23746,1.23836,1.23001,1.23062,225221710.2053
2018-03-16,1.23061,1.2336,1.22602,1.22889,196011370.1174
2018-03-18,1.22889,1.22919,1.22799,1.22807,7730920.0439
2018-03-19,1.22807,1.23586,1.22579,1.23365,229503280.7619
2018-03-20,1.23365,1.23545,1.22399,1.22482,237447988.0375
2018-03-21,1.22483,1.23499,1.22467,1.23463,260896962.4026
2018-03-22,1.23464,1.23884,1.22855,1.23239,287729218.75
2018-03-23,1.23239,1.23733,1.23166,1.23522,250785892.5783
2018-03-25,1.23522,1.23673,1.2347,1.23541,8129810.0586
2018-03-26,1.23541,1.24615,1.23517,1.24572,266398960.9375
2018-03-27,1.2457,1.24765,1.23723,1.24087,311755953.369
2018-03-28,1.24086,1.24215,1.23001,1.23125,268466779.7854
2018-03-29,1.23124,1.23352,1.22838,1.23018,243556139.4044
2018-03-30,1.23018,1.23305,1.22898,1.232,76608220.5809
2018-04-01,1.232,1.2323,1.23124,1.23125,7856410.0647
2018-04-02,1.23127,1.23449,1.2282,1.22931,156721080.3224
2018-04-03,1.22931,1.23352,1.22537,1.22781,226872319.8245
2018-04-04,1.22781,1.23145,1.2257,1.22872,233257357.6663
2018-04-05,1.22873,1.22901,1.22182,1.22485,230162881.1037
2018-04-06,1.22489,1.22907,1.22151,1.22792,264556110.3517
2018-04-08,1.22792,1.22833,1.22656,1.22709,9185649.9023
2018-04-09,1.22709,1.23308,1.22602,1.23206,246667270.7524
2018-04-10,1.23206,1.23776,1.23027,1.23627,265899441.8946
2018-04-11,1.23627,1.23964,1.2347,1.23719,301237129.2725
2018-04-12,1.23719,1.23797,1.22993,1.23295,245799351.9289
2018-04-13,1.23293,1.23458,1.2307,1.23282,206969569.3359
2018-04-15,1.23282,1.23366,1.23231,1.23316,6422260.0097
2018-04-16,1.23316,1.23945,1.23242,1.23837,214910330.5666
2018-04-17,1.23837,1.24136,1.23362,1.23724,219237321.2889
2018-04-18,1.23724,1.23971,1.23418,1.23785,233803527.58830002
2018-04-19,1.23786,1.24001,1.2329,1.2343,237982720.70340002
2018-04-20,1.2343,1.23529,1.22499,1.22846,205993068.3597
2018-04-22,1.22846,1.2288,1.22699,1.22737,10516450.073199999
2018-04-23,1.22738,1.22894,1.21977,1.22092,244260422.6076
2018-04-24,1.22094,1.22448,1.21817,1.22372,225410971.3136
2018-04-25,1.22372,1.22372,1.21599,1.21706,230369809.3263
2018-04-26,1.21707,1.22099,1.20962,1.21081,255335221.1917
2018-04-27,1.21081,1.21327,1.20556,1.21291,209457427.7344
2018-04-29,1.21291,1.21291,1.21188,1.21226,8343540.1611
2018-04-30,1.21226,1.21386,1.20643,1.20815,230675361.8165
2018-05-01,1.20815,1.20828,1.19814,1.1991,208487779.05310002
2018-05-02,1.19912,1.20316,1.19378,1.19504,272080229.9805
2018-05-03,1.19504,1.20087,1.19479,1.19886,262257219.2384
2018-05-04,1.19886,1.19954,1.19107,1.1955,207802219.9709
2018-05-06,1.1955,1.1964,1.19545,1.19545,6517229.9804
2018-05-07,1.19544,1.19779,1.18975,1.19331,200538611.0839
2018-05-08,1.19331,1.19387,1.1838,1.18671,238088828.0032
2018-05-09,1.18673,1.18969,1.18227,1.18467,239571161.3771
2018-05-10,1.18465,1.19463,1.1844,1.19137,264411639.8928
2018-05-11,1.19137,1.19678,1.18911,1.19395,216401947.99809998
2018-05-13,1.19395,1.19555,1.19379,1.19524,9086369.873100001
2018-05-14,1.19524,1.19959,1.19231,1.19309,247308500.00010002
2018-05-15,1.1931,1.19384,1.18168,1.18203,259227836.9143
2018-05-16,1.18205,1.18541,1.17635,1.18146,278499786.1329
2018-05-17,1.18146,1.18373,1.17765,1.179,297010262.2071
2018-05-18,1.179,1.18221,1.17498,1.17689,228028888.1839
2018-05-20,1.17689,1.17756,1.17603,1.17651,10193609.8633
2018-05-21,1.17651,1.17973,1.17165,1.17899,229934440.186
2018-05-22,1.17899,1.18296,1.17567,1.17878,255255806.6407
2018-05-23,1.1788,1.17889,1.16758,1.17091,311289122.5588
2018-05-24,1.17092,1.17501,1.16906,1.17219,284713180.908
2018-05-25,1.1722,1.17335,1.16455,1.16478,257274130.3712
2018-05-27,1.16478,1.1692,1.16478,1.16884,14555719.7266
2018-05-28,1.16886,1.17283,1.16073,1.16261,208792659.4238
2018-05-29,1.16264,1.16394,1.15099,1.15375,333584152.8323
2018-05-30,1.15375,1.16759,1.15186,1.16646,317803579.1018
2018-05-31,1.16646,1.17243,1.1641,1.16922,288710686.5237
2018-06-01,1.16922,1.17178,1.1617,1.16584,260814921.387
2018-06-03,1.16584,1.16689,1.16561,1.16672,6526260.0098
2018-06-04,1.1667,1.17444,1.1667,1.17,244045481.6896
2018-06-05,1.17,1.17324,1.16525,1.17261,255717200.4397
2018-06-06,1.17263,1.17956,1.17139,1.17813,245152491.6995
2018-06-07,1.17812,1.18398,1.1781,1.17931,247115461.42610002
2018-06-08,1.17931,1.18103,1.17271,1.17666,236194869.6291
2018-06-10,1.17666,1.17857,1.17666,1.17845,6645119.8730999995
2018-06-11,1.17845,1.18205,1.17715,1.17725,207873408.2033
2018-06-12,1.17726,1.18088,1.17334,1.17475,236702719.4823
2018-06-13,1.17475,1.18047,1.17254,1.18032,240726730.4689
2018-06-14,1.1803,1.18516,1.15607,1.15633,288776290.7716
2018-06-15,1.15629,1.16269,1.15432,1.16059,249091201.172
2018-06-17,1.16059,1.16059,1.1586,1.1593,8992430.1758
2018-06-18,1.1593,1.1641,1.15653,1.16298,215886421.387
2018-06-19,1.16297,1.16445,1.15307,1.15881,273936477.2951
2018-06-20,1.15882,1.15999,1.15365,1.15773,246503859.8632
2018-06-21,1.15774,1.16334,1.15082,1.16043,289165090.8204
2018-06-22,1.16043,1.16749,1.16005,1.16561,251501290.5272
2018-06-24,1.16561,1.16728,1.16561,1.166,13863450.1953
2018-06-25,1.16603,1.1713,1.16286,1.17009,262553420.1662
2018-06-26,1.17009,1.17203,1.16348,1.16493,284540062.0119
2018-06-27,1.16493,1.1672,1.15407,1.15629,334885430.6643
2018-06-28,1.15628,1.16005,1.15271,1.15634,288568988.7697
2018-06-29,1.15634,1.16902,1.15632,1.16847,286305248.0471
2018-07-01,1.16847,1.169,1.16616,1.16786,16543699.951200001
2018-07-02,1.16778,1.16789,1.15911,1.16415,242756449.9512
2018-07-03,1.16413,1.16731,1.16204,1.16589,248250299.8049
2018-07-04,1.16587,1.16817,1.16305,1.16601,194700091.7972
2018-07-05,1.16602,1.17201,1.165,1.16918,265512708.2519
2018-07-06,1.16919,1.17676,1.168,1.17444,231725019.5312
2018-07-08,1.17444,1.17541,1.17387,1.17517,12503080.078200001
2018-07-09,1.17514,1.17906,1.17326,1.1756,238514071.5333
2018-07-10,1.1756,1.17624,1.16901,1.17279,240910980.9572
2018-07-11,1.17279,1.1758,1.16653,1.16749,280838231.9339
2018-07-12,1.16749,1.16955,1.16497,1.16638,245254647.461
2018-07-13,1.16637,1.16868,1.16129,1.16843,229295897.4609
2018-07-15,1.16843,1.16912,1.1677,1.16783,8986739.9902
2018-07-16,1.16783,1.17253,1.16756,1.1709,234071252.1972
2018-07-17,1.1709,1.17446,1.16484,1.1653,266361699.2189
2018-07-18,1.16536,1.16648,1.16019,1.16449,258028428.9551
2018-07-19,1.16449,1.16785,1.15748,1.16544,313041270.0198
2018-07-20,1.16547,1.17387,1.16262,1.17196,306314661.6212
2018-07-22,1.17196,1.17453,1.17196,1.17403,13401230.2246
2018-07-23,1.17404,1.17497,1.16836,1.16934,247690500.73250002
2018-07-24,1.16934,1.17168,1.16545,1.16845,247134810.0587
2018-07-25,1.16846,1.17387,1.1664,1.17379,260995298.82819998
2018-07-26,1.17379,1.17436,1.16379,1.16437,254430959.9612
2018-07-27,1.16436,1.16642,1.16203,1.16559,215431629.8827
2018-07-29,1.16559,1.16604,1.16525,1.16591,7267500.1219999995
2018-07-30,1.16591,1.17186,1.16479,1.17071,194144949.7071
2018-07-31,1.17071,1.17458,1.16838,1.1689,229884967.2856
2018-08-01,1.1689,1.16994,1.16572,1.16631,229051600.5861
2018-08-02,1.16632,1.16675,1.15816,1.1585,229159429.9318
2018-08-03,1.15851,1.16105,1.15603,1.1567,233864819.8245
2018-08-05,1.1567,1.15705,1.15601,1.15615,9090089.8438
2018-08-06,1.15615,1.15702,1.153,1.15579,205637130.1273
2018-08-07,1.1558,1.16082,1.15515,1.16029,208332007.5686
2018-08-08,1.16029,1.16281,1.15732,1.16092,205556908.6919
2018-08-09,1.16092,1.16192,1.15162,1.1524,227591138.4276
2018-08-10,1.15239,1.15363,1.13881,1.1409,287052199.7073
2018-08-12,1.1409,1.14115,1.13708,1.13946,14119980.2247
2018-08-13,1.13948,1.14328,1.13649,1.14004,266613338.13480002
2018-08-14,1.14004,1.14294,1.13302,1.13466,256380898.4375
2018-08-15,1.13466,1.13548,1.13009,1.13416,246675189.4534
2018-08-16,1.13416,1.14091,1.13357,1.13718,244651730.469
2018-08-17,1.13719,1.14448,1.13663,1.14379,205910879.15060002
2018-08-19,1.14379,1.14399,1.14353,1.14378,6480640.0757
2018-08-20,1.14379,1.14931,1.13942,1.14918,221939248.2912
2018-08-21,1.14918,1.16011,1.14854,1.15759,262909360.5957
2018-08-22,1.15761,1.16229,1.15531,1.15857,228376809.0824
2018-08-23,1.15857,1.15906,1.15298,1.15419,228104283.6917
2018-08-24,1.15419,1.16397,1.15381,1.16205,225871768.0668
2018-08-26,1.16205,1.16534,1.1614,1.16451,8815770.0196
2018-08-27,1.1645,1.16935,1.15943,1.1684,204865940.1856
2018-08-28,1.16842,1.17334,1.16625,1.16932,237164068.7258
2018-08-29,1.16932,1.17106,1.1652,1.17093,235416110.1074
2018-08-30,1.17094,1.17181,1.16417,1.16654,238798728.2717
2018-08-31,1.16654,1.16901,1.15845,1.15997,234403459.4725
2018-09-02,1.15997,1.16037,1.15926,1.1598,7132980.1025
2018-09-03,1.15979,1.16278,1.15889,1.16138,163896620.1782
2018-09-04,1.16139,1.16141,1.15301,1.15871,219100599.36560002
2018-09-05,1.15872,1.164,1.15425,1.16344,260146540.6496
2018-09-06,1.16346,1.16592,1.16055,1.16198,233894800.2933
2018-09-07,1.162,1.16495,1.15506,1.1552,231931568.3596
2018-09-09,1.1552,1.15608,1.15474,1.15607,6051750.1221
2018-09-10,1.15605,1.16161,1.1526,1.15935,195406750.2444
2018-09-11,1.15935,1.16441,1.15654,1.15955,211081377.8078
2018-09-12,1.15954,1.16496,1.15699,1.16253,231822670.4103
2018-09-13,1.16253,1.17009,1.16091,1.16911,222189730.4689
2018-09-14,1.16912,1.17215,1.16206,1.16227,205084938.7208
2018-09-16,1.16227,1.16322,1.16219,1.16234,6214109.9853
2018-09-17,1.16234,1.16981,1.1618,1.16685,187743170.4106
2018-09-18,1.16686,1.17243,1.16521,1.16775,225014819.8244
2018-09-19,1.16777,1.17149,1.165,1.1674,228799498.7797
2018-09-20,1.16738,1.17845,1.16719,1.17755,241614120.3615
2018-09-21,1.17756,1.18027,1.17327,1.17473,199892350.8301
2018-09-23,1.17473,1.17522,1.17378,1.17485,7622449.951099999
2018-09-24,1.17483,1.18153,1.17241,1.17523,203649252.9299
2018-09-25,1.17525,1.17925,1.1731,1.17628,210535349.2432
2018-09-26,1.17629,1.17976,1.17259,1.17469,215615601.5625
2018-09-27,1.17469,1.17571,1.16331,1.1636,269085479.4924
2018-09-28,1.1636,1.16511,1.15698,1.16019,223588291.9923
2018-09-30,1.16019,1.16173,1.16019,1.16052,6585480.102600001
2018-10-01,1.16052,1.16246,1.15635,1.15769,203564400.635
2018-10-02,1.1577,1.15802,1.15052,1.15503,242329278.6867
2018-10-03,1.15503,1.15936,1.14645,1.14764,263688798.3403
2018-10-04,1.14765,1.15426,1.14633,1.15173,230818881.8362
2018-10-05,1.15173,1.15495,1.14838,1.15174,225535158.9355
2018-10-07,1.15174,1.15275,1.15174,1.15238,7581410.0341
2018-10-08,1.15238,1.15296,1.14599,1.14941,186998590.6984
2018-10-09,1.14941,1.15087,1.14321,1.15046,256529220.459
2018-10-10,1.15046,1.15452,1.14798,1.1533,238184179.1996
2018-10-11,1.1533,1.15994,1.15311,1.159,290556980.7129
2018-10-12,1.15899,1.16104,1.15343,1.15571,228332938.2324
2018-10-14,1.15571,1.15571,1.15369,1.15504,9901029.7851
2018-10-15,1.15505,1.16061,1.1543,1.15828,213659910.6446
2018-10-16,1.15828,1.16212,1.1566,1.15762,216750808.5939
2018-10-17,1.15763,1.15803,1.14953,1.15011,242886659.66820002
2018-10-18,1.15012,1.15272,1.14492,1.14539,249737808.8379
2018-10-19,1.14539,1.15345,1.14331,1.15142,240374900.3905
2018-10-21,1.15142,1.15179,1.15084,1.15105,8602630.1269
2018-10-22,1.15106,1.15501,1.14557,1.14646,223824750.73229998
2018-10-23,1.14646,1.14934,1.14392,1.14706,261417048.82819998
2018-10-24,1.14706,1.14766,1.13789,1.13988,259360059.5706
2018-10-25,1.13987,1.14326,1.13561,1.13753,246924380.6152
2018-10-26,1.13753,1.14209,1.13355,1.14021,257994200.19550002
2018-10-28,1.14021,1.14038,1.13921,1.1398,7206650.1465
2018-10-29,1.1398,1.14163,1.13606,1.13755,244321549.1945
2018-10-30,1.13756,1.13877,1.13404,1.13453,216733781.2502
2018-10-31,1.13452,1.13601,1.1302,1.13145,238968731.2012
2018-11-01,1.13146,1.14241,1.13126,1.14027,256706608.2762
2018-11-02,1.14028,1.14557,1.13722,1.1386,231809250.977
2018-11-04,1.1386,1.13993,1.1386,1.13976,10993589.8437
2018-11-05,1.13975,1.14239,1.1353,1.14083,214827938.9649
2018-11-06,1.14083,1.14417,1.13913,1.1441,227445921.14270002
2018-11-07,1.1441,1.14995,1.13947,1.14325,299458550.7814
2018-11-08,1.14325,1.14465,1.13515,1.13679,253817371.8264
2018-11-09,1.13678,1.13689,1.13161,1.13342,240480628.9065
2018-11-11,1.13342,1.13342,1.13137,1.13237,11790200.1953
2018-11-12,1.13239,1.13305,1.12156,1.12235,236134619.8732
2018-11-13,1.12235,1.13212,1.12218,1.13109,343142918.45710003
2018-11-14,1.13111,1.13475,1.12632,1.13121,291523050.049
2018-11-15,1.13121,1.13622,1.12705,1.13243,291819581.7872
2018-11-16,1.13244,1.14202,1.13216,1.14185,245949231.9339
2018-11-18,1.14185,1.14211,1.14061,1.14136,10798529.7852
2018-11-19,1.14135,1.14644,1.13938,1.1454,204704431.1526
2018-11-20,1.1454,1.14723,1.13587,1.13721,239103986.8165
2018-11-21,1.1372,1.14245,1.13656,1.13884,234284059.8145
2018-11-22,1.13885,1.1434,1.13853,1.14026,170538890.8691
2018-11-23,1.14027,1.14209,1.13275,1.13355,336333588.3789
2018-11-25,1.13355,1.13407,1.13305,1.13374,9716540.038999999
2018-11-26,1.13374,1.13837,1.1325,1.13331,228041950.1954
2018-11-27,1.13331,1.13436,1.12775,1.12969,245549260.7423
2018-11-28,1.1297,1.13875,1.12671,1.13674,266362710.2052
2018-11-29,1.13674,1.14016,1.13486,1.13924,264739709.7169
2018-11-30,1.13924,1.14003,1.13054,1.13164,252452740.2345
2018-12-02,1.13164,1.13502,1.13164,1.13421,11397259.765700001
2018-12-03,1.13422,1.13796,1.13192,1.13541,243990207.7637
2018-12-04,1.13541,1.14187,1.13185,1.13424,284073950.4396
2018-12-05,1.13425,1.13612,1.13107,1.13487,197094851.0744
2018-12-06,1.13487,1.14123,1.13209,1.13758,280059149.6584
2018-12-07,1.13758,1.14235,1.13603,1.13758,242705178.22300002
2018-12-09,1.13758,1.14067,1.13758,1.13995,9642330.0781
2018-12-10,1.13996,1.14426,1.13504,1.13558,256937581.54320002
2018-12-11,1.13559,1.14002,1.13062,1.13216,261593609.7416
2018-12-12,1.13215,1.13872,1.13148,1.13725,264787650.879
2018-12-13,1.13725,1.13932,1.1331,1.1363,251050247.5585
2018-12-14,1.1363,1.13649,1.12699,1.13045,255950840.8204
2018-12-16,1.13045,1.13083,1.12967,1.13041,12067699.8291
2018-12-17,1.13043,1.13577,1.13027,1.13493,213611749.1457
2018-12-18,1.13495,1.14022,1.13366,1.13758,250202429.6879
2018-12-19,1.13756,1.14392,1.13643,1.13865,396079858.8869
2018-12-20,1.13865,1.14859,1.13771,1.14565,521394277.8322
2018-12-21,1.14566,1.14739,1.13559,1.13684,457889438.9653
2018-12-23,1.13684,1.13738,1.13604,1.13723,9257120.1172
2018-12-24,1.13723,1.14384,1.13705,1.13995,364501909.3934
2018-12-25,1.13998,1.14198,1.13892,1.14131,19137879.9439
2018-12-26,1.14132,1.14163,1.13428,1.13601,261304718.7501
2018-12-27,1.13602,1.1454,1.1358,1.14304,556935816.6507
2018-12-28,1.14306,1.14727,1.14299,1.14414,444843930.1758
2018-12-30,1.14414,1.14414,1.14331,1.14389,9853809.692400001
2018-12-31,1.14389,1.14674,1.14213,1.14627,306212979.4925
2019-01-01,1.14627,1.14676,1.14566,1.14612,11818899.902400002
2019-01-02,1.14612,1.14967,1.13092,1.13121,455444646.4848
2019-01-03,1.13122,1.1411,1.13099,1.13899,494514203.1251
2019-01-04,1.13901,1.14189,1.13456,1.13943,403754388.1839
2019-01-06,1.13943,1.14129,1.13943,1.14102,12460949.706999999
2019-01-07,1.14102,1.14826,1.14046,1.14789,362818630.8596
2019-01-08,1.1479,1.14844,1.14222,1.14572,373028308.3498
2019-01-09,1.14573,1.15578,1.14389,1.15541,464484839.3558
2019-01-10,1.15541,1.15697,1.14844,1.15081,501643206.5435
2019-01-11,1.15082,1.15403,1.1458,1.14656,369059288.08640003
2019-01-13,1.14656,1.14685,1.14583,1.14597,8476819.8242
2019-01-14,1.14598,1.1482,1.14506,1.14726,347342138.672
2019-01-15,1.14727,1.14896,1.13819,1.14141,427916259.27750003
2019-01-16,1.1414,1.14248,1.13777,1.13994,373027390.1368
2019-01-17,1.13994,1.14059,1.137,1.1392,380918005.8598
2019-01-18,1.1392,1.14103,1.13532,1.13614,383249312.9885
2019-01-20,1.13614,1.1368,1.13602,1.1365,7081870.1172
2019-01-21,1.13651,1.1391,1.13567,1.13688,237382037.9638
2019-01-22,1.13687,1.13739,1.13361,1.13633,365964557.8615
2019-01-23,1.13634,1.13942,1.13505,1.13861,378517613.2816
2019-01-24,1.13861,1.13913,1.12892,1.13126,436798047.36370003
2019-01-25,1.13127,1.14176,1.13049,1.14032,421710479.4922
2019-01-27,1.14032,1.14134,1.14004,1.14127,7595099.853499999
2019-01-28,1.14127,1.14436,1.139,1.14294,354877889.1603
2019-01-29,1.14295,1.14501,1.14111,1.14348,424913426.75810003
2019-01-30,1.14348,1.15016,1.14062,1.14853,431876780.2738
2019-01-31,1.14852,1.15141,1.14356,1.14482,477127387.4515
2019-02-01,1.14482,1.14884,1.14343,1.14547,398191537.59790003
2019-02-03,1.14547,1.14581,1.14503,1.14543,6497219.9706999995
2019-02-04,1.14543,1.14603,1.14244,1.14349,367141984.3753
2019-02-05,1.14348,1.14404,1.14011,1.14087,331771979.2482
2019-02-06,1.14087,1.14091,1.13608,1.13656,350166090.3321
2019-02-07,1.13655,1.13675,1.13244,1.13382,375756237.0607
2019-02-08,1.13382,1.13508,1.13207,1.13207,330732809.0822
2019-02-10,1.13207,1.13248,1.13148,1.13237,8475739.9903
2019-02-11,1.13239,1.13298,1.12672,1.12785,378811618.164
2019-02-12,1.12785,1.13396,1.12577,1.13336,404102658.20350003
2019-02-13,1.13336,1.13414,1.1249,1.12646,380532411.1328
2019-02-14,1.12646,1.13098,1.12498,1.12947,416725562.2559
2019-02-15,1.12946,1.13061,1.1234,1.12925,428528339.844
2019-02-17,1.12925,1.12959,1.12889,1.12948,8065099.8535
2019-02-18,1.12948,1.13338,1.12937,1.13114,264432361.4503
2019-02-19,1.13115,1.13574,1.12755,1.13399,408625023.9261
2019-02-20,1.13399,1.13711,1.13249,1.13461,393154511.2307
2019-02-21,1.13461,1.13663,1.13202,1.13398,444394710.2053
2019-02-22,1.13399,1.13556,1.13161,1.13319,385471662.59790003
2019-02-24,1.13319,1.13421,1.13281,1.1342,10788869.8731
2019-02-25,1.13421,1.13675,1.13367,1.13647,368447760.4982
2019-02-26,1.13647,1.14027,1.1345,1.1393,417596303.4669
2019-02-27,1.13931,1.14036,1.13622,1.13795,422988348.3889
2019-02-28,1.13796,1.14197,1.13595,1.1373,457608479.9807
2019-03-01,1.13731,1.14085,1.13533,1.13633,405553750.0001
2019-03-03,1.13633,1.13826,1.13633,1.13749,10698119.873100001
2019-03-04,1.13749,1.1375,1.1309,1.13362,406415666.74840003
2019-03-05,1.13363,1.13384,1.12895,1.1306,394725236.8167
2019-03-06,1.13059,1.13245,1.12855,1.13129,322848107.9103
2019-03-07,1.1313,1.13202,1.11764,1.1198,390830397.7051
2019-03-08,1.1198,1.12461,1.11852,1.12311,374351014.1603
2019-03-10,1.12311,1.12374,1.12304,1.12315,7755259.887599999
2019-03-11,1.12315,1.12738,1.12217,1.12591,323944165.7716
2019-03-12,1.1259,1.13049,1.12492,1.12865,320871930.9082
2019-03-13,1.12864,1.13385,1.12773,1.13303,305061059.5707
2019-03-14,1.13304,1.13361,1.1294,1.13064,328504859.3752
2019-03-15,1.13066,1.13443,1.13,1.1324,289446958.0079
2019-03-17,1.1324,1.13277,1.13189,1.13192,6321370.1172
2019-03-18,1.13193,1.13589,1.13192,1.1336,256610221.4356
2019-03-19,1.1336,1.13615,1.13336,1.13542,272290760.7424
2019-03-20,1.13543,1.1448,1.13354,1.14284,367710747.0706
2019-03-21,1.14282,1.14373,1.13425,1.13737,355410419.4338
2019-03-22,1.13737,1.13905,1.12732,1.13004,402377665.0393
2019-03-24,1.13004,1.13011,1.12883,1.12955,8383660.1562
2019-03-25,1.12956,1.13314,1.12889,1.13151,341816039.06270003
2019-03-26,1.13152,1.13259,1.12632,1.12738,336568139.1606
2019-03-27,1.12737,1.12855,1.12421,1.12521,422556429.4436
2019-03-28,1.12518,1.12612,1.12135,1.12298,426452203.3696
2019-03-29,1.12297,1.12466,1.12098,1.12179,424280361.3284
2019-03-31,1.12179,1.12312,1.12179,1.12231,10782180.0537
2019-04-01,1.12231,1.12498,1.11984,1.12049,414214388.1836
2019-04-02,1.12049,1.1216,1.11836,1.12032,437698170.1663
2019-04-03,1.12032,1.12547,1.12019,1.12446,464945670.8988
2019-04-04,1.12447,1.12475,1.12059,1.12222,382615912.1097
2019-04-05,1.12222,1.12472,1.12099,1.12142,331661327.1486
2019-04-07,1.12142,1.12213,1.12118,1.12181,7693849.9756000005
2019-04-08,1.12181,1.12744,1.12148,1.12555,386557539.0629
2019-04-09,1.12557,1.12842,1.12554,1.12655,384052249.0238
2019-04-10,1.12654,1.12876,1.12294,1.12758,433096784.9127
2019-04-11,1.12759,1.12873,1.12498,1.12601,382614600.3424
2019-04-12,1.12602,1.13239,1.12572,1.12976,401664292.969
2019-04-14,1.12976,1.13072,1.12976,1.13028,10414880.2491
2019-04-15,1.13029,1.13209,1.12975,1.13043,376604970.9475
2019-04-16,1.13044,1.13139,1.12788,1.12845,478236741.9437
2019-04-17,1.12845,1.13237,1.12813,1.12965,394230748.0473
2019-04-18,1.12964,1.13039,1.12261,1.12349,411987188.72110003
2019-04-19,1.12349,1.12476,1.12323,1.12408,106163800.04890001
2019-04-21,1.12408,1.12452,1.12373,1.1244,6034609.863299999
2019-04-22,1.1244,1.1262,1.12357,1.12584,184842333.6182
2019-04-23,1.12585,1.12612,1.11921,1.12237,366794083.252
2019-04-24,1.12239,1.12241,1.11406,1.11533,396092930.9084
2019-04-25,1.11534,1.11623,1.11178,1.11353,346843262.20710003
2019-04-26,1.11353,1.11739,1.11111,1.11429,341314089.3555
2019-04-28,1.11429,1.11516,1.11429,1.11494,8087260.1319
2019-04-29,1.11494,1.11869,1.1145,1.11848,285596440.0638
2019-04-30,1.11847,1.1229,1.11757,1.12157,320017571.0448
2019-05-01,1.12157,1.12647,1.1187,1.12024,243803102.1729
2019-05-02,1.12023,1.1219,1.11707,1.11729,302647880.3711
2019-05-03,1.11728,1.12047,1.1135,1.12007,332884167.9691
2019-05-05,1.12007,1.12007,1.11672,1.11846,20415489.7461
2019-05-06,1.11846,1.12092,1.1179,1.1201,307459679.6879
2019-05-07,1.12011,1.12178,1.11666,1.11895,342101759.522
2019-05-08,1.11893,1.12136,1.11827,1.11977,370041220.9475
2019-05-09,1.11977,1.12509,1.11734,1.12184,410143578.8576
2019-05-10,1.12185,1.12536,1.12177,1.12329,366677170.41040003
2019-05-12,1.12329,1.12408,1.12299,1.12357,10570269.7754
2019-05-13,1.12358,1.12635,1.12191,1.1232,330177510.7422
2019-05-14,1.1232,1.12439,1.12011,1.12032,312740973.0226
2019-05-15,1.12031,1.12245,1.11779,1.12068,344234020.7522
2019-05-16,1.12069,1.12238,1.11662,1.11731,330368440.674
2019-05-17,1.1173,1.11841,1.11551,1.11563,348250184.082
2019-05-19,1.11563,1.11666,1.11563,1.11646,9331109.9853
2019-05-20,1.11646,1.11748,1.11506,1.11673,305009749.2678
2019-05-21,1.11673,1.1188,1.11419,1.11643,333000609.8635
2019-05-22,1.11643,1.11802,1.11485,1.11552,286002508.7892
2019-05-23,1.11553,1.11875,1.1107,1.11841,368229422.3635
2019-05-24,1.11841,1.12121,1.11771,1.12043,308644010.9865
2019-05-26,1.12043,1.12116,1.12043,1.12068,8195249.878
2019-05-27,1.12067,1.12151,1.11869,1.11934,192217218.384
2019-05-28,1.11933,1.11983,1.11592,1.11681,306191001.22110003
2019-05-29,1.11682,1.11724,1.11243,1.11366,354138318.1155
2019-05-30,1.11365,1.11433,1.1116,1.11295,300563140.7472
2019-05-31,1.11295,1.11797,1.11251,1.11678,412709278.0764
2019-06-02,1.11678,1.11741,1.11607,1.11736,11255420.166
2019-06-03,1.11736,1.12619,1.11601,1.12457,373774798.34000003
2019-06-04,1.12458,1.12774,1.12267,1.12536,410688753.5405
2019-06-05,1.12535,1.13065,1.122,1.12286,399166207.0314
2019-06-06,1.12286,1.1309,1.12008,1.12755,363147411.1329
2019-06-07,1.12756,1.13477,1.12512,1.13334,347017204.5898
2019-06-09,1.13334,1.13334,1.13143,1.1319,10583680.0537
2019-06-10,1.1319,1.13243,1.12902,1.13179,319896622.31450003
2019-06-11,1.13179,1.13374,1.13013,1.13295,358230830.9328
2019-06-12,1.13295,1.13434,1.12824,1.12924,374913307.8615
2019-06-13,1.12924,1.13037,1.12683,1.12795,353159979.4925
2019-06-14,1.12794,1.12891,1.12024,1.1205,344535572.7538
2019-06-16,1.1205,1.12172,1.1205,1.12155,9786540.0391
2019-06-17,1.12155,1.1247,1.12037,1.12242,244337513.3057
2019-06-18,1.12244,1.12428,1.11813,1.11978,389080992.4318
2019-06-19,1.11978,1.12542,1.11871,1.12357,323580769.287
2019-06-20,1.12357,1.13173,1.12351,1.12943,428182488.7696
2019-06-21,1.12943,1.13777,1.1283,1.13679,407208452.637
2019-06-23,1.13679,1.13852,1.13662,1.1385,12484909.851100001
2019-06-24,1.1385,1.14039,1.13725,1.13991,295616599.1212
2019-06-25,1.13993,1.14119,1.13442,1.13681,392497922.1196
2019-06-26,1.1368,1.13913,1.13474,1.13735,341519759.7656
2019-06-27,1.13734,1.13814,1.13477,1.13711,305256391.1136
2019-06-28,1.13711,1.13933,1.13506,1.13681,276363550.2932
2019-06-30,1.13681,1.1371,1.13581,1.13601,12054489.746100001
2019-07-01,1.13601,1.1364,1.12801,1.12868,303828381.3478
2019-07-02,1.12868,1.13215,1.12751,1.12904,265697289.55089998
2019-07-03,1.12904,1.13123,1.12686,1.12873,261437468.445
2019-07-04,1.12873,1.12951,1.12731,1.12853,139704709.77830002
2019-07-05,1.12853,1.1286,1.12073,1.12235,258051897.70520002
2019-07-07,1.12235,1.12291,1.12215,1.12267,8220180.2368
2019-07-08,1.12267,1.12344,1.12069,1.12151,213395131.1036
2019-07-09,1.1215,1.12187,1.11933,1.12043,215624121.8874
2019-07-10,1.12043,1.12643,1.12018,1.12583,278478649.1702
2019-07-11,1.12585,1.12857,1.12451,1.12498,283354651.36730003
2019-07-12,1.12498,1.12748,1.12381,1.12698,253368790.5276
2019-07-14,1.12698,1.12744,1.12626,1.1271,7055789.9169
2019-07-15,1.12711,1.12838,1.12532,1.12597,213580349.36540002
2019-07-16,1.12598,1.12634,1.12018,1.12116,259555021.6066
2019-07-17,1.12117,1.12335,1.11997,1.12273,224769239.136
2019-07-18,1.12273,1.1282,1.12051,1.1261,316722341.1867
2019-07-19,1.12608,1.12683,1.12033,1.12192,282446400.8793
2019-07-21,1.12192,1.12197,1.1214,1.12175,9741040.1612
2019-07-22,1.12175,1.12253,1.12037,1.12042,227157251.8312
2019-07-23,1.12042,1.1208,1.11457,1.11508,268169289.9172
2019-07-24,1.11508,1.11558,1.11269,1.11419,271736041.5042
2019-07-25,1.1142,1.11877,1.11013,1.11448,359874929.3215
2019-07-26,1.11447,1.11509,1.1112,1.11247,260348669.922
2019-07-28,1.11247,1.11325,1.11223,1.11295,5727459.899900001
2019-07-29,1.11295,1.11509,1.11128,1.11423,232842479.24830002
2019-07-30,1.11424,1.1161,1.11321,1.11568,277029620.6055
2019-07-31,1.11568,1.1162,1.106,1.10715,355194806.1525
2019-08-01,1.10715,1.10958,1.10268,1.10788,467627952.6367
2019-08-02,1.10789,1.11164,1.10696,1.11057,464104974.1213
2019-08-04,1.11057,1.11138,1.11033,1.11075,12836589.8438
2019-08-05,1.11079,1.12453,1.11064,1.12418,476043985.1079
2019-08-06,1.12418,1.12497,1.11675,1.12054,417917678.9554
2019-08-07,1.12053,1.12417,1.11791,1.12039,451342672.1194
2019-08-08,1.12038,1.12323,1.11769,1.11861,340913949.7073
2019-08-09,1.11861,1.12229,1.11833,1.11969,284956789.5509
2019-08-11,1.11969,1.1208,1.11967,1.12073,7072960.022
2019-08-12,1.12074,1.12306,1.11619,1.12162,319337139.8928
2019-08-13,1.12162,1.12285,1.11698,1.11764,377049540.0394
2019-08-14,1.11764,1.11908,1.11305,1.11428,345279320.6789
2019-08-15,1.11428,1.11583,1.10913,1.11103,416591318.7257
2019-08-16,1.11105,1.11113,1.10662,1.10899,239920667.9686
2019-08-18,1.10899,1.1101,1.10895,1.10919,7217029.7851
2019-08-19,1.10918,1.11137,1.1076,1.10814,198728519.8976
2019-08-20,1.10816,1.11066,1.10655,1.10972,202915288.8185
2019-08-21,1.1097,1.1107,1.10804,1.10901,170929510.3147
2019-08-22,1.10903,1.1113,1.10635,1.10836,215750560.18060002
2019-08-23,1.10835,1.11532,1.10516,1.1136,234770320.3128
2019-08-25,1.1136,1.11639,1.1136,1.11433,15735240.2344
2019-08-26,1.11433,1.11529,1.10942,1.11013,276142361.3284
2019-08-27,1.11012,1.11159,1.10855,1.10893,211976968.7498
2019-08-28,1.10894,1.10978,1.10733,1.10855,211311001.5871
2019-08-29,1.10856,1.1093,1.10419,1.10589,208781848.6329
2019-08-30,1.10589,1.10599,1.09632,1.0988,165279299.6828
2019-09-01,1.0988,1.09962,1.09831,1.09904,3345289.9781
2019-09-02,1.09903,1.09931,1.0958,1.09641,46117499.9086
2019-09-03,1.09641,1.09786,1.0926,1.09725,134828674.6218
2019-09-04,1.09725,1.10383,1.09715,1.10347,161293588.0735
2019-09-05,1.10346,1.10847,1.10166,1.1034,173375175.6592
2019-09-06,1.1034,1.10572,1.10201,1.1025,155127718.5056
2019-09-08,1.1025,1.10275,1.10195,1.10201,3734599.9451
2019-09-09,1.10202,1.1068,1.10153,1.10469,134493748.047
2019-09-10,1.10469,1.10595,1.10305,1.10501,131830019.2871
2019-09-11,1.10501,1.10555,1.09851,1.10135,127663970.2758
2019-09-12,1.10134,1.10871,1.09268,1.10561,201762586.6701
2019-09-13,1.1056,1.11094,1.1056,1.10707,159524470.459
2019-09-15,1.10707,1.10863,1.10695,1.10831,5486164.978
2019-09-16,1.10831,1.10843,1.09932,1.10031,142926330.7495
2019-09-17,1.1003,1.10755,1.09901,1.10736,170443146.9727
2019-09-18,1.10737,1.10746,1.10136,1.10291,157398936.1572
2019-09-19,1.10291,1.10735,1.10229,1.10446,198730749.5117
2019-09-20,1.10444,1.10676,1.09961,1.10169,173532120.6056
2019-09-22,1.10169,1.10197,1.10106,1.10185,4660100.1283
2019-09-23,1.10185,1.10253,1.09661,1.09939,178417359.131
2019-09-24,1.09938,1.1024,1.09837,1.10135,183286270.5688
2019-09-25,1.10134,1.10168,1.09374,1.09511,196617377.4415
2019-09-26,1.09511,1.09672,1.09087,1.09222,191177027.405
2019-09-27,1.09223,1.09586,1.09046,1.09367,176770060.1808
2019-09-29,1.09367,1.09461,1.09367,1.09422,3943520.0805
2019-09-30,1.09421,1.09478,1.08847,1.08993,175540030.8838
2019-10-01,1.08992,1.09428,1.0879,1.09339,214512268.9212
2019-10-02,1.0934,1.09636,1.0904,1.09605,200581119.6291
2019-10-03,1.09604,1.09992,1.09408,1.09744,219926407.593
2019-10-04,1.09745,1.0999,1.0957,1.0976,184196858.64270002
2019-10-06,1.0976,1.09838,1.09728,1.09832,4584700.0732
2019-10-07,1.09832,1.10004,1.09619,1.09715,167536208.6185
2019-10-08,1.09716,1.09958,1.09409,1.09597,217155528.0763
2019-10-09,1.09597,1.099,1.09548,1.09842,185453055.2979
2019-10-10,1.09841,1.10337,1.09797,1.10106,230081529.5409
2019-10-11,1.10105,1.10626,1.10007,1.10329,245439881.5919
2019-10-13,1.10329,1.10385,1.1025,1.10282,6677949.8291
2019-10-14,1.10281,1.10426,1.10128,1.10259,155436670.1661
2019-10-15,1.10258,1.10459,1.09912,1.10344,223298555.7863
2019-10-16,1.10344,1.10855,1.10223,1.10737,232685870.7276
2019-10-17,1.10738,1.11398,1.1065,1.11244,223617129.3946
2019-10-18,1.11245,1.11719,1.11145,1.11703,140632059.57050002
2019-10-20,1.11703,1.11703,1.11494,1.11558,6303584.8389
2019-10-21,1.11559,1.11793,1.11386,1.11515,124245370.7277
2019-10-22,1.11517,1.11568,1.11176,1.11289,125243190.2465
2019-10-23,1.11288,1.11405,1.11061,1.11322,112972559.8755
2019-10-24,1.11322,1.11627,1.1093,1.11034,149011570.4959
2019-10-25,1.11035,1.11229,1.10729,1.1079,100730710.4493
2019-10-27,1.1079,1.1084,1.10774,1.10839,3105340.0878999997
2019-10-28,1.10839,1.11065,1.1076,1.10982,106338380.6154
2019-10-29,1.10982,1.11183,1.10735,1.1112,122552599.7315
2019-10-30,1.11119,1.11554,1.10801,1.11521,137742224.9756
2019-10-31,1.11521,1.11755,1.11314,1.11561,149061722.29050002
2019-11-01,1.11559,1.11718,1.11281,1.11641,126862160.5228
2019-11-03,1.11641,1.11696,1.11639,1.11661,1652000.0
2019-11-04,1.1166,1.11753,1.11218,1.11279,109786407.2264
2019-11-05,1.11279,1.11401,1.10635,1.10738,152011228.6379
2019-11-06,1.10739,1.10928,1.10651,1.107,124123620.9109
2019-11-07,1.10699,1.10914,1.1036,1.10523,155079140.8083
2019-11-08,1.10524,1.10554,1.10167,1.10176,116906195.679
2019-11-10,1.10176,1.10231,1.10176,1.10218,1359570.0378
2019-11-11,1.10217,1.1043,1.10163,1.10347,86681400.8788
2019-11-12,1.10347,1.10385,1.10025,1.1012,120036432.4955
2019-11-13,1.1012,1.10203,1.09953,1.10096,121193084.5338
2019-11-14,1.10096,1.10274,1.0989,1.10197,116532055.6641
2019-11-15,1.10198,1.10569,1.10145,1.10494,109547429.3213
2019-11-17,1.10494,1.10545,1.10487,1.10539,3888610.1075
2019-11-18,1.1054,1.10899,1.10533,1.10722,112908322.9983
2019-11-19,1.10721,1.10839,1.10626,1.10779,109962587.8908
2019-11-20,1.10781,1.10813,1.1053,1.10779,129488828.9794
2019-11-21,1.10779,1.10969,1.10522,1.10656,126596804.6875
2019-11-22,1.10657,1.10872,1.10143,1.10179,176378380.127
2019-11-24,1.10179,1.10225,1.10162,1.10225,3677939.9414999997
2019-11-25,1.10225,1.10321,1.10035,1.10104,115068723.2668
2019-11-26,1.10105,1.10256,1.10071,1.1022,111062375.1221
2019-11-27,1.1022,1.10222,1.09922,1.10048,117354780.64
2019-11-28,1.10049,1.10179,1.10003,1.10113,74289850.464
2019-11-29,1.10113,1.10282,1.09811,1.1015,101410545.4101
2019-12-01,1.1015,1.10269,1.1015,1.10182,2960699.9512
2019-12-02,1.10182,1.10907,1.10029,1.10761,133215335.2053
2019-12-03,1.1076,1.10934,1.1066,1.10818,129714031.00580001
2019-12-04,1.10819,1.11161,1.10666,1.10827,151487572.5101
2019-12-05,1.10824,1.1108,1.10793,1.11038,123792306.39660001
2019-12-06,1.11039,1.11097,1.10398,1.10543,120864612.91499999
2019-12-08,1.10543,1.10604,1.10543,1.10582,1990830.0170999998
2019-12-09,1.10581,1.10779,1.10533,1.10643,109027390.2588
2019-12-10,1.10642,1.10977,1.10628,1.10923,129542961.4259
2019-12-11,1.10923,1.11448,1.10701,1.11325,144933320.3128
2019-12-12,1.11326,1.11995,1.11029,1.11833,192578104.004
2019-12-13,1.11833,1.1186,1.1112,1.11174,211781336.1817
2019-12-15,1.11174,1.11309,1.11174,1.11242,4374154.9683
2019-12-16,1.11241,1.11581,1.11229,1.11355,151090557.12870002
2019-12-17,1.11355,1.11746,1.11293,1.11514,151614527.8323
2019-12-18,1.11512,1.11512,1.11105,1.11154,146608269.6535
2019-12-19,1.11154,1.11442,1.11072,1.11231,157736097.9005
2019-12-20,1.11231,1.11236,1.10662,1.10769,130731885.01
2019-12-22,1.10769,1.10813,1.10766,1.10802,2560480.0415000003
2019-12-23,1.10801,1.10958,1.10699,1.10917,108289429.44330001
2019-12-24,1.10918,1.10938,1.1069,1.10873,80970679.5503
2019-12-25,1.10873,1.10953,1.1073,1.10944,4887310.028
2019-12-26,1.10944,1.11088,1.10821,1.11012,52487633.9111
2019-12-27,1.11013,1.11883,1.10987,1.11713,124575901.7335
2019-12-29,1.11713,1.11839,1.11713,1.11813,3216499.4507
2019-12-30,1.11812,1.12207,1.11806,1.12013,130773875.1222
2019-12-31,1.12013,1.12391,1.11987,1.12076,107776560.4247
2020-01-01,1.12076,1.12218,1.12076,1.12188,1401660.0342
2020-01-02,1.12188,1.12245,1.11635,1.11708,487219122.3756
2020-01-03,1.11707,1.11798,1.11249,1.11548,177406792.8467
2020-01-05,1.11548,1.11677,1.11548,1.11604,4398099.884099999
2020-01-06,1.11603,1.12055,1.11571,1.11954,139965284.5459
2020-01-07,1.11953,1.1197,1.11335,1.1154,155594094.7265
2020-01-08,1.11539,1.11682,1.11016,1.11129,195256950.92769998
2020-01-09,1.1113,1.11204,1.10924,1.11093,142852244.9342
2020-01-10,1.11092,1.11291,1.1085,1.11165,126780231.4454
2020-01-12,1.11165,1.11209,1.11128,1.11161,1889078.0029000002
2020-01-13,1.11161,1.11469,1.11125,1.11344,121460791.8702
2020-01-14,1.11344,1.11444,1.11045,1.11275,137175021.3015
2020-01-15,1.11276,1.11634,1.11185,1.11524,149733395.0197
2020-01-16,1.11524,1.11727,1.11279,1.11368,132785064.6973
2020-01-17,1.11368,1.11425,1.10862,1.1089,123846607.3
2020-01-19,1.1089,1.10948,1.10889,1.10946,3275469.9707000004
2020-01-20,1.10946,1.11023,1.10766,1.10962,97595170.044
2020-01-21,1.10963,1.11179,1.10809,1.10851,133266431.03040001
2020-01-22,1.10851,1.10984,1.107,1.10957,134188814.087
2020-01-23,1.10956,1.11087,1.10362,1.10554,170440225.0977
2020-01-24,1.10554,1.10617,1.10195,1.10224,123758220.093
2020-01-26,1.10224,1.10343,1.10224,1.10245,10936521.4844
2020-01-27,1.10245,1.10375,1.10096,1.10193,126594611.2061
2020-01-28,1.10193,1.10252,1.09978,1.1022,122883060.4249
2020-01-29,1.1022,1.10276,1.09923,1.10138,122855779.0527
2020-01-30,1.10138,1.10393,1.10069,1.10285,143391972.7783
2020-01-31,1.10285,1.10954,1.10168,1.10944,141170569.458
2020-02-02,1.10944,1.10944,1.10813,1.1089,4187034.9121
2020-02-03,1.1089,1.1089,1.10356,1.10623,134304043.0297
2020-02-04,1.10623,1.10641,1.10328,1.10446,113725575.1958
2020-02-05,1.10449,1.10479,1.09937,1.10003,122270979.7974
2020-02-06,1.10003,1.10138,1.09644,1.09806,102177729.9804
2020-02-07,1.09809,1.09849,1.09419,1.09438,130363425.6592
2020-02-09,1.09438,1.09507,1.09419,1.09491,3793479.9805
2020-02-10,1.09491,1.09574,1.09076,1.09101,103251956.4821
2020-02-11,1.09103,1.09248,1.08913,1.09189,96173739.8987
2020-02-12,1.09187,1.09255,1.08654,1.08756,252577817.9628
2020-02-13,1.08755,1.08887,1.0834,1.08413,336729948.0593
2020-02-14,1.08415,1.08611,1.08271,1.08299,118368184.5704
2020-02-16,1.08299,1.08416,1.08299,1.08411,3465964.9658
2020-02-17,1.08411,1.08509,1.08291,1.08366,74832865.2343
2020-02-18,1.08365,1.08372,1.07854,1.07949,131588642.2118
2020-02-19,1.07949,1.08115,1.07822,1.08096,105152057.1287
2020-02-20,1.08095,1.08211,1.07778,1.07875,154014599.4874
2020-02-21,1.07875,1.08635,1.07871,1.08456,187666020.6301
2020-02-23,1.08456,1.08456,1.08132,1.08384,7690539.0625
2020-02-24,1.08385,1.0872,1.0805,1.08485,174355632.3246
2020-02-25,1.08485,1.08902,1.083,1.08797,183218090.33200002
2020-02-26,1.08796,1.09086,1.08549,1.08864,188216973.816
2020-02-27,1.08865,1.10064,1.08848,1.09963,216943116.45520002
2020-02-28,1.09964,1.1053,1.09509,1.10251,247670596.67970002
2020-03-01,1.10251,1.10739,1.10251,1.10515,7536564.0258
2020-03-02,1.10516,1.11845,1.10362,1.11443,247052447.0214
2020-03-03,1.11443,1.12134,1.10953,1.11765,214838099.7315
2020-03-04,1.11765,1.11875,1.10955,1.1138,163854065.5518
2020-03-05,1.11382,1.12447,1.11195,1.12224,194619332.8859
2020-03-06,1.12224,1.13546,1.12112,1.12804,236551747.5587
2020-03-08,1.12804,1.13963,1.12804,1.13876,17976083.557099998
2020-03-09,1.13876,1.14954,1.13559,1.13989,291479397.4609
2020-03-10,1.13989,1.14251,1.12749,1.13136,263070733.0932
2020-03-11,1.13136,1.13667,1.12501,1.12611,198250052.12420002
2020-03-12,1.12612,1.13336,1.1055,1.11823,262646922.72980002
2020-03-13,1.11822,1.12213,1.1055,1.10992,229638610.8402
2020-03-15,1.10992,1.11996,1.10705,1.1156,30714802.2461
2020-03-16,1.1156,1.12366,1.10849,1.11633,278539528.1373
2020-03-17,1.11632,1.11891,1.0955,1.1016,277084423.0351
2020-03-18,1.10161,1.10451,1.08016,1.09442,323485195.0682
2020-03-19,1.09442,1.0949,1.06542,1.06544,299824796.0206
2020-03-20,1.06543,1.08309,1.06375,1.06929,470351573.2425
2020-03-22,1.06929,1.07044,1.06357,1.06886,36030236.7249
2020-03-23,1.06886,1.08279,1.06577,1.07635,443008249.0235
2020-03-24,1.07633,1.08879,1.07457,1.07977,343182544.31159997
2020-03-25,1.07978,1.08938,1.07599,1.08884,296546448.8527
2020-03-26,1.08882,1.10589,1.08742,1.10475,281315606.9339
2020-03-27,1.10475,1.11473,1.09533,1.11379,250774621.0939
2020-03-29,1.11379,1.1144,1.11049,1.11361,8299892.5781
2020-03-30,1.11361,1.11383,1.101,1.1029,193379986.0841
2020-03-31,1.10289,1.10427,1.09265,1.10259,319580627.2586
2020-04-01,1.1026,1.10361,1.09026,1.09513,272233557.7396
2020-04-02,1.09514,1.09644,1.08206,1.0846,293209617.18770003
2020-04-03,1.08459,1.08553,1.07727,1.07955,264082254.3948
2020-04-05,1.07955,1.08214,1.07955,1.08053,23173328.4302
2020-04-06,1.08053,1.08354,1.07683,1.07988,274564578.7352
2020-04-07,1.07988,1.09263,1.07904,1.08935,281112834.6557
2020-04-08,1.08934,1.08969,1.08299,1.08599,231765494.6289
2020-04-09,1.08598,1.09516,1.08409,1.09226,263058236.5725
2020-04-10,1.09226,1.09524,1.09192,1.09326,143840995.60549998
2020-04-12,1.09326,1.09482,1.09304,1.09315,7181071.9451
2020-04-13,1.09314,1.09678,1.08926,1.09198,164628543.5792
2020-04-14,1.09197,1.09907,1.09149,1.09834,226846329.5898
2020-04-15,1.09832,1.09872,1.08564,1.09037,241939974.1823
2020-04-16,1.09036,1.09072,1.08166,1.08584,281466764.4045
2020-04-17,1.08588,1.08926,1.08119,1.08711,249748087.4025
2020-04-19,1.08711,1.08777,1.08634,1.08635,7584632.9344999995
2020-04-20,1.08635,1.08967,1.08411,1.08637,209651711.0597
2020-04-21,1.08636,1.08802,1.08165,1.08563,265105965.9425
2020-04-22,1.08563,1.08852,1.08032,1.08062,216287722.5344
2020-04-23,1.08062,1.08466,1.0756,1.07743,279998599.8537
2020-04-24,1.07743,1.08294,1.07271,1.08196,228532409.1799
2020-04-26,1.08196,1.08228,1.08146,1.08209,5396684.890799999
2020-04-27,1.08208,1.08602,1.08112,1.08245,208270577.2708
2020-04-28,1.08244,1.08884,1.08097,1.08324,211896216.0645
2020-04-29,1.08324,1.08856,1.08308,1.08772,215394319.8243
2020-04-30,1.0877,1.09726,1.0833,1.09448,291724516.6014
2020-05-01,1.09447,1.10187,1.09344,1.09777,184960018.5548
2020-05-03,1.09777,1.09777,1.09529,1.09608,10641802.4979
2020-05-04,1.09608,1.09609,1.08956,1.0903,214135935.6689
2020-05-05,1.09031,1.09258,1.08258,1.08384,236417542.7245
2020-05-06,1.08385,1.08438,1.07819,1.0798,241116201.4162
2020-05-07,1.0798,1.08408,1.07665,1.08361,233085560.1805
2020-05-08,1.0836,1.08756,1.08151,1.08371,163403397.7052
2020-05-10,1.08371,1.08395,1.08239,1.08377,8709160.3088
2020-05-11,1.08377,1.08504,1.08005,1.08093,212806216.5529
2020-05-12,1.08093,1.08851,1.07843,1.08454,207027483.2764
2020-05-13,1.08455,1.08965,1.08116,1.0821,228996498.2911
2020-05-14,1.0821,1.08239,1.07748,1.0806,213993200.3173
2020-05-15,1.08061,1.08509,1.07888,1.08183,198840122.0703
2020-05-17,1.08183,1.08231,1.08067,1.08186,6917030.975400001
2020-05-18,1.08186,1.0927,1.07999,1.09139,204151863.03710002
2020-05-19,1.09138,1.09759,1.09021,1.0926,247821059.8146
2020-05-20,1.09262,1.09989,1.09262,1.09796,211258439.6974
2020-05-21,1.09794,1.10083,1.09371,1.0949,175874292.1146
2020-05-22,1.09491,1.09535,1.08852,1.0898,156656809.3261
2020-05-24,1.0898,1.09083,1.08951,1.09079,4079339.9354
2020-05-25,1.0908,1.09144,1.08706,1.09016,98775988.5254
2020-05-26,1.09015,1.09957,1.08969,1.09784,207536281.00620002
2020-05-27,1.09785,1.10307,1.0934,1.10166,319490546.3868
2020-05-28,1.10165,1.10934,1.09916,1.10779,231205205.0782
2020-05-29,1.10778,1.11451,1.10698,1.11036,373017449.2189
2020-05-31,1.11036,1.11195,1.11023,1.11156,9217483.398400001
2020-06-01,1.11155,1.1154,1.11004,1.11251,240616061.7679
2020-06-02,1.11252,1.11959,1.11151,1.11851,276683454.7122
2020-06-03,1.1185,1.12577,1.11795,1.12349,242084619.9952
2020-06-04,1.1235,1.13623,1.11947,1.13354,275772817.383
2020-06-05,1.13357,1.13836,1.12784,1.12911,263541622.07050002
2020-06-07,1.12911,1.13198,1.12911,1.1316,6413017.1509
2020-06-08,1.1316,1.13185,1.12682,1.1304,199303512.5731
2020-06-09,1.1304,1.13638,1.12409,1.1332,237762343.75
2020-06-10,1.1332,1.14224,1.13219,1.13667,252826741.6382
2020-06-11,1.13668,1.14036,1.1287,1.12879,306096309.0825
2020-06-12,1.12881,1.13405,1.12125,1.1255,296425742.4319
2020-06-14,1.1255,1.12582,1.12262,1.12515,17507604.8889
2020-06-15,1.12516,1.1338,1.12267,1.13375,281658119.1408
2020-06-16,1.13376,1.13532,1.12278,1.12648,237631654.541
2020-06-17,1.12649,1.12939,1.12068,1.12419,248307179.4436
2020-06-18,1.12419,1.12613,1.11854,1.12076,234913471.4358
2020-06-19,1.12075,1.12542,1.1168,1.11759,232203720.9472
2020-06-21,1.11759,1.11874,1.11684,1.11766,6131224.9298
2020-06-22,1.11766,1.12809,1.11737,1.12776,184243802.4903
2020-06-23,1.12775,1.13486,1.1233,1.13124,233937066.1015
2020-06-24,1.13124,1.13257,1.12481,1.12499,231619329.712
2020-06-25,1.125,1.12597,1.11903,1.12179,240800363.4035
2020-06-26,1.12179,1.12393,1.11951,1.1217,162424869.87330002
2020-06-28,1.1217,1.1228,1.12149,1.12219,5271767.8833
2020-06-29,1.12219,1.12879,1.12193,1.12467,181085523.804
2020-06-30,1.12466,1.12619,1.1191,1.12335,194383571.5331
2020-07-01,1.12336,1.12751,1.11848,1.12511,189129448.8528
2020-07-02,1.12511,1.13026,1.12233,1.12372,183464493.0421
2020-07-03,1.12373,1.12518,1.12192,1.12464,140495283.9355
2020-07-05,1.12464,1.12494,1.12411,1.12466,2507875.0305000003
2020-07-06,1.12467,1.13454,1.12467,1.13123,145664620.4834
2020-07-07,1.13123,1.13325,1.12588,1.12744,162703358.8867
2020-07-08,1.12745,1.13518,1.12623,1.13372,163826262.0852
2020-07-09,1.13372,1.13706,1.12801,1.12879,195471481.0181
2020-07-10,1.12881,1.13247,1.12547,1.1299,178134690.1856
2020-07-12,1.1299,1.13173,1.1299,1.13085,5807624.8168
2020-07-13,1.13086,1.13748,1.13008,1.13447,248162663.086
2020-07-14,1.13447,1.14123,1.13251,1.14099,354217155.2736
2020-07-15,1.141,1.1452,1.1391,1.14168,303168696.9608
2020-07-16,1.14168,1.14417,1.13704,1.13878,293660724.6095
2020-07-17,1.13877,1.14436,1.13774,1.14269,168987209.4728
2020-07-19,1.14269,1.14456,1.14084,1.14421,7678563.324000001
2020-07-20,1.14421,1.14677,1.14023,1.14557,284703890.503
2020-07-21,1.14559,1.15423,1.14228,1.1535,385745030.762
2020-07-22,1.1535,1.16013,1.15068,1.15646,468570805.1759
2020-07-23,1.15647,1.16268,1.15403,1.15952,357357413.5747
2020-07-24,1.15953,1.1658,1.15812,1.16546,407293211.1818
2020-07-26,1.16546,1.16555,1.16413,1.16495,16069089.8133
2020-07-27,1.16496,1.17813,1.16494,1.17682,338699422.3635
2020-07-28,1.17681,1.17736,1.16987,1.17185,336526177.0327
2020-07-29,1.17185,1.18061,1.17139,1.17806,341900185.5473
2020-07-30,1.17809,1.18762,1.17308,1.18719,354825057.2512
2020-07-31,1.18718,1.19087,1.17617,1.17753,553539370.1175
2020-08-02,1.17753,1.17966,1.17717,1.1781,7695743.6981
2020-08-03,1.17809,1.17887,1.16959,1.17603,312773727.2343
2020-08-04,1.17603,1.18148,1.17211,1.18136,449648830.5667
2020-08-05,1.18135,1.19048,1.17992,1.1872,1039918437.7445
2020-08-06,1.18721,1.1916,1.18179,1.18752,1280256883.423
2020-08-07,1.18753,1.18818,1.17551,1.17862,430356422.4855
2020-08-09,1.17862,1.17896,1.17732,1.1781,7007450.1038
2020-08-10,1.1781,1.18006,1.17357,1.1736,299071041.0157
2020-08-11,1.1736,1.1808,1.17219,1.17347,587871119.8733
2020-08-12,1.17348,1.1817,1.1711,1.17939,625327205.0173
2020-08-13,1.17939,1.18641,1.17934,1.18155,453052603.5465
2020-08-14,1.18153,1.18503,1.17817,1.18414,329642937.0117
2020-08-16,1.18414,1.18528,1.18324,1.18518,3805850.3875
2020-08-17,1.18518,1.18809,1.18286,1.18745,302891148.2548
2020-08-18,1.18745,1.19656,1.18742,1.19464,326668826.3553
2020-08-19,1.19463,1.19526,1.18302,1.18437,530337462.4023
2020-08-20,1.1844,1.18711,1.18019,1.18695,426169537.2012
2020-08-21,1.18694,1.18828,1.17541,1.17949,382701145.2638
2020-08-23,1.17949,1.18065,1.17911,1.17981,6345941.6503
2020-08-24,1.17981,1.18495,1.17841,1.17934,214786515.8082
2020-08-25,1.17934,1.18435,1.17841,1.18339,421864804.6268
2020-08-26,1.1834,1.18406,1.17721,1.184,274338527.7099
2020-08-27,1.18403,1.19018,1.17623,1.18205,467429654.2665
2020-08-28,1.18205,1.19197,1.18109,1.19018,567104014.0382
2020-08-30,1.19018,1.19202,1.18996,1.19171,8330427.1545
2020-08-31,1.1917,1.1966,1.1884,1.19367,995787628.9675
2020-09-01,1.19368,1.20113,1.19013,1.19226,376195290.2072
2020-09-02,1.19224,1.19239,1.18221,1.18457,739082468.5366
2020-09-03,1.18458,1.18646,1.17889,1.18412,892492089.429
2020-09-04,1.18413,1.18654,1.17809,1.18371,952444740.9541
2020-09-06,1.18371,1.18469,1.18319,1.18342,15545362.416499998
2020-09-07,1.18342,1.18486,1.18116,1.18188,471436874.50790006
2020-09-08,1.18187,1.18273,1.1757,1.17667,908454107.6214
2020-09-09,1.17667,1.18339,1.17527,1.18037,842865563.1287
2020-09-10,1.18035,1.19175,1.18004,1.18234,1083338913.5872
2020-09-11,1.18237,1.18741,1.18237,1.18453,905062640.6306
